case_id,victim_name,sex,age,incident_date,year,beat,status,callback_phone
CC-10018,"Ramirez, V",M,20,1994-01-18,1994,550,CLOSED,214-555-3181
CC-10023,"Flores, V",M,31,1982-09-15,1982,555,CLOSED,214-555-8510
CC-10032,"Martin, S",M,9,2012-01-25,2012,217,CLOSED,214-555-5128
CC-10034,"Thompson, P",M,21,1992-06-14,1992,625,CLOSED,214-555-8464
CC-10074,"Ramos, L",M,25,2014-11-11,2014,553,CLOSED,214-555-1527
CC-10100,"Robinson, R",M,37,2007-07-29,2007,150,CLOSED,214-555-9967
CC-10101,"Martinez, D",M,29,2012-04-05,2012,555,CLOSED,214-555-4213
CC-10162,"Sanchez, J",M,33,2011-06-29,2011,,OPEN,
CC-10183,"Navarro, R",M,34,2016-09-18,2016,651,CLOSED,
CC-10185,"Johnson, W",M,14,1985-05-24,1985,241,CLOSED,214-555-6511
CC-10187,"Fields, M",M,46,1984-10-26,1984,315,CLOSED,
CC-10190,"Malone, H",M,13,2024-12-12,2024,133,OPEN,
CC-10234,"Ramirez, D",M,22,2013-01-02,2013,457,CLOSED,214-555-8506
CC-10240,"Guerrero, D",M,41,1989-02-05,1989,256,CLOSED,214-555-6561
CC-10246,"Baker, K",F,45,2021-11-20,2021,246,OPEN,214-555-7870
CC-10256,"Howard, B",M,43,2024-03-16,2024,550,OPEN,214-555-5265
CC-10289,"Parker, C",M,44,2005-10-07,2005,501,CLOSED,214-555-6478
CC-10297,"Adams, C",M,52,2008-05-14,2008,741,OPEN,214-555-6984
CC-10310,"Dixon, L",M,34,1986-05-28,1986,150,CLOSED,214-555-3305
CC-10313,"James, R",M,28,2015-10-29,2015,439,CLOSED,214-555-6149
CC-10323,"Walker, V",M,40,1989-09-23,1989,409,CLOSED,214-555-3811
CC-10336,"Grant, K",F,23,2024-12-06,2024,553,OPEN,
CC-10360,"Hall, C",F,46,1990-09-06,1990,256,OPEN,
CC-10406,"Douglas, N",M,20,1983-09-20,1983,241,CLOSED,214-555-4850
CC-10425,"Simmons, S",M,61,2008-05-01,2008,326,CLOSED,214-555-4190
CC-10441,"Trammell, P",M,28,1996-05-25,1996,521,OPEN,214-555-2331
CC-10446,"Smith, W",F,34,2012-06-20,2012,326,CLOSED,214-555-1157
CC-10472,"Ross, G",M,25,2021-05-08,2021,629,OPEN,
CC-10475,"Ward, N",F,48,1981-12-18,1981,315,OPEN,
CC-10490,"Martin, C",M,,1988-04-26,1988,256,CLOSED,214-555-6443
CC-10536,"Marsh, K",M,24,2011-10-07,2011,326,CLOSED,
CC-10538,"Vargas, R",M,,1995-12-10,1995,750,OPEN,214-555-5945
CC-10541,"Woods, T",F,37,1997-11-12,1997,216,CLOSED,214-555-5578
CC-10542,"Bryant, F",M,24,1988-03-31,1988,438,OPEN,214-555-9038
CC-10561,"Ford, F",M,,2003-12-29,2003,754,CLOSED,214-555-5249
CC-10572,"Simmons, V",M,29,1994-02-28,1994,521,CLOSED,214-555-1889
CC-10576,"Mccoy, A",M,32,2025-05-06,2025,526,OPEN,
CC-10685,"Graham, J",M,32,1992-03-08,1992,750,CLOSED,
CC-10698,"Guerrero, A",M,33,2000-01-07,2000,754,CLOSED,214-555-3237
CC-10723,"Owens, T",M,19,2025-06-14,2025,430,CLOSED,214-555-3539
CC-10742,"Murphy, E",M,52,2000-02-04,2000,439,CLOSED,214-555-7157
CC-10778,"Spencer, D",M,28,2023-08-13,2023,234,OPEN,
CC-10819,"Trammell, S",M,42,1989-05-27,1989,410,CLOSED,
CC-10820,"Ruiz, N",M,25,1995-02-14,1995,420,CLOSED,
CC-10883,"Fields, B",F,17,2024-12-06,2024,303,OPEN,
CC-10900,"Jordan, V",F,16,2003-03-30,2003,217,CLOSED,214-555-9683
CC-10925,"Howard, D",U,43,1998-08-02,1998,256,CLOSED,
CC-10938,"Jordan, R",M,54,1993-05-03,1993,217,CLOSED,214-555-3692
CC-11011,"Bryant, H",F,21,1989-02-01,1989,526,CLOSED,
CC-11019,"Brooks, L",M,25,1993-08-28,1993,629,OPEN,214-555-0565
CC-11042,"Booker, A",M,33,1989-01-25,1989,521,OPEN,
CC-11051,"Coleman, J",M,43,1999-02-26,1999,328,CLOSED,214-555-6106
CC-11064,"Dixon, N",F,14,1991-12-30,1991,517,OPEN,214-555-3705
CC-11094,"Trammell, F",M,17,2017-10-22,2017,409,CLOSED,214-555-3479
CC-11117,"Caldwell, N",U,39,1983-03-18,1983,354,CLOSED,
CC-11119,"Ortiz, T",M,6,2018-02-07,2018,354,OPEN,214-555-5385
CC-11123,"Sanchez, J",M,31,2007-02-11,2007,219,CLOSED,
CC-11135,"Chavez, K",M,57,2016-12-02,2016,501,CLOSED,214-555-3011
CC-11141,"Webb, J",M,0,2012-06-25,2012,234,CLOSED,214-555-9442
CC-11163,"Turner, S",M,23,2010-06-08,2010,713,CLOSED,214-555-5152
CC-11178,"Herrera, A",F,13,2014-12-12,2014,303,CLOSED,
CC-11181,"Wallace, R",M,34,1984-01-08,1984,152,CLOSED,214-555-2586
CC-11182,"Ramos, S",M,28,1983-07-28,1983,629,CLOSED,214-555-3653
CC-11189,"Green, M",M,46,1998-10-10,1998,517,OPEN,214-555-6865
CC-11205,"Perez, P",M,18,2003-03-13,2003,241,CLOSED,
CC-11212,"Graham, W",F,47,1992-02-07,1992,501,CLOSED,214-555-1803
CC-11223,"Murphy, E",M,26,1998-08-28,1998,553,OPEN,
CC-11230,"Collins, J",M,51,1999-05-24,1999,526,CLOSED,214-555-1421
CC-11271,"Mitchell, R",F,59,1982-08-26,1982,217,CLOSED,
CC-11292,"Ford, V",M,19,2017-11-29,2017,,OPEN,214-555-1785
CC-11319,"Reed, H",F,25,1994-02-22,1994,242,CLOSED,214-555-3106
CC-11331,"Hayes, V",M,43,1988-03-12,1988,130,CLOSED,214-555-6287
CC-11335,"Wells, B",M,38,1983-08-03,1983,521,OPEN,
CC-11337,"Howard, M",F,15,2013-12-11,2013,430,OPEN,214-555-6926
CC-11389,"Fuentes, A",M,,1993-02-19,1993,526,CLOSED,214-555-3565
CC-11424,"Mccoy, D",M,41,2024-04-07,2024,410,OPEN,
CC-11438,"Ford, D",M,28,1990-07-02,1990,133,CLOSED,
CC-11457,"Johnson, R",M,16,2023-09-23,2023,152,CLOSED,
CC-11478,"Bell, E",M,53,2000-05-17,2000,526,CLOSED,
CC-11479,"Graham, T",M,35,2024-02-19,2024,338,OPEN,
CC-11486,"Espinoza, R",F,14,2020-03-12,2020,612,CLOSED,214-555-6971
CC-11499,"Lewis, J",F,37,2001-02-13,2001,629,OPEN,
CC-11514,"Robinson, L",M,11,2023-10-24,2023,750,CLOSED,214-555-4080
CC-11529,"King, E",M,55,2023-04-19,2023,410,OPEN,214-555-8132
CC-11563,"Moore, P",M,41,1991-05-12,1991,624,OPEN,
CC-11577,"Carter, F",F,51,1987-05-12,1987,303,CLOSED,214-555-8969
CC-11621,"Thompson, H",M,40,2011-05-13,2011,750,CLOSED,
CC-11633,"Mccoy, C",M,4,2025-12-24,2025,702,CLOSED,214-555-9469
CC-11641,"Norris, A",M,34,1997-07-27,1997,651,CLOSED,214-555-2697
CC-11654,"Foster, M",M,32,1997-12-15,1997,242,OPEN,
CC-11664,"Fields, S",M,30,1997-10-14,1997,555,CLOSED,214-555-3331
CC-11744,"King, E",M,38,2017-05-21,2017,418,CLOSED,214-555-6238
CC-11770,"Garcia, S",M,34,1989-01-11,1989,216,CLOSED,214-555-0368
CC-11798,"Jordan, N",M,,2019-03-15,2019,153,OPEN,
CC-11813,"Graham, B",M,32,2019-08-01,2019,702,CLOSED,214-555-7723
CC-11827,"Tucker, C",U,27,2021-09-16,2021,517,OPEN,
CC-11844,"Douglas, B",M,35,1991-11-04,1991,651,CLOSED,214-555-8704
CC-11873,"Edwards, A",M,29,1996-11-04,1996,303,CLOSED,214-555-5923
CC-11882,"Robinson, H",M,17,2025-03-31,2025,215,OPEN,
CC-11915,"Mccoy, A",M,19,1982-12-04,1982,246,CLOSED,214-555-1867
CC-11958,"Ross, M",U,15,1989-02-17,1989,702,CLOSED,214-555-7517
CC-11985,"Graham, S",F,,1985-03-02,1985,519,OPEN,214-555-9803
CC-12006,"Woods, T",M,40,2011-09-15,2011,555,CLOSED,214-555-9183
CC-12023,"Fields, P",M,27,2019-11-20,2019,529,CLOSED,214-555-8584
CC-12041,"James, E",M,32,2022-06-05,2022,702,OPEN,
CC-12057,"Phillips, L",M,36,1983-03-11,1983,754,CLOSED,
CC-12077,"Thomas, V",M,37,2020-05-23,2020,133,OPEN,
CC-12093,"Hawkins, R",M,43,1985-05-05,1985,246,CLOSED,214-555-5215
CC-12114,"Garner, A",M,22,2020-04-09,2020,612,OPEN,
CC-12127,"Martinez, P",M,34,1987-10-20,1987,501,CLOSED,214-555-3411
CC-12151,"Payne, M",M,27,1984-11-23,1984,418,CLOSED,214-555-4844
CC-12189,"Jackson, D",M,30,1985-08-14,1985,328,CLOSED,
CC-12191,"Hughes, S",F,27,2015-07-19,2015,119,OPEN,
CC-12193,"Baker, V",M,25,1981-10-03,1981,741,CLOSED,
CC-12195,"Young, M",F,21,2020-07-02,2020,517,OPEN,214-555-4319
CC-12207,"Garcia, F",F,42,2020-10-05,2020,247,OPEN,214-555-1494
CC-12214,"Davis, D",F,40,1983-09-09,1983,409,CLOSED,214-555-2863
CC-12243,"Rodriguez, V",M,46,2010-12-21,2010,553,CLOSED,
CC-12267,"Ramirez, B",M,17,1998-12-01,1998,630,CLOSED,
CC-12326,"Stewart, J",M,39,2011-08-16,2011,455,OPEN,214-555-7259
CC-12331,"Holland, H",M,41,1992-12-03,1992,420,OPEN,
CC-12348,"Evans, G",M,17,1990-11-08,1990,242,CLOSED,
CC-12350,"Henderson, S",M,23,2001-02-05,2001,624,OPEN,
CC-12364,"Jackson, J",M,,1989-08-31,1989,354,CLOSED,
CC-12410,"Douglas, N",M,36,1986-05-06,1986,612,CLOSED,
CC-12441,"Reyes, N",F,,2001-12-14,2001,630,CLOSED,214-555-0808
CC-12443,"Baker, D",M,32,2010-11-15,2010,451,OPEN,214-555-8034
CC-12461,"Mitchell, D",M,44,2016-02-19,2016,219,OPEN,214-555-0615
CC-12464,"Banks, B",F,39,2009-05-24,2009,216,CLOSED,214-555-0718
CC-12466,"Lewis, V",M,,1981-06-12,1981,517,OPEN,
CC-12482,"Pruitt, F",M,29,1986-07-21,1986,354,CLOSED,
CC-12488,"Williams, J",M,31,2021-02-07,2021,121,OPEN,
CC-12508,"Fields, S",M,15,1984-03-14,1984,439,OPEN,214-555-6695
CC-12533,"Castillo, J",M,26,1984-04-12,1984,335,OPEN,214-555-7727
CC-12542,"Medina, F",M,31,2009-02-04,2009,702,OPEN,214-555-4078
CC-12566,"Lane, T",M,15,1983-12-30,1983,152,CLOSED,
CC-12592,"Wallace, M",M,32,1993-04-14,1993,121,OPEN,
CC-12648,"Hall, L",M,46,1994-11-12,1994,410,CLOSED,214-555-2011
CC-12674,"Booker, P",M,35,2011-02-08,2011,501,CLOSED,
CC-12704,"Turner, M",M,16,2022-07-14,2022,457,CLOSED,
CC-12716,"Sims, N",M,49,1983-09-02,1983,338,CLOSED,214-555-0823
CC-12741,"Watson, W",F,23,1998-05-10,1998,439,OPEN,
CC-12743,"Howard, J",M,21,1990-10-21,1990,247,CLOSED,
CC-12760,"Osei, P",M,0,1996-06-24,1996,521,OPEN,214-555-4475
CC-12775,"Harris, B",M,38,1997-11-25,1997,517,OPEN,
CC-12788,"Edwards, C",M,44,2002-03-26,2002,247,CLOSED,
CC-12789,"Nguyen, N",M,10,2025-03-07,2025,451,OPEN,
CC-12815,"Alvarez, M",M,36,1986-09-22,1986,215,CLOSED,214-555-0808
CC-12821,"Okafor, W",M,22,2006-04-19,2006,328,OPEN,
CC-12830,"Robinson, E",F,58,1993-01-06,1993,521,OPEN,
CC-12863,"Osei, H",M,26,2013-04-21,2013,133,OPEN,
CC-12870,"Lopez, G",M,31,1996-09-12,1996,439,CLOSED,214-555-8184
CC-12911,"Harris, T",M,37,2002-02-25,2002,451,CLOSED,
CC-12927,"Hayes, L",M,23,2025-05-24,2025,702,CLOSED,
CC-12976,"Flores, N",M,20,1992-11-24,1992,247,OPEN,214-555-0077
CC-12992,"Espinoza, G",M,42,1993-04-04,1993,754,CLOSED,214-555-5329
CC-13006,"Thomas, J",M,31,2018-12-19,2018,152,OPEN,
CC-13013,"Alvarez, F",M,48,2019-10-09,2019,410,CLOSED,
CC-13057,"White, C",M,6,2000-02-21,2000,517,OPEN,
CC-13059,"Espinoza, A",M,25,2011-07-22,2011,354,OPEN,214-555-7034
CC-13106,"Hayes, E",M,,2001-10-08,2001,630,CLOSED,214-555-9621
CC-13128,"Wright, F",F,18,2020-09-01,2020,410,OPEN,214-555-3815
CC-13165,"Norris, B",F,33,1984-07-05,1984,234,CLOSED,214-555-1693
CC-13173,"King, J",M,35,1991-01-08,1991,455,CLOSED,214-555-4225
CC-13184,"Gomez, L",F,25,1992-10-27,1992,553,OPEN,214-555-7584
CC-13195,"Jenkins, S",M,21,1981-09-19,1981,754,CLOSED,
CC-13210,"Thompson, E",M,13,2020-10-03,2020,303,CLOSED,
CC-13219,"Collins, S",M,0,2003-11-10,2003,215,CLOSED,
CC-13263,"Lane, F",U,61,2005-03-25,2005,241,CLOSED,
CC-13271,"Ramirez, E",M,59,2025-01-05,2025,208,OPEN,
CC-13320,"Foster, M",M,14,2024-11-05,2024,157,OPEN,214-555-6072
CC-13349,"Okafor, T",F,42,2001-09-01,2001,202,CLOSED,214-555-0353
CC-13369,"King, E",M,39,1986-02-23,1986,631,OPEN,214-555-1283
CC-13370,"Mitchell, F",F,26,2022-05-18,2022,553,OPEN,
CC-13385,"Rivera, B",M,20,1987-12-01,1987,630,CLOSED,214-555-2321
CC-13401,"Thomas, L",M,56,2020-07-14,2020,133,OPEN,
CC-13404,"Espinoza, V",M,41,1984-05-29,1984,152,CLOSED,
CC-13487,"Perry, B",M,23,1983-12-02,1983,328,CLOSED,214-555-2866
CC-13504,"Spencer, V",F,24,2008-05-01,2008,241,OPEN,214-555-1847
CC-13510,"Stewart, H",M,20,1988-03-06,1988,625,CLOSED,
CC-13527,"Mitchell, T",F,18,1996-06-14,1996,451,OPEN,
CC-13561,"Morales, E",F,24,2024-12-24,2024,754,CLOSED,214-555-5127
CC-13576,"Wallace, M",M,47,2024-04-26,2024,,OPEN,214-555-7199
CC-13606,"Ramirez, D",F,28,1999-06-10,1999,418,OPEN,214-555-1668
CC-13626,"White, D",M,35,2019-01-28,2019,,CLOSED,
CC-13634,"Flores, E",M,,2013-09-05,2013,130,OPEN,
CC-13661,"Lopez, P",M,,2016-02-29,2016,216,CLOSED,214-555-4755
CC-13704,"Howard, R",M,25,2012-03-05,2012,121,CLOSED,
CC-13717,"Vargas, A",M,5,1994-06-28,1994,157,CLOSED,
CC-13765,"Bell, G",M,17,2016-04-05,2016,429,CLOSED,214-555-0944
CC-13781,"Woods, M",M,39,1988-11-21,1988,409,OPEN,
CC-13804,"Scott, A",M,30,2022-08-03,2022,219,CLOSED,214-555-5973
CC-13807,"Wallace, M",M,39,1986-10-24,1986,234,CLOSED,214-555-5691
CC-13811,"Alvarez, B",M,35,2023-07-29,2023,550,CLOSED,214-555-1121
CC-13825,"Hughes, H",M,34,2012-03-16,2012,420,OPEN,
CC-13859,"Owens, H",M,,2000-05-05,2000,625,CLOSED,
CC-13865,"Henderson, N",M,42,1992-08-12,1992,256,CLOSED,
CC-13868,"Turner, T",M,21,1989-02-10,1989,256,CLOSED,
CC-13915,"Woods, R",M,40,2005-10-02,2005,354,CLOSED,
CC-13932,"Tate, K",M,37,2001-10-10,2001,,CLOSED,
CC-13933,"Alvarez, W",M,38,2010-03-01,2010,517,OPEN,214-555-1469
CC-13935,"Guerrero, R",M,,1992-07-23,1992,328,OPEN,214-555-4982
CC-13960,"Grant, G",F,25,1987-03-11,1987,247,OPEN,
CC-14042,"Carter, L",M,17,1995-08-06,1995,519,CLOSED,214-555-4719
CC-14048,"Brooks, N",M,47,1990-09-26,1990,630,OPEN,214-555-5847
CC-14059,"Spencer, K",M,26,2004-08-20,2004,121,CLOSED,214-555-5137
CC-14069,"Carter, A",F,20,2004-02-29,2004,625,OPEN,214-555-0829
CC-14076,"Lopez, V",M,45,1997-02-08,1997,217,CLOSED,
CC-14123,"Carter, N",F,15,2004-05-18,2004,217,CLOSED,
CC-14124,"Spencer, V",M,24,2006-05-08,2006,741,CLOSED,214-555-4878
CC-14187,"Collins, R",M,25,2020-06-18,2020,519,OPEN,214-555-0803
CC-14195,"Wallace, F",M,9,1982-08-12,1982,234,CLOSED,
CC-14199,"Sullivan, V",F,43,1984-12-02,1984,457,CLOSED,214-555-7857
CC-14229,"Perez, T",M,21,1991-01-16,1991,555,CLOSED,214-555-3044
CC-14233,"Ramirez, G",M,38,2011-07-26,2011,439,CLOSED,214-555-7317
CC-14283,"Thomas, L",M,58,2008-01-29,2008,130,OPEN,
CC-14289,"Martin, H",M,34,2025-09-09,2025,234,OPEN,
CC-14299,"Edwards, R",M,,1989-04-01,1989,526,CLOSED,
CC-14316,"Medina, P",M,21,1995-03-29,1995,420,CLOSED,214-555-7277
CC-14350,"Alvarez, P",F,41,2000-04-16,2000,,CLOSED,214-555-4685
CC-14352,"Payne, P",M,65,1998-06-21,1998,326,OPEN,214-555-1827
CC-14365,"Perry, D",F,62,2022-06-10,2022,246,OPEN,
CC-14430,"Brooks, D",M,29,2017-12-12,2017,702,OPEN,214-555-0546
CC-14432,"Foster, C",M,45,1986-07-12,1986,242,OPEN,214-555-3851
CC-14442,"Guerrero, D",F,27,1988-09-02,1988,359,CLOSED,214-555-2641
CC-14448,"Turner, L",M,26,1991-12-09,1991,215,OPEN,
CC-14475,"Trammell, N",M,34,2025-05-11,2025,741,OPEN,
CC-14491,"Wallace, P",M,33,1996-08-16,1996,215,CLOSED,
CC-14494,"Carter, T",F,18,2017-09-25,2017,217,OPEN,
CC-14495,"Ford, R",M,35,1989-08-16,1989,630,CLOSED,
CC-14497,"Jenkins, V",M,40,1994-07-02,1994,519,CLOSED,214-555-1832
CC-14502,"Herrera, L",M,,1991-02-12,1991,242,CLOSED,
CC-14566,"Torres, R",M,56,2016-05-09,2016,418,CLOSED,214-555-3970
CC-14590,"Norris, K",M,21,2018-04-09,2018,651,CLOSED,214-555-4412
CC-14593,"Navarro, A",M,24,2007-08-21,2007,153,OPEN,214-555-1104
CC-14608,"Williams, E",F,,2005-09-05,2005,717,OPEN,
CC-14620,"Gibson, C",M,45,1994-01-17,1994,651,OPEN,214-555-1446
CC-14623,"Dixon, C",F,39,1997-07-29,1997,152,CLOSED,214-555-3263
CC-14625,"Espinoza, R",M,53,1981-04-25,1981,555,CLOSED,
CC-14721,"Alvarez, L",M,40,2004-04-27,2004,517,OPEN,
CC-14731,"Mendoza, C",M,38,2013-05-20,2013,328,CLOSED,
CC-14736,"Sanchez, F",F,38,1999-02-19,1999,153,CLOSED,214-555-9610
CC-14776,"Herrera, A",M,,2006-07-20,2006,215,CLOSED,214-555-4081
CC-14778,"Spencer, R",F,27,2004-06-05,2004,612,CLOSED,
CC-14804,"Gibson, R",F,34,1996-10-27,1996,338,OPEN,
CC-14810,"Mitchell, R",M,17,2010-01-23,2010,741,CLOSED,214-555-7177
CC-14837,"Smith, J",M,26,2013-05-13,2013,717,CLOSED,
CC-14843,"Banks, J",M,43,2012-08-19,2012,505,OPEN,214-555-4483
CC-14844,"Robinson, A",M,46,1992-04-21,1992,409,CLOSED,
CC-14860,"Parker, V",M,46,2022-06-30,2022,354,CLOSED,
CC-14880,"Hayes, K",M,33,2025-05-06,2025,152,CLOSED,214-555-3645
CC-14881,"Flores, G",M,31,2006-02-10,2006,631,OPEN,214-555-6277
CC-14911,"Phillips, V",M,24,1995-05-24,1995,455,CLOSED,214-555-2226
CC-14920,"Wells, P",M,27,1996-10-21,1996,152,CLOSED,214-555-1984
CC-14955,"Garcia, J",M,29,1985-03-22,1985,246,CLOSED,
CC-14975,"Booker, E",F,29,2019-03-16,2019,326,OPEN,
CC-15006,"Delgado, E",M,46,1987-06-25,1987,315,CLOSED,214-555-2321
CC-15029,"Herrera, S",F,23,1989-11-16,1989,420,CLOSED,214-555-9012
CC-15037,"Mitchell, S",F,17,1998-03-24,1998,521,CLOSED,214-555-7877
CC-15039,"Tate, M",F,56,1992-08-25,1992,326,CLOSED,
CC-15063,"Hall, W",M,6,2019-09-17,2019,133,CLOSED,214-555-7422
CC-15096,"Mendoza, G",M,8,2025-10-14,2025,529,OPEN,
CC-15099,"Ruiz, A",M,33,1981-02-20,1981,409,OPEN,
CC-15103,"Smith, M",M,12,2020-05-28,2020,526,OPEN,
CC-15116,"Tucker, G",F,50,1999-12-11,1999,,OPEN,214-555-2241
CC-15127,"King, W",F,26,1993-09-06,1993,651,CLOSED,214-555-0420
CC-15154,"Watson, A",M,27,2010-04-02,2010,241,OPEN,214-555-4888
CC-15157,"Lewis, N",M,21,2017-01-18,2017,412,OPEN,
CC-15163,"Woods, A",M,28,1981-12-03,1981,517,CLOSED,214-555-9631
CC-15175,"Wallace, B",M,18,2025-01-24,2025,713,CLOSED,214-555-5083
CC-15194,"Spencer, A",M,42,1992-06-25,1992,629,OPEN,214-555-2531
CC-15210,"Lopez, G",M,27,1997-11-11,1997,631,OPEN,
CC-15263,"Hawkins, F",M,38,2016-05-17,2016,457,OPEN,
CC-15282,"Hall, T",M,50,1985-10-18,1985,153,CLOSED,
CC-15283,"Banks, H",F,,1993-02-02,1993,429,OPEN,
CC-15291,"Mitchell, H",M,28,1992-03-16,1992,529,CLOSED,214-555-9841
CC-15309,"Ellis, C",M,8,2024-02-21,2024,133,OPEN,
CC-15310,"Webb, T",F,45,2012-06-03,2012,157,CLOSED,214-555-4838
CC-15325,"Harris, W",M,27,2003-10-06,2003,121,OPEN,214-555-4435
CC-15339,"Gomez, D",M,10,2011-03-01,2011,717,CLOSED,214-555-2871
CC-15361,"Gomez, G",M,17,2004-08-26,2004,157,OPEN,
CC-15429,"Mccoy, R",M,30,1993-05-05,1993,315,OPEN,214-555-2144
CC-15433,"Stewart, P",M,32,1995-09-08,1995,429,CLOSED,214-555-9986
CC-15461,"Ortiz, B",M,30,2001-12-18,2001,439,OPEN,214-555-6818
CC-15519,"Rodriguez, V",M,27,1994-01-15,1994,741,CLOSED,214-555-7858
CC-15558,"Foster, C",M,42,2005-01-31,2005,521,CLOSED,214-555-4310
CC-15599,"Alvarez, C",M,19,2022-02-22,2022,724,OPEN,
CC-15638,"Payne, E",M,44,1988-04-08,1988,451,CLOSED,214-555-5612
CC-15650,"Guerrero, R",M,38,1985-04-22,1985,121,OPEN,214-555-1876
CC-15686,"Reyes, F",M,12,1994-09-28,1994,133,CLOSED,
CC-15687,"Sanders, B",F,9,2003-07-30,2003,455,CLOSED,214-555-4948
CC-15708,"Sullivan, S",M,33,1992-02-17,1992,553,CLOSED,214-555-2342
CC-15723,"Okafor, J",M,31,2008-03-29,2008,630,OPEN,
CC-15763,"Ruiz, L",M,13,2023-07-24,2023,505,OPEN,214-555-2220
CC-15767,"Reed, G",M,44,2016-10-28,2016,702,CLOSED,
CC-15807,"Jenkins, N",F,25,2021-10-02,2021,455,OPEN,
CC-15813,"Garner, K",M,21,2019-10-19,2019,505,CLOSED,
CC-15868,"Booker, T",M,29,1986-10-25,1986,,CLOSED,
CC-15886,"Morales, K",M,62,2022-05-22,2022,133,OPEN,214-555-9662
CC-15887,"Banks, J",M,47,1999-05-23,1999,326,CLOSED,
CC-15913,"Nguyen, H",M,19,1990-10-17,1990,430,CLOSED,214-555-4909
CC-15938,"Mitchell, B",M,,2014-04-03,2014,741,OPEN,
CC-15949,"Bryant, M",M,32,2019-04-26,2019,521,OPEN,214-555-3521
CC-15960,"Long, A",U,30,1993-09-06,1993,702,CLOSED,214-555-3763
CC-15979,"Wilson, F",F,51,1981-07-27,1981,429,CLOSED,214-555-7380
CC-15989,"Flores, H",M,32,1993-12-16,1993,247,CLOSED,
CC-15991,"Stewart, G",M,26,2019-11-16,2019,457,CLOSED,214-555-7930
CC-15995,"Bell, N",M,29,2024-05-14,2024,133,CLOSED,214-555-1194
CC-16016,"Garcia, A",M,29,2019-12-15,2019,451,OPEN,
CC-16078,"Nelson, R",M,26,1992-11-16,1992,216,CLOSED,
CC-16148,"Fields, W",M,27,1991-03-10,1991,517,CLOSED,
CC-16161,"James, N",M,14,2005-03-31,2005,326,OPEN,
CC-16196,"Williams, W",M,32,1991-02-24,1991,328,CLOSED,214-555-7527
CC-16200,"Flores, C",M,44,2011-04-16,2011,741,OPEN,214-555-0388
CC-16240,"Mccoy, F",F,26,2021-10-13,2021,717,OPEN,214-555-2754
CC-16247,"Hayes, V",M,21,1996-11-16,1996,630,OPEN,214-555-6831
CC-16288,"Sullivan, B",M,12,1986-10-16,1986,150,CLOSED,214-555-7177
CC-16308,"Stewart, S",M,36,1991-04-18,1991,121,CLOSED,214-555-2325
CC-16319,"Phillips, C",M,13,1996-07-29,1996,335,CLOSED,214-555-9322
CC-16331,"Ward, W",M,,2000-10-19,2000,630,OPEN,
CC-16345,"Payne, N",M,14,1996-07-21,1996,505,CLOSED,214-555-0758
CC-16352,"Ramos, D",M,45,1982-05-18,1982,438,OPEN,
CC-16393,"Fields, R",F,16,1992-12-28,1992,256,OPEN,214-555-1772
CC-16404,"Walker, N",M,28,1990-12-09,1990,455,CLOSED,214-555-2691
CC-16440,"Phillips, H",M,,2015-10-15,2015,429,CLOSED,214-555-1042
CC-16450,"Phillips, E",M,49,2021-04-20,2021,629,CLOSED,
CC-16477,"Henderson, H",M,64,1995-10-24,1995,315,CLOSED,
CC-16490,"Dixon, N",M,41,2017-10-13,2017,420,CLOSED,214-555-3282
CC-16513,"Woods, P",M,20,1986-04-12,1986,409,CLOSED,
CC-16561,"Walker, K",M,20,1992-10-09,1992,130,OPEN,
CC-16567,"Turner, W",M,37,1993-06-19,1993,529,CLOSED,214-555-5775
CC-16617,"Sims, H",M,17,2000-07-03,2000,750,OPEN,214-555-5467
CC-16631,"Howard, W",M,5,2022-09-27,2022,409,OPEN,214-555-9328
CC-16656,"Osei, H",F,,2024-03-11,2024,217,OPEN,
CC-16701,"Sims, M",M,34,1987-02-24,1987,152,CLOSED,214-555-3792
CC-16753,"Perry, E",M,21,2016-01-02,2016,625,OPEN,214-555-9337
CC-16771,"Payne, F",M,32,1986-06-01,1986,430,CLOSED,
CC-16780,"Norris, M",F,42,1998-07-05,1998,242,CLOSED,214-555-3089
CC-16781,"Hill, F",M,30,1990-12-17,1990,612,CLOSED,214-555-7121
CC-16793,"Thompson, V",F,31,2012-05-30,2012,501,OPEN,214-555-6970
CC-16797,"Wright, F",M,19,2019-12-17,2019,354,OPEN,
CC-16801,"James, T",M,0,2019-11-29,2019,315,CLOSED,214-555-9534
CC-16805,"Foster, J",M,26,2017-10-19,2017,420,CLOSED,
CC-16815,"Nguyen, B",M,58,1990-10-05,1990,553,CLOSED,214-555-8051
CC-16843,"Osei, G",M,34,1996-05-30,1996,438,OPEN,214-555-0368
CC-16905,"Lane, H",M,32,2008-03-19,2008,246,CLOSED,214-555-8566
CC-16906,"White, R",M,22,1989-04-27,1989,505,CLOSED,214-555-1458
CC-16909,"Navarro, G",M,19,1990-05-27,1990,529,CLOSED,
CC-16941,"Mccoy, H",M,0,2003-07-21,2003,457,CLOSED,214-555-9628
CC-16952,"Flores, V",M,39,2013-07-29,2013,150,CLOSED,214-555-6258
CC-16962,"Collins, A",M,,1996-01-13,1996,625,CLOSED,214-555-3761
CC-16971,"Okafor, C",F,24,1996-01-01,1996,624,CLOSED,214-555-9157
CC-16977,"Flores, L",M,28,1994-08-23,1994,215,CLOSED,214-555-9666
CC-16979,"Norris, W",M,9,1995-03-29,1995,501,CLOSED,214-555-8593
CC-17013,"Navarro, T",M,19,1993-09-05,1993,418,CLOSED,214-555-2852
CC-17014,"Fuentes, K",M,49,2002-12-18,2002,150,CLOSED,214-555-3839
CC-17034,"Davis, A",F,30,1987-05-16,1987,455,CLOSED,214-555-2526
CC-17061,"Jackson, P",M,52,2001-06-06,2001,750,OPEN,
CC-17066,"Long, V",M,21,2013-05-05,2013,119,CLOSED,
CC-17109,"Evans, G",M,50,1991-03-28,1991,133,OPEN,214-555-5538
CC-17188,"Stewart, A",M,26,2009-01-05,2009,326,CLOSED,
CC-17193,"Ward, C",M,43,2003-01-08,2003,,OPEN,214-555-3157
CC-17206,"Guerrero, C",M,37,2015-01-31,2015,326,CLOSED,
CC-17213,"Tate, K",M,10,1990-12-10,1990,526,CLOSED,214-555-4010
CC-17227,"Harris, N",M,11,2002-12-06,2002,418,CLOSED,214-555-7565
CC-17251,"Long, A",M,38,1988-07-09,1988,,CLOSED,214-555-3398
CC-17270,"Vargas, S",M,,1987-05-08,1987,,OPEN,214-555-9243
CC-17273,"Williams, G",M,27,2007-09-04,2007,451,CLOSED,
CC-17280,"Smith, E",F,,1992-07-31,1992,553,CLOSED,
CC-17327,"Lewis, H",M,31,1984-02-10,1984,451,CLOSED,214-555-4691
CC-17333,"Ward, R",M,42,1983-12-14,1983,133,CLOSED,214-555-5246
CC-17341,"Owens, D",M,35,2015-01-22,2015,121,OPEN,214-555-2598
CC-17343,"Patterson, C",M,39,1991-05-25,1991,133,OPEN,
CC-17362,"Jackson, B",M,36,2020-09-08,2020,359,OPEN,
CC-17385,"Guerrero, W",F,32,2010-01-16,2010,754,CLOSED,214-555-0913
CC-17407,"Sanders, A",M,,2011-03-28,2011,501,CLOSED,214-555-7825
CC-17411,"Payne, A",M,32,1993-04-13,1993,717,OPEN,
CC-17426,"Turner, S",M,28,1998-04-02,1998,410,CLOSED,214-555-2331
CC-17433,"Scott, T",F,14,2010-05-19,2010,529,OPEN,
CC-17481,"Ramos, S",M,28,2022-07-04,2022,754,OPEN,214-555-0128
CC-17533,"Owens, B",M,20,2003-04-03,2003,717,CLOSED,214-555-1196
CC-17536,"Trammell, G",F,54,1997-05-19,1997,429,CLOSED,214-555-9338
CC-17558,"Henderson, W",M,52,1990-09-11,1990,303,CLOSED,214-555-8446
CC-17559,"Green, B",M,29,2024-06-06,2024,338,OPEN,
CC-17607,"Bryant, P",M,53,1990-02-05,1990,219,OPEN,214-555-2829
CC-17623,"Hughes, F",M,28,2001-12-19,2001,,CLOSED,214-555-1042
CC-17637,"Ramirez, T",M,17,2011-06-02,2011,315,CLOSED,
CC-17651,"Gomez, S",M,29,2004-10-18,2004,438,CLOSED,
CC-17658,"Evans, C",F,38,1984-01-11,1984,,CLOSED,
CC-17670,"Grant, M",M,32,2005-07-18,2005,717,CLOSED,214-555-2082
CC-17698,"Flores, P",M,35,2017-04-29,2017,247,CLOSED,214-555-1209
CC-17700,"Hughes, N",M,37,2020-03-19,2020,315,OPEN,214-555-2756
CC-17704,"Cruz, C",M,21,1984-06-06,1984,216,CLOSED,
CC-17707,"Vargas, B",F,38,2024-11-14,2024,241,OPEN,
CC-17745,"Booker, V",M,19,1995-10-19,1995,724,CLOSED,
CC-17746,"Alvarez, W",F,,2023-09-08,2023,219,CLOSED,
CC-17749,"Richardson, F",U,21,1988-10-17,1988,359,CLOSED,
CC-17768,"Okafor, P",M,7,2012-08-10,2012,418,CLOSED,214-555-1102
CC-17789,"Holland, R",F,19,1985-06-24,1985,457,CLOSED,214-555-2670
CC-17907,"Douglas, A",M,40,1994-09-30,1994,256,CLOSED,214-555-2084
CC-17908,"Rivera, R",M,31,1993-03-04,1993,702,CLOSED,214-555-0701
CC-17927,"Malone, H",M,31,2013-11-19,2013,328,OPEN,
CC-17945,"Adams, S",M,26,2009-06-03,2009,501,OPEN,
CC-17961,"Vargas, W",M,17,1986-10-28,1986,651,OPEN,
CC-17963,"James, G",M,23,2022-01-15,2022,553,OPEN,
CC-17971,"Williams, M",M,39,1984-02-10,1984,219,OPEN,214-555-2778
CC-17979,"Vargas, T",M,26,2015-06-13,2015,217,CLOSED,
CC-17986,"Osei, P",M,37,1997-12-17,1997,439,OPEN,
CC-17988,"Foster, A",M,9,1994-12-10,1994,430,OPEN,
CC-17996,"Mccoy, S",M,20,2006-01-07,2006,631,OPEN,214-555-6049
CC-18022,"Flores, F",M,15,2017-02-22,2017,256,CLOSED,214-555-3676
CC-18036,"Banks, V",M,25,1989-06-30,1989,153,CLOSED,214-555-9462
CC-18056,"Cruz, K",M,39,1990-11-03,1990,121,OPEN,
CC-18071,"Tucker, T",M,24,2011-08-01,2011,303,OPEN,214-555-6141
CC-18081,"Patterson, G",M,1,2019-04-08,2019,246,CLOSED,214-555-4128
CC-18112,"Hughes, N",M,25,2025-12-26,2025,412,CLOSED,214-555-9731
CC-18124,"Spencer, P",F,20,1989-03-24,1989,505,OPEN,214-555-5227
CC-18133,"Hill, T",M,24,1988-05-30,1988,150,CLOSED,214-555-1421
CC-18136,"Wallace, R",M,33,1998-06-14,1998,717,OPEN,
CC-18148,"Stewart, R",M,14,2021-04-14,2021,410,CLOSED,
CC-18186,"Howard, W",M,48,2020-08-06,2020,247,OPEN,214-555-2849
CC-18211,"Ross, R",F,4,1987-12-08,1987,410,CLOSED,
CC-18220,"Hall, L",M,25,2004-03-03,2004,219,CLOSED,214-555-5533
CC-18247,"Bryant, G",F,47,2006-12-05,2006,702,CLOSED,
CC-18260,"Robinson, H",M,26,1984-10-10,1984,335,CLOSED,214-555-7730
CC-18267,"Navarro, P",F,30,1988-11-22,1988,216,OPEN,
CC-18298,"Baker, S",M,48,1989-03-03,1989,629,CLOSED,214-555-8178
CC-18305,"Castillo, J",F,17,1996-05-14,1996,624,OPEN,214-555-1259
CC-18324,"Hill, D",M,45,1992-11-24,1992,246,CLOSED,214-555-9853
CC-18352,"Booker, C",F,22,2000-02-03,2000,430,CLOSED,214-555-7776
CC-18365,"Thomas, V",F,,1996-11-02,1996,455,CLOSED,214-555-8202
CC-18380,"Flores, G",F,23,2016-06-21,2016,216,CLOSED,
CC-18402,"Ellis, W",M,43,2012-07-11,2012,457,CLOSED,214-555-5174
CC-18414,"Graham, T",M,31,2007-11-05,2007,202,OPEN,214-555-6449
CC-18428,"Murphy, A",F,25,2018-12-02,2018,409,OPEN,214-555-6297
CC-18458,"Reyes, T",M,21,2022-05-26,2022,410,OPEN,
CC-18479,"Sanchez, F",M,23,2007-09-27,2007,216,CLOSED,
CC-18523,"Osei, M",M,47,1992-05-20,1992,121,CLOSED,214-555-8540
CC-18531,"Patterson, W",F,16,1981-07-15,1981,246,CLOSED,
CC-18532,"Robinson, J",M,9,2002-09-15,2002,,CLOSED,
CC-18534,"Nguyen, S",U,30,2000-03-22,2000,624,OPEN,214-555-2924
CC-18553,"Ellis, B",M,14,2020-01-16,2020,612,OPEN,214-555-4425
CC-18561,"Gomez, A",M,32,2012-06-29,2012,553,OPEN,
CC-18565,"Walker, P",M,,2008-10-13,2008,315,CLOSED,214-555-9939
CC-18575,"Carter, S",M,54,2007-03-23,2007,625,OPEN,214-555-0425
CC-18585,"Stewart, W",M,17,2008-01-27,2008,219,OPEN,214-555-7592
CC-18635,"Nelson, D",M,59,2022-03-30,2022,326,OPEN,214-555-4255
CC-18637,"Flores, V",M,14,2004-09-29,2004,750,OPEN,214-555-9869
CC-18743,"Moore, J",M,43,2016-02-04,2016,256,CLOSED,214-555-1909
CC-18776,"Herrera, E",M,14,2001-12-10,2001,438,CLOSED,
CC-18828,"Okafor, R",M,20,1985-12-01,1985,216,CLOSED,
CC-18836,"Sanchez, J",F,38,2010-06-13,2010,354,CLOSED,214-555-7019
CC-18864,"Murphy, V",M,17,1996-01-03,1996,455,CLOSED,
CC-18873,"Fields, B",F,15,2007-11-17,2007,702,OPEN,
CC-18879,"Ramirez, P",M,23,1993-07-21,1993,234,CLOSED,214-555-4213
CC-18892,"Wilson, S",M,8,1993-04-05,1993,246,CLOSED,
CC-18938,"Owens, P",M,35,1992-03-01,1992,526,CLOSED,214-555-5962
CC-18945,"Spencer, S",M,28,1994-11-08,1994,119,CLOSED,214-555-7083
CC-18946,"Wallace, L",M,45,1982-09-09,1982,550,CLOSED,
CC-18981,"Nelson, P",M,29,2015-10-02,2015,517,CLOSED,214-555-2320
CC-19081,"Adams, N",M,16,2007-11-19,2007,121,CLOSED,214-555-9697
CC-19093,"Booker, B",M,37,1987-12-31,1987,517,OPEN,
CC-19121,"Henderson, N",M,46,1998-11-08,1998,153,OPEN,
CC-19123,"Ramirez, D",M,28,1994-01-22,1994,430,CLOSED,214-555-1833
CC-19159,"Herrera, C",M,30,1987-05-27,1987,750,CLOSED,214-555-9486
CC-19189,"Rodriguez, D",M,24,2019-05-18,2019,521,OPEN,
CC-19228,"Torres, L",M,22,1997-12-20,1997,246,CLOSED,214-555-0585
CC-19271,"Hughes, N",M,18,1989-08-14,1989,410,CLOSED,214-555-8226
CC-19377,"Norris, J",M,36,1993-06-23,1993,,OPEN,
CC-19382,"Okafor, S",F,7,1998-12-08,1998,215,CLOSED,214-555-4822
CC-19385,"Smith, A",M,44,2001-11-17,2001,526,CLOSED,214-555-5762
CC-19413,"Hall, P",M,31,1993-03-01,1993,521,CLOSED,214-555-5103
CC-19431,"Caldwell, E",M,41,1985-07-10,1985,429,OPEN,
CC-19433,"Herrera, N",M,21,2025-08-28,2025,555,CLOSED,214-555-0794
CC-19435,"Howard, G",M,31,2023-05-10,2023,702,CLOSED,214-555-2056
CC-19436,"Reed, K",M,39,1988-07-07,1988,150,CLOSED,
CC-19474,"Porter, N",M,23,2000-07-13,2000,328,CLOSED,
CC-19489,"Payne, C",F,59,1989-11-04,1989,234,CLOSED,
CC-19495,"Douglas, J",M,15,2022-07-01,2022,234,OPEN,
CC-19515,"Baker, P",M,28,2011-11-14,2011,702,OPEN,214-555-3751
CC-19561,"Howard, T",M,0,2007-03-11,2007,612,OPEN,
CC-19600,"Young, H",M,34,1986-02-21,1986,202,OPEN,
CC-19610,"Jenkins, H",M,28,2025-05-10,2025,216,OPEN,
CC-19631,"Coleman, J",M,33,2019-03-10,2019,625,CLOSED,214-555-3266
CC-19634,"Ortiz, K",F,48,2024-07-28,2024,501,OPEN,
CC-19649,"Booker, G",F,19,2010-10-05,2010,410,CLOSED,
CC-19665,"King, D",M,13,2011-01-24,2011,550,OPEN,214-555-5577
CC-19700,"Rodriguez, B",F,15,1981-02-13,1981,501,CLOSED,
CC-19728,"Delgado, J",F,33,2024-11-23,2024,338,CLOSED,214-555-0314
CC-19755,"Perez, D",M,,1990-06-07,1990,750,CLOSED,
CC-19766,"Brooks, V",M,31,2010-06-26,2010,624,OPEN,
CC-19783,"Garner, E",M,40,1994-09-13,1994,130,CLOSED,214-555-0955
CC-19786,"Ford, P",M,1,1992-02-19,1992,157,OPEN,214-555-2297
CC-19821,"Bell, C",M,58,2010-10-28,2010,338,OPEN,
CC-19824,"Watson, N",M,40,1997-02-16,1997,529,CLOSED,
CC-19847,"Hill, W",M,18,1992-05-22,1992,133,CLOSED,214-555-8994
CC-19889,"Miller, G",F,24,1995-04-11,1995,121,CLOSED,214-555-9651
CC-19902,"Dixon, H",F,34,2011-01-25,2011,455,CLOSED,214-555-3269
CC-19918,"Hall, S",M,30,2008-12-10,2008,,OPEN,
CC-20033,"Patterson, V",M,11,2023-01-09,2023,741,OPEN,
CC-20034,"Evans, T",M,28,2023-10-07,2023,202,CLOSED,
CC-20041,"Murphy, B",F,22,1998-11-04,1998,241,OPEN,
CC-20052,"Gibson, S",M,24,1999-11-21,1999,150,CLOSED,
CC-20116,"Perez, F",M,10,1988-03-09,1988,215,CLOSED,
CC-20157,"Foster, H",U,44,2009-04-24,2009,338,OPEN,214-555-1454
CC-20162,"Sanchez, V",M,39,1986-04-28,1986,741,OPEN,
CC-20210,"Garcia, F",M,34,1987-02-10,1987,241,CLOSED,
CC-20212,"Perry, E",F,28,1998-11-11,1998,717,CLOSED,
CC-20263,"Watson, R",M,48,1994-02-01,1994,216,CLOSED,
CC-20269,"Stewart, D",M,18,1995-10-22,1995,519,CLOSED,
CC-20296,"Edwards, F",M,35,2023-04-27,2023,242,CLOSED,214-555-3702
CC-20314,"Reyes, L",F,20,2003-03-10,2003,326,OPEN,
CC-20337,"Young, C",U,23,1994-09-08,1994,521,CLOSED,
CC-20343,"Navarro, S",F,38,2013-11-21,2013,550,CLOSED,
CC-20347,"Osei, K",F,24,2022-07-01,2022,526,OPEN,
CC-20394,"Medina, T",F,24,2024-02-28,2024,430,OPEN,
CC-20397,"Gibson, W",M,20,2019-07-24,2019,553,OPEN,
CC-20398,"Woods, D",M,30,2003-04-24,2003,328,CLOSED,
CC-20464,"Mccoy, G",F,20,2019-08-04,2019,326,CLOSED,214-555-3079
CC-20475,"Rodriguez, N",M,22,1994-10-28,1994,153,CLOSED,214-555-0513
CC-20495,"Hall, R",M,29,1988-07-15,1988,724,OPEN,214-555-8952
CC-20502,"Vargas, M",F,18,2013-06-26,2013,216,CLOSED,214-555-1087
CC-20523,"Davis, S",M,40,1983-12-10,1983,724,CLOSED,214-555-9252
CC-20564,"Hawkins, R",M,25,2022-06-20,2022,247,OPEN,
CC-20593,"Sanchez, K",M,18,2016-10-19,2016,208,OPEN,
CC-20601,"Hayes, D",M,36,1989-03-04,1989,150,CLOSED,
CC-20648,"Chavez, D",M,44,2016-03-01,2016,234,OPEN,214-555-4573
CC-20650,"Edwards, N",F,23,1984-09-12,1984,625,CLOSED,214-555-3365
CC-20665,"Caldwell, N",M,21,2023-09-23,2023,713,CLOSED,
CC-20676,"Douglas, B",M,43,2002-12-05,2002,409,OPEN,214-555-4517
CC-20680,"Tate, J",F,26,2021-09-26,2021,529,CLOSED,214-555-8335
CC-20702,"Murphy, A",M,64,2000-01-06,2000,553,OPEN,214-555-7621
CC-20729,"Green, A",M,44,2009-11-17,2009,412,OPEN,214-555-2212
CC-20736,"Tucker, N",M,43,1998-10-12,1998,624,OPEN,214-555-1108
CC-20738,"Adams, P",M,39,2007-12-07,2007,119,OPEN,
CC-20739,"Moore, E",F,47,2025-12-16,2025,717,CLOSED,214-555-5447
CC-20740,"Spencer, J",M,42,2019-04-10,2019,526,CLOSED,214-555-0027
CC-20747,"Cruz, E",M,62,1994-01-02,1994,410,CLOSED,214-555-2518
CC-20787,"Patterson, A",F,11,1993-11-09,1993,439,CLOSED,214-555-1874
CC-20831,"Henderson, C",M,24,1981-05-31,1981,152,OPEN,
CC-20846,"Ford, R",M,,2006-10-03,2006,430,CLOSED,
CC-20871,"Mccoy, D",M,9,1985-11-20,1985,328,OPEN,
CC-20917,"Woods, B",M,43,2006-12-27,2006,121,OPEN,214-555-8209
CC-20963,"Flores, M",M,1,2019-08-04,2019,553,CLOSED,
CC-20993,"Dixon, W",M,46,2009-02-28,2009,451,CLOSED,214-555-1967
CC-21036,"Ross, K",M,38,1996-03-12,1996,326,OPEN,
CC-21046,"Bell, H",M,26,1990-08-02,1990,553,CLOSED,214-555-6637
CC-21084,"Lewis, G",M,24,1985-11-01,1985,150,OPEN,
CC-21085,"Parker, V",F,37,1994-08-23,1994,216,CLOSED,
CC-21087,"Torres, D",U,,2017-05-19,2017,246,OPEN,
CC-21104,"Long, S",M,36,2016-11-24,2016,247,OPEN,
CC-21116,"Wright, C",M,31,2012-11-19,2012,555,CLOSED,214-555-2525
CC-21167,"Green, D",F,44,1989-07-11,1989,119,CLOSED,
CC-21197,"Henderson, P",M,50,2016-12-01,2016,216,OPEN,214-555-6927
CC-21201,"Reyes, M",M,38,1996-08-09,1996,438,CLOSED,
CC-21220,"Sullivan, L",M,24,2016-10-31,2016,439,OPEN,
CC-21230,"Lopez, T",F,36,2001-06-23,2001,630,CLOSED,214-555-2730
CC-21250,"Gomez, T",F,35,2004-01-17,2004,624,CLOSED,
CC-21254,"Delgado, K",M,43,2025-10-08,2025,335,CLOSED,
CC-21294,"Mccoy, R",M,28,1995-07-27,1995,217,OPEN,214-555-7867
CC-21321,"Lopez, E",F,44,1984-04-17,1984,152,CLOSED,214-555-1236
CC-21350,"Smith, H",M,34,2007-10-29,2007,242,CLOSED,214-555-4240
CC-21388,"Navarro, E",M,26,1995-11-04,1995,157,OPEN,
CC-21395,"Richardson, T",M,45,2017-07-19,2017,338,OPEN,
CC-21396,"Harris, B",F,,2000-04-21,2000,354,CLOSED,
CC-21464,"Bell, M",M,,1996-03-09,1996,359,CLOSED,214-555-7468
CC-21469,"Okafor, D",M,45,1990-12-15,1990,216,CLOSED,214-555-5878
CC-21495,"Baker, R",M,53,2014-03-23,2014,,CLOSED,214-555-8261
CC-21499,"Simmons, A",M,23,2005-10-14,2005,455,OPEN,214-555-3621
CC-21520,"Patterson, V",M,18,1987-04-21,1987,130,OPEN,214-555-0611
CC-21551,"Fields, L",M,55,2004-10-04,2004,501,CLOSED,
CC-21554,"Alvarez, H",M,29,1981-04-19,1981,150,OPEN,
CC-21560,"Ortiz, F",M,0,1985-11-12,1985,335,CLOSED,214-555-0762
CC-21568,"Hawkins, M",M,5,1993-11-09,1993,354,CLOSED,214-555-4257
CC-21572,"Medina, V",M,22,2003-09-10,2003,439,CLOSED,214-555-4476
CC-21575,"Alvarez, S",F,6,2019-03-04,2019,550,CLOSED,214-555-4517
CC-21596,"Ross, B",M,30,2002-12-17,2002,624,CLOSED,
CC-21602,"Thomas, P",M,22,1988-09-18,1988,119,CLOSED,214-555-2751
CC-21628,"Adams, E",F,23,1985-10-08,1985,,CLOSED,214-555-2595
CC-21630,"Gibson, D",F,29,2013-12-07,2013,505,CLOSED,214-555-3944
CC-21656,"Martinez, C",M,30,1994-08-22,1994,519,CLOSED,214-555-3496
CC-21674,"Perry, A",M,56,1987-01-03,1987,246,OPEN,
CC-21677,"Espinoza, S",M,35,2002-01-19,2002,420,OPEN,214-555-6815
CC-21688,"Nguyen, M",M,17,1989-06-06,1989,702,CLOSED,214-555-0347
CC-21712,"Woods, G",M,17,2002-10-04,2002,625,CLOSED,
CC-21729,"Davis, T",F,17,1982-12-13,1982,412,CLOSED,
CC-21738,"Howard, B",M,12,1989-05-28,1989,354,OPEN,
CC-21739,"Foster, B",M,24,2014-06-20,2014,429,CLOSED,214-555-4453
CC-21756,"Hill, F",M,30,1992-03-03,1992,130,CLOSED,214-555-8080
CC-21765,"Smith, B",M,50,1993-04-24,1993,256,OPEN,214-555-6919
CC-21786,"Espinoza, G",F,27,1987-03-24,1987,215,CLOSED,214-555-6427
CC-21797,"Fuentes, C",M,28,2024-06-26,2024,429,OPEN,
CC-21816,"Caldwell, K",M,,1998-07-10,1998,242,CLOSED,214-555-0578
CC-21854,"Rodriguez, L",M,33,2003-04-11,2003,119,OPEN,
CC-21873,"Martinez, E",M,24,2008-06-11,2008,750,CLOSED,214-555-1243
CC-21886,"Rodriguez, M",M,37,1991-06-19,1991,612,OPEN,214-555-3303
CC-21888,"Medina, R",F,25,1994-01-11,1994,420,CLOSED,
CC-21891,"Ward, W",F,31,1991-07-19,1991,150,CLOSED,214-555-3708
CC-21975,"Scott, T",M,9,1997-03-07,1997,133,CLOSED,214-555-2875
CC-21985,"Edwards, F",F,25,1983-08-10,1983,216,OPEN,
CC-22001,"Howard, K",M,35,1988-09-25,1988,702,CLOSED,214-555-8511
CC-22046,"Hayes, T",M,20,1992-11-05,1992,550,OPEN,214-555-1635
CC-22087,"Garcia, J",F,47,1998-05-03,1998,455,OPEN,214-555-7328
CC-22119,"Vargas, W",M,23,2021-02-17,2021,410,OPEN,
CC-22133,"Grant, P",M,42,2018-04-13,2018,303,CLOSED,
CC-22134,"Vargas, N",M,13,2008-02-21,2008,629,OPEN,214-555-7485
CC-22135,"Banks, J",M,12,2024-04-11,2024,152,OPEN,
CC-22140,"Adams, D",M,28,2012-04-13,2012,702,CLOSED,
CC-22159,"Mendoza, A",F,6,2011-03-11,2011,215,CLOSED,
CC-22177,"Nelson, B",M,12,1998-04-24,1998,,OPEN,214-555-3170
CC-22208,"Ross, S",M,36,2018-08-08,2018,439,CLOSED,
CC-22223,"Hall, V",M,53,1981-05-01,1981,439,OPEN,214-555-2124
CC-22250,"Tucker, M",M,38,1994-06-03,1994,505,CLOSED,214-555-6588
CC-22266,"Navarro, E",M,35,1989-05-16,1989,119,OPEN,214-555-8918
CC-22284,"Banks, T",F,28,2014-05-26,2014,430,OPEN,
CC-22296,"Evans, W",F,42,1991-10-10,1991,550,OPEN,
CC-22299,"Espinoza, B",M,24,1992-08-30,1992,526,OPEN,214-555-5110
CC-22319,"Medina, T",M,22,1997-07-29,1997,724,CLOSED,
CC-22350,"Dixon, J",F,40,1987-10-19,1987,121,CLOSED,214-555-0340
CC-22368,"Porter, G",F,11,2024-11-26,2024,354,CLOSED,214-555-8437
CC-22445,"Foster, T",F,11,1991-03-03,1991,202,CLOSED,214-555-5435
CC-22470,"Richardson, M",M,22,1997-05-21,1997,359,CLOSED,
CC-22539,"Chavez, C",F,33,1990-04-27,1990,215,CLOSED,
CC-22553,"Smith, B",M,31,2012-04-01,2012,246,CLOSED,214-555-0078
CC-22597,"Smith, G",M,27,1994-12-25,1994,241,OPEN,
CC-22661,"Jackson, F",M,39,1990-11-11,1990,553,CLOSED,214-555-3002
CC-22674,"Evans, N",M,35,1994-05-21,1994,410,CLOSED,214-555-4855
CC-22767,"Reyes, D",M,28,2010-03-24,2010,630,CLOSED,214-555-9275
CC-22826,"Price, T",M,45,1983-02-16,1983,328,OPEN,
CC-22847,"Martinez, B",M,24,2020-09-24,2020,328,OPEN,
CC-22868,"Sanchez, F",M,25,2023-04-15,2023,328,OPEN,214-555-6995
CC-22869,"Watson, J",M,44,1985-03-17,1985,133,CLOSED,
CC-22871,"Murphy, K",M,26,2021-12-16,2021,521,OPEN,
CC-22874,"Bryant, F",M,48,2014-04-02,2014,354,OPEN,
CC-22882,"Martin, T",M,16,1995-05-01,1995,612,CLOSED,
CC-22899,"Douglas, E",F,44,2025-09-01,2025,359,CLOSED,214-555-9791
CC-22914,"Coleman, T",M,,1994-05-16,1994,629,OPEN,
CC-22965,"Osei, F",M,,1996-10-10,1996,555,CLOSED,
CC-23017,"Norris, F",F,29,2000-05-24,2000,631,OPEN,214-555-0206
CC-23051,"Tate, V",M,36,2010-03-10,2010,246,CLOSED,214-555-4493
CC-23061,"Perry, W",M,47,2022-03-24,2022,315,CLOSED,
CC-23102,"Garner, G",F,31,2011-03-10,2011,501,CLOSED,214-555-6592
CC-23148,"Lewis, W",M,32,2015-07-05,2015,713,OPEN,214-555-2539
CC-23176,"King, G",M,22,1999-05-25,1999,215,CLOSED,214-555-1874
CC-23184,"Owens, J",M,24,1990-10-05,1990,328,OPEN,214-555-8630
CC-23205,"Walker, D",M,60,2016-03-16,2016,439,CLOSED,214-555-0198
CC-23250,"Mccoy, D",M,15,1992-01-08,1992,121,CLOSED,
CC-23283,"James, W",M,40,1996-11-22,1996,501,OPEN,214-555-2603
CC-23342,"Foster, L",M,6,1999-02-25,1999,410,CLOSED,214-555-2344
CC-23384,"Baker, B",M,11,1994-04-23,1994,242,OPEN,
CC-23410,"Malone, A",M,0,2025-01-02,2025,741,CLOSED,214-555-8225
CC-23426,"Gibson, C",M,23,2025-12-07,2025,119,CLOSED,214-555-8734
CC-23458,"Thompson, V",M,28,1999-09-14,1999,529,CLOSED,214-555-2322
CC-23461,"Ruiz, R",M,29,2003-05-31,2003,216,CLOSED,214-555-6675
CC-23464,"Wright, T",F,27,2020-06-30,2020,335,OPEN,214-555-1515
CC-23500,"Trammell, M",F,29,1981-05-30,1981,241,CLOSED,214-555-5662
CC-23501,"Foster, A",M,27,1998-03-09,1998,741,OPEN,214-555-3461
CC-23526,"Garner, E",F,35,2008-03-09,2008,256,CLOSED,
CC-23546,"Young, R",M,33,2018-08-10,2018,629,CLOSED,214-555-5548
CC-23575,"Espinoza, V",M,42,2009-11-10,2009,625,CLOSED,214-555-2579
CC-23582,"Foster, S",F,27,1997-06-13,1997,359,CLOSED,214-555-2360
CC-23626,"Norris, J",M,59,1993-01-17,1993,630,OPEN,
CC-23652,"White, T",M,18,1997-04-30,1997,410,CLOSED,214-555-0350
CC-23707,"Reyes, L",M,22,2025-10-17,2025,754,OPEN,
CC-23746,"Davis, G",M,44,2003-01-09,2003,219,OPEN,214-555-5283
CC-23763,"Ellis, S",M,45,2011-02-05,2011,247,CLOSED,214-555-6885
CC-23783,"Scott, C",M,35,1986-10-30,1986,750,CLOSED,214-555-5131
CC-23786,"Wallace, G",M,30,2020-06-18,2020,215,CLOSED,214-555-6640
CC-23797,"Owens, D",M,45,1994-12-01,1994,717,CLOSED,214-555-4495
CC-23824,"Hall, L",M,33,2016-07-04,2016,234,CLOSED,214-555-8165
CC-23839,"Sanders, M",M,28,1994-06-29,1994,234,OPEN,214-555-6387
CC-23851,"James, M",M,23,1998-03-22,1998,241,CLOSED,214-555-0208
CC-23869,"Murphy, B",M,36,2019-10-03,2019,750,CLOSED,214-555-4817
CC-23886,"Wright, P",M,42,1990-10-30,1990,629,OPEN,
CC-23890,"Tate, T",M,7,2006-07-28,2006,152,CLOSED,214-555-2963
CC-23900,"Rodriguez, L",M,21,1986-08-15,1986,256,CLOSED,
CC-23908,"Hill, K",F,62,2017-09-13,2017,629,OPEN,214-555-9189
CC-23910,"Payne, H",M,12,2022-05-04,2022,438,CLOSED,214-555-0401
CC-23921,"Garcia, W",F,23,1991-12-05,1991,724,OPEN,214-555-3028
CC-23933,"Wells, A",M,50,1988-04-14,1988,133,CLOSED,214-555-1215
CC-23934,"Bell, G",M,20,2004-06-07,2004,717,CLOSED,
CC-23940,"Vargas, K",F,0,1995-07-08,1995,412,CLOSED,214-555-4919
CC-23957,"Gibson, S",F,24,2009-11-12,2009,,OPEN,214-555-1124
CC-23973,"Scott, N",F,26,2021-10-24,2021,741,CLOSED,214-555-2332
CC-23980,"Parker, G",M,46,2006-06-14,2006,153,OPEN,
CC-23984,"Martinez, H",M,,2025-11-17,2025,410,OPEN,
CC-24029,"Howard, N",M,46,2011-12-22,2011,354,CLOSED,
CC-24031,"Johnson, A",M,37,1991-04-18,1991,256,OPEN,
CC-24053,"Garner, G",M,35,1993-03-19,1993,624,OPEN,214-555-1257
CC-24092,"Nguyen, P",M,8,2005-01-02,2005,410,CLOSED,214-555-9530
CC-24093,"Hughes, P",M,26,1990-12-26,1990,153,CLOSED,
CC-24105,"Thompson, W",F,35,1986-11-17,1986,625,OPEN,214-555-3303
CC-24109,"Ortiz, A",M,39,1989-06-25,1989,430,OPEN,214-555-4439
CC-24111,"Hawkins, L",M,9,2004-12-01,2004,215,CLOSED,214-555-9185
CC-24115,"Brooks, N",M,31,2016-05-15,2016,335,CLOSED,
CC-24121,"Parker, S",M,11,2016-11-18,2016,741,CLOSED,214-555-8889
CC-24141,"Martinez, B",M,41,2024-07-12,2024,717,CLOSED,
CC-24147,"Parker, P",M,39,2001-01-20,2001,153,CLOSED,214-555-5516
CC-24153,"Mendoza, K",M,25,2016-12-07,2016,157,CLOSED,214-555-8531
CC-24171,"Jackson, W",F,21,1990-02-23,1990,326,OPEN,
CC-24191,"Adams, D",M,17,1991-07-31,1991,526,CLOSED,214-555-3499
CC-24207,"Gomez, D",M,53,2024-10-02,2024,410,CLOSED,
CC-24215,"Vargas, D",F,21,1991-11-17,1991,,CLOSED,214-555-9375
CC-24298,"Smith, R",M,12,2017-10-20,2017,157,OPEN,
CC-24299,"Woods, N",M,34,1985-05-05,1985,501,CLOSED,
CC-24325,"Richardson, S",M,28,2017-12-23,2017,335,CLOSED,
CC-24337,"Williams, L",M,44,2006-06-17,2006,354,CLOSED,
CC-24347,"Hughes, C",M,36,1989-04-13,1989,359,CLOSED,
CC-24356,"Sullivan, W",M,,1993-03-28,1993,553,CLOSED,214-555-5377
CC-24424,"Wallace, G",M,34,2009-03-10,2009,451,CLOSED,214-555-6201
CC-24433,"Washington, S",M,53,2010-08-03,2010,519,CLOSED,214-555-8112
CC-24450,"Lane, M",M,13,2005-07-30,2005,130,CLOSED,214-555-8917
CC-24478,"Ramos, L",M,37,2023-11-06,2023,750,CLOSED,214-555-4092
CC-24513,"Bell, H",M,42,1992-04-12,1992,625,CLOSED,
CC-24518,"Baker, H",F,28,2007-07-16,2007,303,OPEN,
CC-24530,"Jackson, B",M,24,2015-05-21,2015,625,OPEN,214-555-0157
CC-24602,"Ford, J",M,46,2010-03-31,2010,,CLOSED,214-555-2554
CC-24612,"Rodriguez, L",M,22,1990-06-25,1990,,OPEN,214-555-8740
CC-24672,"Banks, L",M,45,1982-08-31,1982,702,CLOSED,
CC-24720,"Bryant, J",M,33,2015-01-03,2015,529,OPEN,214-555-9402
CC-24726,"Green, V",F,22,1992-10-02,1992,505,CLOSED,
CC-24730,"Young, B",M,41,1990-02-01,1990,702,CLOSED,
CC-24759,"Chavez, G",M,40,2004-04-22,2004,629,OPEN,
CC-24777,"Johnson, K",M,13,1996-04-14,1996,150,CLOSED,214-555-1516
CC-24790,"Coleman, K",F,50,2006-09-02,2006,553,CLOSED,214-555-1526
CC-24832,"Turner, R",M,36,2025-10-16,2025,326,CLOSED,
CC-24865,"Delgado, B",F,43,1986-10-16,1986,702,CLOSED,214-555-1954
CC-24887,"Coleman, B",F,21,2001-01-08,2001,630,OPEN,
CC-24897,"Garner, C",M,25,2010-08-11,2010,429,OPEN,214-555-3106
CC-24903,"Ross, V",M,43,1993-06-28,1993,517,OPEN,
CC-24922,"Coleman, R",F,30,1989-05-27,1989,412,CLOSED,214-555-1632
CC-24936,"Osei, A",F,19,2005-09-07,2005,553,CLOSED,
CC-24953,"Wells, P",M,31,2020-07-31,2020,152,CLOSED,
CC-25039,"Ross, J",M,41,2019-12-08,2019,,OPEN,
CC-25131,"Mccoy, S",F,31,2023-04-10,2023,338,CLOSED,
CC-25156,"Nelson, J",M,30,1984-05-01,1984,215,CLOSED,
CC-25172,"Hawkins, A",F,45,2021-01-09,2021,526,OPEN,
CC-25178,"Sanders, C",M,34,1992-09-26,1992,521,CLOSED,214-555-8932
CC-25189,"Osei, W",M,,2023-11-08,2023,412,CLOSED,214-555-5895
CC-25190,"Nguyen, C",M,,2024-07-27,2024,409,CLOSED,214-555-5243
CC-25191,"Herrera, T",M,27,2006-06-21,2006,420,CLOSED,214-555-6453
CC-25195,"Porter, C",M,62,1984-03-17,1984,420,CLOSED,214-555-3951
CC-25198,"Robinson, E",M,10,1998-08-28,1998,219,CLOSED,
CC-25250,"Mitchell, L",M,24,2024-09-05,2024,631,CLOSED,214-555-4308
CC-25290,"Simmons, B",M,17,1988-11-03,1988,217,OPEN,214-555-1831
CC-25358,"Gibson, S",M,28,1997-11-20,1997,157,OPEN,214-555-7042
CC-25361,"Jenkins, T",M,9,2023-11-06,2023,550,OPEN,214-555-7813
CC-25363,"Phillips, R",M,43,2002-07-31,2002,215,OPEN,214-555-3460
CC-25367,"Nguyen, J",M,54,1995-07-03,1995,152,CLOSED,214-555-6869
CC-25375,"Herrera, D",M,36,1981-10-31,1981,724,CLOSED,214-555-7355
CC-25387,"Henderson, H",M,46,1993-05-30,1993,713,CLOSED,214-555-2458
CC-25404,"Marsh, B",M,26,2005-11-29,2005,517,CLOSED,214-555-0004
CC-25416,"Osei, F",M,21,1983-09-16,1983,153,CLOSED,
CC-25430,"Webb, B",M,21,2025-05-06,2025,,OPEN,
CC-25434,"Hayes, R",F,18,2020-06-07,2020,119,OPEN,
CC-25438,"Castillo, M",M,39,1998-07-16,1998,121,OPEN,214-555-0431
CC-25455,"Robinson, P",F,23,1986-07-10,1986,247,CLOSED,
CC-25485,"Patterson, K",M,51,2000-12-15,2000,529,CLOSED,214-555-3742
CC-25496,"Payne, S",M,30,2017-03-07,2017,119,OPEN,
CC-25508,"Caldwell, G",M,,2009-04-15,2009,410,CLOSED,
CC-25576,"Carter, L",M,19,1990-07-23,1990,150,CLOSED,214-555-1351
CC-25598,"Smith, J",M,35,1999-05-22,1999,246,CLOSED,214-555-5434
CC-25605,"Ward, N",M,38,1986-10-19,1986,702,CLOSED,214-555-0274
CC-25624,"Wilson, H",F,37,1998-01-11,1998,517,OPEN,
CC-25657,"Patterson, T",F,17,1998-09-30,1998,457,CLOSED,
CC-25671,"Mitchell, L",M,27,1987-09-30,1987,217,CLOSED,214-555-0171
CC-25693,"Banks, T",U,36,2006-12-21,2006,457,OPEN,
CC-25703,"Pruitt, H",M,41,2014-05-02,2014,555,CLOSED,214-555-1944
CC-25716,"Morales, K",M,28,1998-12-26,1998,157,OPEN,
CC-25727,"Watson, R",M,19,1995-02-04,1995,246,OPEN,214-555-4936
CC-25736,"Mendoza, T",F,32,2015-12-19,2015,242,OPEN,214-555-8783
CC-25790,"Hayes, R",M,20,2016-12-30,2016,410,CLOSED,214-555-0627
CC-25820,"Jenkins, S",M,26,1992-09-08,1992,335,OPEN,214-555-8270
CC-25825,"Lewis, M",F,28,1997-03-08,1997,409,OPEN,214-555-3103
CC-25828,"Stewart, H",M,30,2005-05-30,2005,724,CLOSED,214-555-7549
CC-25850,"Rivera, R",F,14,1993-06-06,1993,303,CLOSED,214-555-1188
CC-25862,"Miller, W",M,41,2025-11-19,2025,338,OPEN,
CC-25885,"Gomez, N",M,19,2018-01-23,2018,624,CLOSED,
CC-25893,"Evans, J",M,46,1988-05-01,1988,429,CLOSED,
CC-25929,"Bell, N",M,34,1981-11-30,1981,501,OPEN,214-555-7942
CC-25945,"Parker, E",F,44,2017-01-27,2017,553,CLOSED,214-555-3683
CC-25949,"Walker, H",M,6,2005-11-20,2005,133,CLOSED,214-555-2301
CC-25955,"Ramirez, M",F,36,1993-11-29,1993,121,OPEN,
CC-25961,"Booker, V",M,30,1987-01-09,1987,651,CLOSED,214-555-1035
CC-25966,"Scott, E",M,29,1984-01-20,1984,216,CLOSED,214-555-1066
CC-25992,"Richardson, P",M,38,2022-08-12,2022,439,CLOSED,
CC-26015,"Marsh, C",M,16,1997-01-08,1997,651,CLOSED,
CC-26034,"Morales, N",M,32,1985-12-08,1985,457,CLOSED,214-555-4470
CC-26107,"Herrera, J",M,39,2005-12-15,2005,410,CLOSED,214-555-5588
CC-26137,"Thomas, M",M,32,1993-01-10,1993,439,CLOSED,214-555-5060
CC-26163,"Brooks, J",M,27,1988-07-23,1988,741,CLOSED,
CC-26176,"Woods, V",M,28,2004-10-26,2004,651,CLOSED,214-555-9382
CC-26177,"Evans, C",F,37,2001-03-16,2001,246,CLOSED,214-555-5398
CC-26186,"Hill, P",M,16,1993-09-20,1993,119,CLOSED,
CC-26192,"King, G",M,26,1988-09-14,1988,451,CLOSED,214-555-4387
CC-26222,"Davis, L",M,29,2005-10-17,2005,612,CLOSED,
CC-26229,"Castillo, F",F,29,2011-05-20,2011,526,CLOSED,
CC-26234,"Nguyen, N",M,48,1999-03-12,1999,651,CLOSED,
CC-26237,"Adams, W",M,11,1990-12-17,1990,702,CLOSED,214-555-4333
CC-26240,"Smith, B",F,17,2008-06-29,2008,631,CLOSED,214-555-1003
CC-26253,"Brooks, T",M,28,1986-08-16,1986,624,CLOSED,
CC-26285,"White, B",M,,2003-08-10,2003,150,CLOSED,214-555-5973
CC-26314,"Guerrero, A",M,8,1993-12-17,1993,724,CLOSED,214-555-7884
CC-26338,"Moore, G",M,54,2009-05-24,2009,121,CLOSED,214-555-9780
CC-26346,"Parker, W",M,0,1997-04-01,1997,526,CLOSED,214-555-0996
CC-26355,"Graham, L",M,38,1991-03-18,1991,338,OPEN,214-555-7949
CC-26372,"Miller, R",M,46,1991-05-22,1991,741,OPEN,214-555-0702
CC-26382,"Thomas, A",M,39,2012-09-04,2012,624,OPEN,214-555-6989
CC-26398,"Johnson, W",M,50,1988-01-27,1988,247,OPEN,214-555-4486
CC-26445,"Howard, D",M,50,1986-11-26,1986,713,OPEN,
CC-26467,"Henderson, H",M,3,2017-04-17,2017,612,CLOSED,214-555-3282
CC-26489,"Sims, T",M,43,2003-10-01,2003,150,OPEN,
CC-26528,"King, W",F,23,1996-08-16,1996,517,OPEN,
CC-26551,"Delgado, S",M,47,1985-04-21,1985,521,CLOSED,
CC-26586,"Morales, V",M,38,2017-10-02,2017,420,OPEN,
CC-26650,"Long, S",M,41,2020-12-30,2020,457,OPEN,214-555-8128
CC-26692,"Price, P",M,,2006-04-15,2006,717,OPEN,
CC-26714,"Evans, S",M,26,2023-08-12,2023,354,OPEN,
CC-26724,"Hall, W",M,44,2018-08-10,2018,629,CLOSED,214-555-2652
CC-26768,"Porter, W",M,30,1998-12-13,1998,629,CLOSED,
CC-26794,"Edwards, T",M,9,1992-08-15,1992,418,CLOSED,
CC-26796,"Brooks, M",M,39,2012-10-31,2012,550,OPEN,214-555-3510
CC-26797,"Garcia, J",M,27,2010-12-17,2010,455,CLOSED,214-555-4349
CC-26809,"Norris, P",M,32,2010-03-15,2010,359,CLOSED,214-555-8431
CC-26821,"Adams, B",M,31,1992-08-08,1992,713,CLOSED,
CC-26847,"Hawkins, R",M,65,2020-05-25,2020,234,CLOSED,214-555-0190
CC-26876,"Sullivan, S",M,42,1992-06-25,1992,409,CLOSED,
CC-26889,"Navarro, A",M,31,1988-11-15,1988,150,CLOSED,
CC-26917,"Walker, S",M,35,1997-07-01,1997,553,OPEN,
CC-26934,"Mendoza, C",F,2,1988-06-19,1988,409,CLOSED,214-555-1681
CC-26936,"Edwards, V",M,28,2016-07-09,2016,519,CLOSED,214-555-8747
CC-26945,"Ortiz, E",M,41,1989-04-19,1989,555,CLOSED,214-555-2685
CC-26965,"Guerrero, M",M,35,1985-01-05,1985,247,OPEN,214-555-6137
CC-27000,"Payne, S",M,23,1992-01-09,1992,,OPEN,
CC-27004,"Porter, R",M,30,1993-06-16,1993,412,CLOSED,
CC-27064,"Sanchez, T",M,26,2009-03-23,2009,629,OPEN,214-555-0925
CC-27068,"Richardson, F",M,52,2005-11-12,2005,241,OPEN,
CC-27072,"Norris, D",M,10,2023-10-23,2023,133,CLOSED,214-555-2742
CC-27082,"Martin, W",M,36,1994-09-04,1994,217,CLOSED,214-555-6818
CC-27110,"Vargas, W",M,43,1995-01-16,1995,338,OPEN,
CC-27149,"Reed, R",M,50,2017-01-10,2017,624,CLOSED,
CC-27167,"Lane, N",M,25,1987-11-06,1987,521,CLOSED,
CC-27187,"Wright, P",M,11,1995-07-13,1995,303,CLOSED,214-555-2496
CC-27189,"Ross, J",M,29,1981-01-10,1981,651,CLOSED,214-555-4234
CC-27201,"Holland, P",M,46,1994-02-13,1994,303,OPEN,214-555-6720
CC-27271,"Herrera, M",M,6,1986-11-03,1986,303,CLOSED,214-555-8475
CC-27289,"King, A",M,43,1992-10-15,1992,,CLOSED,214-555-9572
CC-27321,"Ramirez, T",F,34,2006-05-19,2006,429,CLOSED,214-555-8160
CC-27325,"Jenkins, H",M,31,2023-10-19,2023,724,OPEN,214-555-2671
CC-27440,"Turner, V",M,29,1996-04-01,1996,631,OPEN,214-555-1480
CC-27461,"Watson, F",M,19,1992-12-23,1992,410,CLOSED,214-555-5305
CC-27465,"Washington, B",F,30,2005-09-29,2005,529,CLOSED,
CC-27509,"Miller, K",F,21,2022-08-24,2022,624,OPEN,214-555-1400
CC-27513,"Hill, T",F,25,2002-09-04,2002,526,OPEN,214-555-5788
CC-27526,"Lopez, M",M,40,2005-07-16,2005,455,CLOSED,
CC-27544,"Stewart, S",M,30,1997-08-27,1997,338,OPEN,214-555-3546
CC-27583,"Wells, T",M,15,2004-07-07,2004,354,CLOSED,214-555-0527
CC-27597,"White, S",M,24,2007-05-06,2007,121,CLOSED,214-555-4699
CC-27615,"Edwards, P",M,51,2007-06-08,2007,418,CLOSED,214-555-5305
CC-27631,"Guerrero, K",M,31,2012-09-13,2012,501,CLOSED,
CC-27677,"Thomas, P",M,31,1988-01-29,1988,625,CLOSED,214-555-9412
CC-27682,"Mendoza, K",M,22,2024-11-30,2024,631,CLOSED,214-555-0276
CC-27706,"Banks, W",M,44,2003-05-17,2003,717,OPEN,
CC-27718,"Nguyen, F",F,25,2008-04-05,2008,430,CLOSED,
CC-27740,"Mccoy, D",M,30,2011-07-13,2011,216,CLOSED,214-555-0620
CC-27808,"Navarro, K",M,39,1997-01-12,1997,315,CLOSED,214-555-6950
CC-27813,"Robinson, G",M,36,1992-07-04,1992,555,OPEN,
CC-27828,"Medina, G",M,36,1994-11-26,1994,256,OPEN,
CC-27863,"Ellis, N",F,32,2013-05-31,2013,208,OPEN,214-555-8632
CC-27865,"Caldwell, F",F,28,1990-04-02,1990,150,CLOSED,214-555-0063
CC-27873,"Scott, F",M,23,1996-05-10,1996,338,CLOSED,
CC-27878,"Scott, S",F,33,2016-10-15,2016,629,OPEN,214-555-7360
CC-27907,"Turner, N",F,22,1995-10-24,1995,451,CLOSED,
CC-27908,"Mccoy, G",M,37,2021-04-13,2021,,CLOSED,
CC-27911,"Long, H",M,33,1987-09-18,1987,713,CLOSED,
CC-27912,"Walker, K",M,43,2014-12-27,2014,359,OPEN,
CC-27913,"Watson, A",M,29,2010-07-05,2010,359,CLOSED,
CC-27923,"Johnson, A",F,37,2016-01-10,2016,455,CLOSED,214-555-3014
CC-27947,"Ross, E",M,38,1985-05-28,1985,303,OPEN,
CC-27972,"Washington, S",F,54,1997-02-19,1997,550,OPEN,214-555-3623
CC-27976,"Edwards, F",M,30,2016-08-04,2016,,CLOSED,214-555-5887
CC-28000,"Nelson, L",M,39,1982-05-04,1982,410,CLOSED,214-555-3072
CC-28025,"Ramirez, L",M,33,1998-06-26,1998,202,OPEN,214-555-2634
CC-28026,"James, W",M,,2011-07-17,2011,521,OPEN,
CC-28033,"Smith, H",M,34,2001-08-11,2001,418,OPEN,
CC-28044,"Martin, B",F,50,2019-01-05,2019,451,OPEN,
CC-28045,"Payne, M",M,35,2007-04-25,2007,439,CLOSED,214-555-3331
CC-28047,"Ortiz, E",F,35,1989-06-17,1989,741,OPEN,
CC-28051,"Murphy, R",M,24,2020-12-26,2020,202,OPEN,214-555-4362
CC-28054,"Hughes, K",M,33,1988-06-07,1988,335,OPEN,214-555-7879
CC-28067,"Osei, F",M,37,1994-01-03,1994,526,CLOSED,214-555-3355
CC-28085,"Perry, P",M,13,1996-03-16,1996,702,OPEN,
CC-28103,"Lewis, A",M,26,1989-11-18,1989,741,CLOSED,214-555-7060
CC-28117,"Tucker, V",M,26,2012-01-20,2012,612,CLOSED,214-555-0473
CC-28120,"Bell, C",M,32,1998-10-23,1998,505,OPEN,214-555-8236
CC-28143,"Green, V",M,51,2022-02-06,2022,451,OPEN,214-555-1254
CC-28149,"Pruitt, H",F,32,1994-12-14,1994,152,CLOSED,
CC-28159,"Alvarez, K",M,37,1992-10-28,1992,455,OPEN,
CC-28182,"Brooks, M",M,34,2024-02-12,2024,412,OPEN,
CC-28195,"Gomez, H",M,32,1982-06-01,1982,501,CLOSED,
CC-28252,"Sullivan, S",M,32,1989-07-13,1989,630,CLOSED,
CC-28262,"Davis, N",F,24,1992-03-01,1992,629,CLOSED,214-555-4022
CC-28283,"Ramos, E",M,42,1993-03-02,1993,219,OPEN,214-555-2456
CC-28296,"Banks, K",M,37,2017-01-22,2017,133,CLOSED,214-555-9047
CC-28327,"Robinson, M",M,8,1991-07-20,1991,418,CLOSED,
CC-28337,"Torres, C",F,37,1993-04-08,1993,451,CLOSED,
CC-28346,"Woods, K",M,46,1981-12-06,1981,326,CLOSED,
CC-28355,"Davis, A",F,26,2019-09-15,2019,702,CLOSED,214-555-1736
CC-28382,"Davis, K",F,28,2024-09-21,2024,256,CLOSED,214-555-8139
CC-28400,"Guerrero, B",M,24,2017-07-13,2017,526,OPEN,
CC-28425,"Parker, F",F,31,2001-09-12,2001,,CLOSED,214-555-9726
CC-28433,"Alvarez, W",M,46,2014-03-08,2014,410,CLOSED,
CC-28448,"Edwards, C",M,45,2009-02-07,2009,420,OPEN,
CC-28466,"Osei, L",M,27,1993-06-17,1993,529,CLOSED,
CC-28504,"Malone, C",M,35,2010-09-01,2010,517,CLOSED,214-555-7269
CC-28527,"Nelson, K",M,23,2008-01-20,2008,631,CLOSED,214-555-2060
CC-28528,"Mendoza, S",F,18,2003-09-15,2003,354,OPEN,
CC-28580,"Phillips, G",F,25,2009-06-10,2009,338,CLOSED,214-555-3099
CC-28589,"Alvarez, J",F,20,2014-06-01,2014,612,CLOSED,214-555-2906
CC-28616,"Baker, E",F,59,2000-08-07,2000,241,CLOSED,214-555-3751
CC-28622,"Wright, K",M,23,2018-10-23,2018,326,CLOSED,214-555-1642
CC-28623,"Webb, H",F,31,2023-03-17,2023,438,CLOSED,214-555-5678
CC-28632,"Bryant, P",F,28,1984-06-25,1984,338,OPEN,214-555-7084
CC-28637,"Hill, H",M,51,2023-07-11,2023,303,CLOSED,214-555-4531
CC-28652,"Trammell, D",F,27,2010-08-16,2010,157,OPEN,
CC-28661,"Hayes, N",M,14,1997-03-17,1997,242,CLOSED,
CC-28675,"Bryant, F",M,36,2023-06-22,2023,328,OPEN,
CC-28746,"Vargas, M",M,49,2022-03-18,2022,328,CLOSED,
CC-28753,"Perez, G",M,43,1997-06-24,1997,,CLOSED,214-555-1023
CC-28770,"Hall, L",F,28,1994-06-29,1994,418,CLOSED,
CC-28802,"Patterson, E",F,9,1990-08-19,1990,526,CLOSED,214-555-9975
CC-28831,"Rivera, L",M,39,2018-12-12,2018,521,CLOSED,214-555-1559
CC-28833,"Ortiz, R",M,,2008-04-29,2008,455,CLOSED,214-555-6251
CC-28840,"Porter, R",M,23,1989-10-30,1989,625,CLOSED,214-555-6542
CC-28853,"Vargas, A",M,29,1989-04-02,1989,624,CLOSED,
CC-28910,"Tate, S",M,32,2010-09-03,2010,,OPEN,214-555-6017
CC-28925,"Wallace, E",M,36,1999-02-20,1999,150,CLOSED,
CC-28927,"Banks, N",M,25,1985-02-27,1985,651,CLOSED,214-555-1429
CC-28936,"Ellis, P",M,32,1997-12-13,1997,234,OPEN,
CC-28965,"Herrera, E",F,16,2001-10-04,2001,326,CLOSED,214-555-2061
CC-28981,"Phillips, K",M,46,2003-12-19,2003,741,CLOSED,
CC-29009,"Robinson, B",M,23,2012-11-16,2012,338,OPEN,
CC-29054,"Williams, T",M,20,2003-04-14,2003,713,OPEN,
CC-29109,"Wells, J",F,9,1991-06-13,1991,208,CLOSED,214-555-3404
CC-29139,"Ward, E",M,29,1988-02-19,1988,152,CLOSED,214-555-7557
CC-29199,"Howard, V",M,43,2013-07-27,2013,215,OPEN,
CC-29236,"Herrera, E",M,37,1990-11-02,1990,315,CLOSED,
CC-29263,"Jenkins, N",F,24,1990-08-06,1990,717,OPEN,214-555-5226
CC-29271,"Medina, F",M,23,1994-06-06,1994,651,CLOSED,214-555-5035
CC-29276,"Booker, P",M,18,2016-03-19,2016,130,OPEN,
CC-29303,"Stewart, K",M,41,2005-07-14,2005,625,OPEN,
CC-29358,"Payne, E",M,17,2002-12-05,2002,242,CLOSED,
CC-29360,"Murphy, B",F,26,2007-05-17,2007,501,OPEN,
CC-29402,"Green, V",M,35,1983-03-06,1983,217,CLOSED,214-555-8481
CC-29411,"Henderson, C",M,20,1990-12-12,1990,519,CLOSED,214-555-6561
CC-29451,"Phillips, B",M,30,2023-04-22,2023,630,CLOSED,214-555-5826
CC-29458,"Sanchez, F",F,43,2011-08-05,2011,702,CLOSED,
CC-29466,"Henderson, L",M,26,1994-10-30,1994,410,CLOSED,
CC-29481,"Marsh, P",M,53,2016-01-28,2016,216,OPEN,214-555-9570
CC-29525,"Trammell, C",M,21,1987-09-14,1987,553,OPEN,
CC-29570,"Navarro, K",F,26,2010-09-06,2010,354,OPEN,214-555-5258
CC-29579,"Collins, G",M,10,2008-10-08,2008,517,OPEN,
CC-29622,"Davis, A",F,29,1982-06-13,1982,246,CLOSED,214-555-1372
CC-29626,"Dixon, T",U,41,2005-06-02,2005,150,CLOSED,214-555-7941
CC-29687,"Chavez, A",M,17,1987-08-10,1987,521,CLOSED,214-555-9112
CC-29697,"Jenkins, M",F,22,1986-01-17,1986,702,CLOSED,214-555-8953
CC-29725,"Spencer, P",F,28,2016-09-07,2016,439,OPEN,214-555-9126
CC-29793,"Phillips, K",M,19,2007-02-25,2007,526,OPEN,214-555-2739
CC-29825,"Trammell, G",M,48,1992-12-25,1992,631,CLOSED,
CC-29848,"Norris, J",M,52,2001-12-05,2001,359,CLOSED,214-555-2782
CC-29903,"Jackson, C",M,1,2016-11-08,2016,517,OPEN,214-555-5089
CC-29953,"Gibson, V",M,,1999-04-27,1999,335,OPEN,
CC-29954,"Green, M",M,26,1994-03-14,1994,315,CLOSED,
CC-29987,"Smith, D",F,40,1989-10-16,1989,430,OPEN,214-555-9298
CC-30025,"Norris, H",M,34,1987-08-16,1987,216,CLOSED,214-555-6672
CC-30043,"Spencer, K",U,,1997-10-11,1997,157,OPEN,
CC-30057,"Rodriguez, F",M,36,1999-12-25,1999,501,CLOSED,
CC-30059,"Adams, C",M,50,1994-04-06,1994,629,CLOSED,214-555-2617
CC-30089,"Phillips, S",M,57,2017-08-05,2017,630,OPEN,
CC-30101,"Navarro, N",F,26,1982-09-13,1982,326,CLOSED,214-555-8524
CC-30150,"Torres, S",M,31,2004-07-14,2004,651,CLOSED,
CC-30170,"Phillips, B",M,37,1994-11-17,1994,338,CLOSED,
CC-30180,"Garcia, H",M,28,1994-09-28,1994,420,OPEN,
CC-30217,"Thompson, K",F,43,1989-05-27,1989,529,CLOSED,214-555-2474
CC-30290,"Price, T",M,54,2004-01-12,2004,315,OPEN,214-555-7458
CC-30291,"Chavez, M",M,43,1994-06-25,1994,651,CLOSED,
CC-30303,"Tate, P",M,10,1996-11-22,1996,555,OPEN,214-555-1972
CC-30305,"James, G",M,35,2016-07-13,2016,625,OPEN,214-555-4210
CC-30329,"Lewis, H",M,9,2015-12-26,2015,409,OPEN,
CC-30342,"Martin, R",M,20,1999-10-07,1999,119,CLOSED,214-555-6115
CC-30384,"Ford, D",M,40,2021-05-06,2021,409,OPEN,
CC-30387,"Mitchell, J",M,,2005-11-24,2005,505,OPEN,214-555-5057
CC-30408,"Adams, D",M,0,1993-01-18,1993,430,CLOSED,
CC-30420,"Johnson, T",M,23,2002-05-31,2002,429,OPEN,
CC-30433,"Booker, P",M,30,2006-06-24,2006,754,CLOSED,214-555-5466
CC-30446,"Booker, R",M,14,1991-12-26,1991,526,CLOSED,214-555-1759
CC-30567,"Grant, E",F,28,1996-09-05,1996,420,CLOSED,
CC-30601,"Price, S",M,32,1991-12-07,1991,625,CLOSED,
CC-30642,"Osei, L",M,19,2019-07-02,2019,354,CLOSED,
CC-30656,"Richardson, K",M,43,1988-04-25,1988,651,CLOSED,214-555-4094
CC-30671,"Wallace, R",M,22,2020-06-28,2020,359,CLOSED,214-555-6646
CC-30677,"Gibson, H",F,39,2014-03-26,2014,328,CLOSED,
CC-30688,"Brooks, L",M,34,2007-08-22,2007,326,OPEN,
CC-30717,"Osei, C",F,26,2007-09-27,2007,750,CLOSED,214-555-7589
CC-30733,"Walker, R",M,9,1996-07-14,1996,133,OPEN,
CC-30741,"Walker, T",M,22,2020-10-14,2020,717,CLOSED,
CC-30792,"Douglas, E",M,41,2001-07-10,2001,215,CLOSED,214-555-2473
CC-30812,"Garcia, L",M,23,2022-09-02,2022,438,CLOSED,
CC-30828,"Nguyen, S",M,19,1993-06-20,1993,328,CLOSED,214-555-8068
CC-30830,"Parker, H",M,26,2003-09-13,2003,750,CLOSED,214-555-1764
CC-30845,"Richardson, M",M,34,2021-07-10,2021,724,CLOSED,214-555-5633
CC-30848,"Nelson, W",F,49,1989-10-27,1989,338,OPEN,214-555-0866
CC-30877,"King, B",M,33,1988-07-14,1988,517,CLOSED,
CC-30886,"Pruitt, H",U,22,2022-06-30,2022,612,OPEN,
CC-30924,"Sims, W",F,40,1994-11-19,1994,150,CLOSED,214-555-9293
CC-30927,"Reyes, L",M,49,1986-05-23,1986,550,CLOSED,214-555-5604
CC-30966,"Wells, V",M,31,2005-11-03,2005,521,OPEN,
CC-31011,"Booker, M",M,15,2005-04-22,2005,242,OPEN,
CC-31015,"Howard, G",F,24,1999-03-03,1999,702,CLOSED,
CC-31048,"Malone, T",M,31,2018-05-25,2018,717,OPEN,214-555-1755
CC-31126,"Miller, D",F,21,1995-03-27,1995,150,CLOSED,214-555-3173
CC-31132,"Fuentes, W",M,23,1991-06-24,1991,750,CLOSED,
CC-31134,"Baker, J",F,17,2018-09-07,2018,451,CLOSED,
CC-31143,"Robinson, H",M,45,2004-01-24,2004,629,OPEN,214-555-1890
CC-31177,"Gomez, C",U,18,2000-07-22,2000,,CLOSED,214-555-4042
CC-31197,"Douglas, R",M,25,1988-05-12,1988,517,CLOSED,
CC-31202,"Ruiz, N",F,25,2017-12-19,2017,241,CLOSED,214-555-6357
CC-31241,"Castillo, A",M,47,1999-09-23,1999,133,OPEN,
CC-31275,"Wilson, T",M,6,2010-07-13,2010,555,OPEN,
CC-31280,"Flores, D",M,43,1996-06-10,1996,208,OPEN,
CC-31300,"Moore, H",F,27,1995-07-01,1995,208,CLOSED,214-555-7680
CC-31303,"Simmons, K",M,45,1993-10-26,1993,202,OPEN,214-555-2140
CC-31307,"Phillips, G",M,51,1987-05-30,1987,717,CLOSED,
CC-31316,"Gomez, B",M,38,2022-07-05,2022,713,OPEN,214-555-3403
CC-31317,"Woods, S",M,54,2024-10-11,2024,517,OPEN,
CC-31322,"Lopez, F",M,17,2025-09-12,2025,234,CLOSED,214-555-1725
CC-31334,"Harris, L",M,48,2009-08-18,2009,133,OPEN,
CC-31364,"Fuentes, L",M,41,1985-05-09,1985,630,OPEN,
CC-31368,"Walker, P",F,30,2003-03-20,2003,215,CLOSED,
CC-31395,"Herrera, F",M,45,1999-10-05,1999,420,OPEN,214-555-5897
CC-31398,"Chavez, B",F,48,2005-01-01,2005,208,CLOSED,
CC-31423,"Bryant, F",M,43,2024-03-13,2024,438,OPEN,214-555-3344
CC-31456,"Rivera, K",M,27,1986-12-29,1986,439,CLOSED,
CC-31475,"Caldwell, T",F,52,1992-02-09,1992,457,OPEN,
CC-31476,"Gibson, A",M,24,2002-02-11,2002,713,CLOSED,214-555-1364
CC-31477,"Guerrero, L",M,14,1993-07-28,1993,430,CLOSED,
CC-31483,"Medina, F",F,29,2024-09-29,2024,429,OPEN,
CC-31513,"Tucker, K",M,7,1992-10-27,1992,501,OPEN,214-555-1938
CC-31519,"Tate, E",M,55,1997-07-09,1997,328,CLOSED,
CC-31520,"Thompson, B",M,43,1985-10-30,1985,457,CLOSED,214-555-5970
CC-31588,"Marsh, W",M,,1983-02-14,1983,303,CLOSED,214-555-3929
CC-31591,"Morales, V",F,36,1994-12-13,1994,754,OPEN,214-555-6063
CC-31662,"Coleman, F",M,31,2005-07-09,2005,631,CLOSED,
CC-31677,"Watson, T",M,40,1990-08-30,1990,702,CLOSED,
CC-31678,"Johnson, M",F,32,1982-09-10,1982,119,CLOSED,
CC-31699,"Ortiz, W",M,23,2016-12-27,2016,409,CLOSED,
CC-31734,"Nguyen, S",F,35,2004-09-29,2004,315,CLOSED,
CC-31735,"Nelson, N",M,19,2006-07-13,2006,717,CLOSED,
CC-31829,"Marsh, G",F,2,1992-05-20,1992,455,OPEN,
CC-31847,"Flores, B",F,49,1984-01-10,1984,247,OPEN,
CC-31876,"Evans, H",M,31,2001-10-15,2001,501,CLOSED,214-555-3591
CC-31886,"Bryant, N",F,43,2018-04-14,2018,420,OPEN,
CC-31903,"Price, H",F,18,2019-03-02,2019,,CLOSED,214-555-3745
CC-31908,"Parker, F",M,39,2015-06-21,2015,121,OPEN,214-555-7801
CC-31923,"Sims, A",M,49,2013-02-24,2013,724,CLOSED,214-555-7945
CC-31926,"Spencer, N",M,7,1991-07-06,1991,202,CLOSED,214-555-9720
CC-31928,"Chavez, D",M,,2019-05-07,2019,451,OPEN,
CC-31937,"Howard, W",M,17,1992-11-17,1992,429,OPEN,
CC-31938,"Ramos, M",F,23,2013-11-14,2013,717,OPEN,214-555-6826
CC-31960,"Banks, L",M,32,2025-09-22,2025,215,OPEN,
CC-31998,"Sanchez, E",U,35,1990-01-27,1990,521,CLOSED,214-555-3415
CC-32007,"Ortiz, R",M,29,2023-05-13,2023,,CLOSED,214-555-5764
CC-32057,"Phillips, J",M,40,2015-11-23,2015,153,CLOSED,214-555-0891
CC-32062,"Stewart, A",M,20,2010-12-30,2010,517,OPEN,
CC-32120,"Coleman, K",M,37,2022-04-02,2022,651,OPEN,
CC-32147,"Norris, N",M,15,2019-09-01,2019,242,CLOSED,
CC-32169,"Ortiz, M",F,26,2003-09-15,2003,,CLOSED,214-555-7853
CC-32179,"Harris, J",M,45,2014-07-26,2014,326,CLOSED,214-555-7457
CC-32245,"Robinson, G",M,34,1991-04-29,1991,713,CLOSED,214-555-7071
CC-32294,"Evans, F",F,37,2020-04-14,2020,217,CLOSED,
CC-32313,"Brooks, F",U,20,1991-12-17,1991,157,OPEN,214-555-0193
CC-32326,"Spencer, J",F,29,1998-04-18,1998,335,OPEN,
CC-32334,"Brooks, L",M,39,2020-03-02,2020,247,OPEN,214-555-1058
CC-32345,"Navarro, M",M,23,2012-10-22,2012,216,CLOSED,214-555-5790
CC-32356,"Evans, W",F,13,2024-01-22,2024,335,CLOSED,214-555-7524
CC-32368,"Woods, M",F,18,1987-07-15,1987,713,CLOSED,
CC-32383,"Miller, G",M,51,2018-09-28,2018,439,OPEN,214-555-6460
CC-32388,"Washington, W",F,32,2008-12-12,2008,713,OPEN,214-555-4071
CC-32417,"Long, M",F,27,2000-02-12,2000,754,CLOSED,
CC-32428,"Lane, N",M,45,2006-12-30,2006,724,CLOSED,
CC-32435,"Torres, E",M,6,1986-06-27,1986,256,CLOSED,
CC-32444,"Ramos, C",M,32,2022-07-05,2022,526,CLOSED,214-555-1751
CC-32454,"Henderson, C",M,27,1989-08-03,1989,529,CLOSED,214-555-3747
CC-32492,"Turner, C",M,33,1988-06-30,1988,133,CLOSED,
CC-32497,"Espinoza, T",M,24,2001-03-05,2001,713,CLOSED,214-555-4645
CC-32511,"Fields, L",M,5,2020-06-28,2020,133,OPEN,
CC-32521,"Bell, C",F,44,1992-12-05,1992,216,CLOSED,214-555-2753
CC-32538,"Mccoy, C",M,34,2014-08-07,2014,625,CLOSED,214-555-0232
CC-32552,"Torres, P",M,25,1998-09-20,1998,455,CLOSED,214-555-1474
CC-32554,"Lopez, D",M,25,1987-12-15,1987,717,CLOSED,214-555-1917
CC-32577,"Baker, V",M,31,2005-12-27,2005,555,CLOSED,214-555-4087
CC-32578,"Spencer, E",M,36,2004-08-02,2004,303,OPEN,
CC-32583,"Walker, E",M,31,1992-03-20,1992,651,CLOSED,
CC-32601,"Simmons, F",F,17,1986-06-22,1986,517,CLOSED,214-555-3257
CC-32636,"Porter, T",F,23,1995-03-15,1995,430,OPEN,214-555-5708
CC-32640,"Morales, E",M,13,2011-09-28,2011,529,CLOSED,214-555-0735
CC-32671,"Pruitt, B",M,14,1992-11-30,1992,519,CLOSED,214-555-4128
CC-32675,"Booker, A",M,40,1996-03-04,1996,553,CLOSED,214-555-3071
CC-32683,"Thompson, S",M,37,2018-01-20,2018,242,OPEN,214-555-5471
CC-32746,"Thomas, F",F,40,1987-11-15,1987,219,CLOSED,214-555-5341
CC-32760,"Davis, R",M,19,2005-11-08,2005,130,OPEN,214-555-6988
CC-32800,"Norris, K",F,26,2017-03-27,2017,430,CLOSED,
CC-32828,"Alvarez, B",M,35,2004-03-25,2004,505,CLOSED,
CC-32829,"Johnson, R",F,32,2012-07-15,2012,315,CLOSED,
CC-32856,"Mendoza, C",M,23,2025-01-25,2025,741,OPEN,
CC-32863,"Miller, H",M,22,2015-06-27,2015,631,CLOSED,214-555-5205
CC-32872,"Ortiz, C",M,32,1996-02-06,1996,521,OPEN,
CC-32917,"Fields, N",M,3,1994-11-19,1994,242,CLOSED,214-555-5954
CC-32924,"Okafor, D",M,4,2014-02-19,2014,247,CLOSED,214-555-9794
CC-32947,"Malone, H",M,42,1994-07-15,1994,157,CLOSED,214-555-3763
CC-32949,"Fields, T",M,25,1992-09-05,1992,630,CLOSED,214-555-2676
CC-32975,"Pruitt, S",M,28,1994-11-30,1994,430,OPEN,214-555-2897
CC-32976,"Reed, J",M,42,1994-01-15,1994,256,OPEN,
CC-33017,"Pruitt, K",M,36,1991-05-07,1991,457,CLOSED,214-555-3832
CC-33068,"Robinson, J",M,20,1986-03-15,1986,234,CLOSED,214-555-2307
CC-33081,"Turner, G",M,21,2011-04-29,2011,439,OPEN,214-555-3335
CC-33087,"Phillips, P",M,50,1985-06-22,1985,429,OPEN,
CC-33148,"Price, F",F,24,2016-06-30,2016,133,CLOSED,214-555-1437
CC-33194,"Hayes, S",M,17,2020-11-04,2020,521,CLOSED,214-555-3313
CC-33196,"Alvarez, N",M,14,2006-03-08,2006,529,OPEN,
CC-33221,"Ross, B",F,34,1993-07-17,1993,555,CLOSED,214-555-2092
CC-33231,"Stewart, S",M,0,2018-10-20,2018,412,CLOSED,
CC-33242,"Ramirez, D",M,35,2018-09-09,2018,328,OPEN,
CC-33248,"Martin, J",M,11,2008-11-18,2008,750,CLOSED,214-555-0802
CC-33257,"Marsh, R",M,53,1991-07-24,1991,741,CLOSED,214-555-5118
CC-33266,"Morales, C",F,34,1982-03-09,1982,150,CLOSED,214-555-1077
CC-33299,"Mitchell, F",F,43,1993-04-28,1993,242,CLOSED,214-555-0370
CC-33309,"Nelson, S",M,7,1987-08-11,1987,750,CLOSED,214-555-5695
CC-33312,"Green, K",M,27,2010-10-17,2010,529,OPEN,214-555-1228
CC-33348,"Henderson, P",M,39,1996-07-17,1996,241,CLOSED,214-555-0927
CC-33357,"Chavez, B",F,29,2005-03-17,2005,354,OPEN,
CC-33380,"Young, R",M,38,1985-06-04,1985,418,CLOSED,214-555-8265
CC-33383,"Jordan, A",F,,2025-11-05,2025,624,CLOSED,214-555-2204
CC-33389,"Reed, S",M,33,2015-05-28,2015,256,OPEN,214-555-8576
CC-33408,"Williams, J",M,16,2004-10-05,2004,412,CLOSED,214-555-8606
CC-33413,"Carter, K",M,,1987-04-09,1987,438,CLOSED,214-555-5242
CC-33435,"Fuentes, M",F,30,2021-05-02,2021,328,OPEN,
CC-33450,"Davis, W",M,52,1992-06-23,1992,208,CLOSED,
CC-33473,"Sanders, B",M,30,1997-06-28,1997,418,CLOSED,214-555-5922
CC-33494,"Hawkins, S",M,25,1987-12-23,1987,153,CLOSED,
CC-33498,"Herrera, G",M,25,1994-03-25,1994,612,CLOSED,
CC-33499,"Hughes, M",M,47,2024-07-07,2024,501,OPEN,
CC-33527,"Sims, G",M,25,1981-07-05,1981,455,CLOSED,
CC-33562,"Young, A",M,31,1989-08-07,1989,717,CLOSED,
CC-33571,"Collins, W",M,50,2006-06-23,2006,529,CLOSED,
CC-33583,"Young, B",M,31,2021-04-07,2021,303,CLOSED,214-555-9813
CC-33610,"James, S",F,7,2002-09-09,2002,119,OPEN,
CC-33616,"Castillo, P",M,22,2000-06-11,2000,133,OPEN,214-555-8092
CC-33625,"Walker, K",M,27,2000-04-24,2000,152,CLOSED,214-555-0247
CC-33668,"Stewart, R",F,29,1995-04-04,1995,629,OPEN,
CC-33669,"Nelson, T",F,14,1992-03-11,1992,121,OPEN,
CC-33682,"Coleman, M",F,38,1990-03-26,1990,119,OPEN,
CC-33714,"Bell, L",M,37,1989-01-13,1989,247,CLOSED,214-555-9491
CC-33731,"Mccoy, W",M,62,2021-05-11,2021,457,OPEN,
CC-33753,"Hughes, E",F,22,1998-04-05,1998,219,CLOSED,214-555-4001
CC-33754,"Walker, J",M,50,2023-08-31,2023,455,OPEN,214-555-2527
CC-33825,"Hawkins, D",F,22,2024-02-07,2024,420,OPEN,
CC-33831,"Watson, N",M,29,2020-05-01,2020,256,OPEN,
CC-33857,"Graham, N",M,55,1990-12-06,1990,651,CLOSED,
CC-33864,"Torres, S",M,9,1990-05-26,1990,631,CLOSED,214-555-0280
CC-33901,"Henderson, G",M,15,1987-01-26,1987,215,OPEN,214-555-1799
CC-33932,"Wilson, T",M,42,1997-12-15,1997,157,CLOSED,
CC-33935,"Perry, T",M,35,1992-09-25,1992,119,OPEN,214-555-1435
CC-33941,"Turner, M",M,45,1997-10-29,1997,741,CLOSED,214-555-5185
CC-33967,"Payne, F",M,34,1996-10-12,1996,724,CLOSED,214-555-1960
CC-33986,"Wallace, J",M,16,2016-05-26,2016,157,CLOSED,214-555-0833
CC-34021,"Guerrero, A",M,26,1991-05-05,1991,409,OPEN,
CC-34047,"Castillo, N",M,32,1993-11-18,1993,208,CLOSED,
CC-34048,"Carter, F",F,19,2011-06-21,2011,631,OPEN,
CC-34054,"Price, H",U,30,2013-01-31,2013,630,CLOSED,214-555-5478
CC-34066,"Wilson, H",F,38,2022-01-05,2022,303,CLOSED,
CC-34082,"Hawkins, E",M,12,1993-03-14,1993,247,OPEN,
CC-34097,"Scott, M",M,63,2013-06-15,2013,430,CLOSED,214-555-3819
CC-34129,"Banks, P",M,5,1981-02-12,1981,429,OPEN,
CC-34150,"Holland, H",F,22,1990-06-23,1990,208,CLOSED,
CC-34183,"Foster, C",M,57,1988-12-28,1988,555,OPEN,
CC-34190,"Davis, D",M,15,1996-12-07,1996,430,OPEN,
CC-34242,"Carter, F",M,27,2012-06-29,2012,553,CLOSED,
CC-34245,"Price, G",M,38,1986-02-18,1986,328,CLOSED,
CC-34273,"Sanders, N",M,42,1992-11-28,1992,550,CLOSED,214-555-9095
CC-34290,"Turner, W",M,12,1987-02-02,1987,303,CLOSED,214-555-7726
CC-34298,"Tucker, P",F,23,2020-11-05,2020,501,CLOSED,
CC-34301,"Gibson, C",M,43,1998-02-23,1998,529,CLOSED,214-555-7520
CC-34319,"Ford, C",M,22,1989-11-07,1989,,CLOSED,214-555-8358
CC-34350,"Foster, V",M,39,1985-02-11,1985,326,OPEN,214-555-6417
CC-34428,"Tucker, V",M,39,1995-01-02,1995,219,CLOSED,214-555-3704
CC-34532,"Hawkins, P",F,23,2018-04-19,2018,519,CLOSED,214-555-8870
CC-34549,"Bryant, M",F,20,2006-05-27,2006,750,CLOSED,
CC-34551,"Lane, W",F,27,2022-12-10,2022,451,OPEN,
CC-34552,"Jordan, J",M,48,2020-09-13,2020,242,CLOSED,214-555-7438
CC-34565,"Gibson, F",M,6,2012-12-04,2012,,CLOSED,214-555-8601
CC-34569,"Davis, T",M,29,2021-10-13,2021,,CLOSED,
CC-34594,"Nguyen, S",U,35,1990-10-30,1990,217,CLOSED,214-555-9839
CC-34606,"Perez, D",U,50,1989-10-29,1989,438,CLOSED,
CC-34630,"Medina, D",F,18,1989-07-21,1989,359,OPEN,
CC-34656,"Moore, S",M,19,1981-09-15,1981,241,CLOSED,
CC-34665,"Wright, A",M,23,2024-04-19,2024,519,OPEN,214-555-1419
CC-34673,"Watson, S",M,30,1985-03-20,1985,420,CLOSED,214-555-4176
CC-34679,"Castillo, F",M,31,2020-07-18,2020,505,OPEN,
CC-34700,"Bryant, L",M,65,2010-11-19,2010,717,OPEN,
CC-34706,"Caldwell, W",F,54,2020-03-21,2020,438,OPEN,
CC-34738,"Grant, V",M,46,2019-11-03,2019,,OPEN,
CC-34740,"Ruiz, F",M,23,1989-03-17,1989,328,CLOSED,214-555-4666
CC-34784,"Sanders, F",M,56,2001-08-15,2001,157,CLOSED,214-555-5598
CC-34795,"Price, S",M,19,1998-09-15,1998,517,OPEN,
CC-34801,"Castillo, W",M,37,2016-07-11,2016,315,OPEN,214-555-4655
CC-34806,"Trammell, G",M,46,1987-05-11,1987,208,CLOSED,214-555-5582
CC-34812,"Herrera, V",M,39,1997-03-05,1997,338,CLOSED,
CC-34863,"Ellis, F",M,17,2025-09-22,2025,501,OPEN,
CC-34869,"Booker, G",M,29,1991-12-25,1991,612,CLOSED,
CC-34917,"Lane, T",M,26,1998-04-11,1998,750,CLOSED,214-555-3456
CC-34920,"Bell, V",M,32,1998-09-15,1998,216,CLOSED,
CC-34956,"Holland, S",M,31,2016-06-24,2016,409,OPEN,214-555-5748
CC-34965,"Thomas, R",F,24,2021-03-09,2021,550,CLOSED,
CC-34971,"Ward, R",M,36,2023-07-28,2023,410,OPEN,
CC-34990,"Herrera, D",F,42,1987-05-29,1987,438,CLOSED,
CC-35006,"Ortiz, V",M,24,1990-11-14,1990,119,CLOSED,214-555-7146
CC-35013,"Turner, B",M,15,1985-12-22,1985,438,CLOSED,214-555-6452
CC-35028,"Gibson, W",M,31,1987-11-21,1987,303,CLOSED,
CC-35033,"Miller, K",M,22,1990-08-04,1990,439,CLOSED,214-555-6396
CC-35037,"Okafor, A",M,41,2020-01-24,2020,150,OPEN,
CC-35054,"Okafor, F",M,46,2011-07-13,2011,717,CLOSED,214-555-4444
CC-35056,"Thomas, N",M,13,2016-02-25,2016,553,OPEN,214-555-0453
CC-35059,"Sanders, C",M,2,1992-06-11,1992,625,OPEN,
CC-35067,"Payne, K",M,17,2018-12-30,2018,651,CLOSED,214-555-4419
CC-35076,"Tucker, H",M,30,2011-06-24,2011,724,OPEN,214-555-7152
CC-35097,"Martinez, N",M,20,2000-08-19,2000,455,OPEN,214-555-5944
CC-35110,"James, E",M,,2019-07-05,2019,418,OPEN,
CC-35127,"Harris, A",M,21,1986-05-31,1986,338,CLOSED,
CC-35173,"Gibson, L",M,39,2022-06-30,2022,612,OPEN,
CC-35197,"Sullivan, K",M,41,2013-04-02,2013,409,CLOSED,214-555-1179
CC-35207,"Stewart, H",M,35,2004-09-20,2004,241,CLOSED,
CC-35243,"Castillo, S",F,9,2009-06-08,2009,750,CLOSED,214-555-6180
CC-35266,"Castillo, R",F,22,2003-04-01,2003,439,CLOSED,214-555-0255
CC-35271,"Jordan, N",F,28,2013-09-16,2013,,OPEN,214-555-5100
CC-35294,"Payne, V",M,,2024-10-11,2024,629,OPEN,214-555-4421
CC-35315,"Trammell, G",M,28,1997-12-27,1997,519,OPEN,
CC-35318,"Lane, M",M,31,1984-07-08,1984,153,OPEN,214-555-8675
CC-35336,"Herrera, A",M,41,1995-10-17,1995,754,OPEN,214-555-5278
CC-35362,"Martinez, R",M,47,1990-01-21,1990,241,CLOSED,214-555-4274
CC-35367,"Thomas, M",M,43,1982-04-08,1982,133,OPEN,
CC-35393,"Tucker, G",F,44,1990-08-24,1990,651,CLOSED,214-555-8925
CC-35402,"Espinoza, G",M,38,2008-04-18,2008,550,OPEN,
CC-35421,"Owens, J",M,23,1996-12-20,1996,430,OPEN,
CC-35434,"Wright, C",F,25,2009-06-19,2009,631,OPEN,214-555-3206
CC-35442,"Sanders, S",M,39,2018-07-20,2018,315,CLOSED,
CC-35493,"Flores, G",M,36,2002-03-09,2002,612,OPEN,
CC-35494,"Jordan, M",M,32,2010-11-11,2010,326,OPEN,
CC-35507,"Spencer, L",M,52,2016-10-18,2016,429,CLOSED,214-555-9675
CC-35550,"Henderson, K",U,4,1994-08-07,1994,130,OPEN,
CC-35554,"Trammell, L",M,33,2019-04-02,2019,359,CLOSED,
CC-35602,"Jordan, L",F,27,1989-12-27,1989,451,CLOSED,214-555-5992
CC-35620,"Young, F",M,12,2022-12-05,2022,713,OPEN,214-555-5663
CC-35674,"Chavez, P",M,22,1990-03-31,1990,526,CLOSED,
CC-35684,"Adams, W",M,17,2013-06-23,2013,326,OPEN,
CC-35706,"Harris, T",M,48,1983-07-03,1983,629,OPEN,
CC-35728,"Wells, K",U,35,2007-02-14,2007,,OPEN,
CC-35755,"Delgado, A",M,42,2001-07-15,2001,410,CLOSED,214-555-8792
CC-35794,"Graham, C",M,,2019-10-08,2019,202,CLOSED,
CC-35812,"Henderson, K",M,37,1998-04-04,1998,754,CLOSED,214-555-5491
CC-35821,"Holland, F",M,29,1988-01-11,1988,315,OPEN,
CC-35824,"Carter, R",M,28,1986-03-21,1986,717,CLOSED,
CC-35839,"Stewart, F",F,51,1993-12-23,1993,631,CLOSED,214-555-3466
CC-35881,"Owens, V",M,31,1998-05-14,1998,451,OPEN,214-555-5435
CC-35925,"Tate, B",M,13,2012-12-28,2012,612,CLOSED,214-555-9455
CC-35931,"Smith, P",M,6,1987-03-30,1987,430,CLOSED,214-555-7340
CC-35987,"Douglas, H",M,46,1992-02-17,1992,119,CLOSED,214-555-4720
CC-35994,"Sanders, F",M,13,1986-04-29,1986,750,CLOSED,214-555-5096
CC-36008,"Lopez, R",M,39,2021-10-17,2021,219,OPEN,
CC-36014,"Walker, K",F,22,2017-03-24,2017,451,OPEN,214-555-9300
CC-36023,"Scott, R",M,63,2011-08-29,2011,242,CLOSED,214-555-6428
CC-36053,"King, V",F,34,2013-10-16,2013,501,CLOSED,
CC-36057,"Ortiz, D",F,46,2006-02-18,2006,,CLOSED,214-555-7867
CC-36076,"Nelson, H",M,26,1999-02-23,1999,630,CLOSED,214-555-2628
CC-36124,"Bryant, M",F,39,2008-05-01,2008,420,OPEN,
CC-36132,"Tate, T",M,43,2008-05-30,2008,457,CLOSED,214-555-1245
CC-36156,"Adams, A",M,10,2023-10-29,2023,651,OPEN,
CC-36159,"Wells, J",F,45,1997-08-12,1997,246,CLOSED,214-555-6868
CC-36177,"Miller, A",M,15,2019-10-03,2019,553,CLOSED,214-555-1847
CC-36207,"Adams, J",M,18,1981-09-09,1981,303,OPEN,
CC-36308,"Carter, A",M,19,2010-08-01,2010,338,OPEN,
CC-36319,"Mendoza, R",M,32,2024-01-19,2024,455,OPEN,
CC-36331,"Brooks, N",M,37,2023-10-17,2023,241,CLOSED,
CC-36346,"Guerrero, S",F,19,2001-03-17,2001,457,OPEN,
CC-36407,"Harris, G",M,39,1993-08-07,1993,420,OPEN,
CC-36416,"James, W",M,,1987-03-10,1987,409,CLOSED,214-555-1943
CC-36434,"Castillo, S",F,34,2002-09-25,2002,153,CLOSED,
CC-36437,"Jackson, G",M,21,1996-04-27,1996,328,OPEN,214-555-7579
CC-36438,"Hill, W",M,38,1985-02-19,1985,519,CLOSED,
CC-36444,"Jenkins, F",M,36,2025-02-27,2025,651,OPEN,214-555-2568
CC-36457,"Delgado, C",M,41,1993-11-15,1993,354,CLOSED,214-555-2481
CC-36458,"Coleman, P",M,26,2008-03-11,2008,133,CLOSED,214-555-8154
CC-36465,"Baker, K",M,16,2024-06-09,2024,247,CLOSED,214-555-5347
CC-36485,"Thompson, D",M,49,1996-01-29,1996,519,OPEN,214-555-6960
CC-36501,"Moore, H",F,36,2004-01-08,2004,429,CLOSED,
CC-36502,"Reyes, H",M,23,2012-06-27,2012,630,CLOSED,214-555-5525
CC-36530,"Fuentes, P",F,45,1999-11-24,1999,234,CLOSED,
CC-36548,"Lane, N",F,31,2001-04-22,2001,519,CLOSED,214-555-0630
CC-36576,"Mitchell, R",M,50,2012-01-14,2012,202,OPEN,214-555-6609
CC-36583,"Sullivan, B",M,43,2015-03-18,2015,438,OPEN,214-555-5228
CC-36587,"Miller, H",F,17,2012-05-22,2012,409,CLOSED,
CC-36589,"Hill, C",F,33,1996-08-03,1996,420,CLOSED,214-555-8641
CC-36600,"Vargas, L",F,19,1996-06-18,1996,625,CLOSED,214-555-1411
CC-36629,"Medina, E",M,29,1990-03-22,1990,216,CLOSED,214-555-2789
CC-36648,"Hall, L",M,26,2005-05-13,2005,457,OPEN,
CC-36658,"Walker, E",M,27,2003-10-20,2003,713,CLOSED,
CC-36670,"Edwards, L",M,35,2002-09-20,2002,629,OPEN,
CC-36677,"Hayes, G",M,40,2023-04-03,2023,521,OPEN,214-555-2326
CC-36684,"Ramos, M",M,19,1994-07-04,1994,612,CLOSED,214-555-7883
CC-36698,"Green, J",M,,1981-07-31,1981,215,CLOSED,214-555-4618
CC-36709,"Medina, S",M,48,2018-10-21,2018,119,CLOSED,
CC-36740,"Grant, E",M,0,2010-11-28,2010,457,OPEN,
CC-36747,"Perez, S",M,17,2007-01-22,2007,133,CLOSED,
CC-36784,"Reed, B",M,32,1981-10-26,1981,,CLOSED,214-555-8903
CC-36796,"Wright, G",M,15,2015-12-25,2015,202,CLOSED,214-555-9492
CC-36802,"Stewart, W",M,28,2006-07-02,2006,724,OPEN,214-555-7585
CC-36817,"Perry, V",F,42,2001-06-01,2001,133,OPEN,214-555-0669
CC-36838,"Lane, D",M,28,2006-08-30,2006,630,CLOSED,
CC-36839,"Brooks, R",M,32,1992-05-31,1992,612,CLOSED,214-555-9440
CC-36861,"Marsh, R",M,12,1990-02-22,1990,651,CLOSED,
CC-36882,"Porter, R",M,12,1998-12-31,1998,631,CLOSED,
CC-36896,"Dixon, A",M,47,1991-03-21,1991,157,CLOSED,214-555-5305
CC-36910,"Jordan, C",M,41,1994-10-22,1994,429,OPEN,214-555-7119
CC-36924,"Robinson, C",M,39,1983-04-16,1983,717,CLOSED,214-555-5979
CC-36972,"Lewis, D",M,7,2003-04-28,2003,152,OPEN,214-555-6997
CC-37002,"Stewart, F",F,,1991-11-25,1991,216,CLOSED,
CC-37039,"Mendoza, F",M,55,2010-05-23,2010,150,CLOSED,
CC-37059,"Delgado, R",F,48,1982-03-23,1982,624,CLOSED,214-555-1032
CC-37064,"Sanchez, V",M,26,2023-09-04,2023,625,OPEN,214-555-2778
CC-37085,"Gomez, P",M,18,1993-07-16,1993,241,CLOSED,214-555-1027
CC-37110,"Hayes, S",M,30,2011-10-01,2011,152,CLOSED,
CC-37117,"Jackson, C",M,18,2025-02-24,2025,612,CLOSED,
CC-37145,"Hill, V",M,36,2008-04-19,2008,501,CLOSED,214-555-1639
CC-37147,"Chavez, V",M,30,1991-08-20,1991,624,CLOSED,
CC-37184,"Owens, V",M,37,1984-09-18,1984,420,CLOSED,214-555-1896
CC-37187,"Patterson, H",M,41,2024-07-18,2024,354,OPEN,
CC-37334,"Navarro, J",F,20,1985-10-01,1985,750,CLOSED,
CC-37344,"Rodriguez, L",M,42,2013-04-25,2013,242,OPEN,
CC-37365,"Ramirez, M",M,22,1997-12-09,1997,119,CLOSED,
CC-37374,"Robinson, V",M,23,1986-03-18,1986,152,CLOSED,214-555-2841
CC-37382,"Grant, C",M,46,2002-05-24,2002,256,OPEN,
CC-37384,"Miller, C",M,19,1991-10-22,1991,754,CLOSED,214-555-0332
CC-37406,"Delgado, M",F,9,2016-08-03,2016,412,OPEN,214-555-7304
CC-37426,"Morales, L",M,5,2024-12-23,2024,412,CLOSED,214-555-3761
CC-37440,"Hughes, S",F,31,2023-04-03,2023,150,OPEN,
CC-37441,"Torres, M",M,13,1993-04-14,1993,630,OPEN,
CC-37444,"Washington, J",M,23,1994-03-20,1994,651,OPEN,214-555-5034
CC-37468,"Ortiz, A",F,34,2006-03-03,2006,216,CLOSED,
CC-37556,"Ford, W",M,17,1981-03-30,1981,119,CLOSED,
CC-37584,"Mitchell, C",M,34,2008-08-08,2008,409,OPEN,
CC-37587,"Malone, E",M,40,2008-05-05,2008,133,CLOSED,214-555-6608
CC-37596,"Brooks, D",M,19,1992-01-18,1992,717,OPEN,214-555-0310
CC-37606,"Bell, R",F,40,1993-06-25,1993,216,CLOSED,
CC-37624,"Malone, N",M,23,2017-07-05,2017,529,OPEN,214-555-2061
CC-37631,"Douglas, L",F,1,2008-07-20,2008,152,CLOSED,214-555-6279
CC-37637,"Ward, L",F,45,2004-09-16,2004,550,CLOSED,214-555-4223
CC-37666,"Ortiz, B",M,59,1999-05-15,1999,216,OPEN,
CC-37668,"Wells, L",M,25,1994-08-08,1994,457,OPEN,214-555-3023
CC-37732,"Wilson, S",M,24,1987-12-18,1987,553,CLOSED,214-555-6090
CC-37738,"Chavez, H",M,,2017-02-19,2017,409,OPEN,
CC-37753,"Tate, B",M,26,1986-06-27,1986,256,CLOSED,214-555-3707
CC-37768,"Mendoza, L",M,18,2022-02-14,2022,553,OPEN,214-555-6904
CC-37795,"Ramos, N",M,16,1983-02-16,1983,208,CLOSED,214-555-9320
CC-37816,"Reed, L",M,22,2024-02-04,2024,724,CLOSED,
CC-37855,"White, B",F,54,2015-02-18,2015,717,OPEN,
CC-37870,"Castillo, A",M,23,1990-07-20,1990,338,CLOSED,214-555-7324
CC-37960,"Ramirez, J",M,8,1989-10-07,1989,153,CLOSED,
CC-37971,"Torres, M",M,,1994-01-28,1994,550,CLOSED,214-555-7767
CC-38001,"Howard, N",M,25,1995-07-19,1995,629,CLOSED,214-555-3924
CC-38014,"Flores, J",F,48,1996-07-11,1996,526,OPEN,214-555-0810
CC-38019,"Sullivan, T",M,25,2009-04-11,2009,338,CLOSED,
CC-38039,"Payne, F",M,36,2023-01-25,2023,359,CLOSED,
CC-38051,"Torres, N",M,37,2022-07-21,2022,338,OPEN,214-555-1626
CC-38110,"Dixon, E",M,13,2010-10-28,2010,651,CLOSED,214-555-2827
CC-38111,"Thompson, S",M,23,2017-12-18,2017,651,OPEN,
CC-38196,"Ortiz, N",M,16,2004-06-15,2004,409,CLOSED,
CC-38197,"Vargas, F",M,40,2019-08-30,2019,246,OPEN,
CC-38203,"Sullivan, C",F,45,1995-09-29,1995,430,OPEN,214-555-6223
CC-38249,"Wilson, W",M,28,2000-01-13,2000,451,OPEN,214-555-5109
CC-38272,"Lopez, D",M,54,2001-01-02,2001,631,CLOSED,214-555-8556
CC-38296,"Marsh, S",M,35,1992-09-29,1992,133,CLOSED,214-555-3607
CC-38297,"Perez, K",M,17,1989-10-08,1989,750,OPEN,
CC-38350,"Sanders, P",M,47,1987-06-17,1987,202,CLOSED,214-555-5157
CC-38370,"King, W",M,13,2012-11-24,2012,724,OPEN,214-555-6629
CC-38372,"James, K",M,32,2008-04-03,2008,526,CLOSED,214-555-8559
CC-38386,"Green, M",F,32,1994-01-06,1994,202,CLOSED,
CC-38437,"Jackson, A",F,29,2019-04-28,2019,505,OPEN,
CC-38457,"Chavez, J",M,28,2019-07-18,2019,526,CLOSED,214-555-2485
CC-38460,"Martinez, E",M,27,2002-07-29,2002,242,CLOSED,214-555-0889
CC-38468,"Lopez, A",F,21,2021-12-20,2021,338,CLOSED,
CC-38546,"Stewart, S",F,19,2018-11-22,2018,215,CLOSED,
CC-38569,"Fields, K",M,18,2005-10-05,2005,625,OPEN,
CC-38606,"Ruiz, G",M,22,2006-05-23,2006,526,CLOSED,214-555-9933
CC-38612,"Graham, W",M,23,1993-04-06,1993,157,CLOSED,
CC-38626,"Nelson, P",M,29,2016-06-17,2016,217,OPEN,214-555-4989
CC-38672,"Medina, P",M,16,2014-11-24,2014,550,CLOSED,214-555-0979
CC-38695,"Parker, V",F,29,2016-09-08,2016,150,CLOSED,214-555-9775
CC-38707,"Simmons, B",M,,1989-04-19,1989,625,OPEN,
CC-38721,"Torres, F",M,31,1994-06-07,1994,217,OPEN,214-555-4644
CC-38832,"Woods, S",M,31,1999-10-02,1999,303,CLOSED,214-555-5729
CC-38838,"Caldwell, K",M,42,2022-02-14,2022,242,OPEN,214-555-4024
CC-38850,"Baker, F",M,,1985-04-01,1985,555,CLOSED,214-555-8540
CC-38888,"Brooks, A",M,19,2020-04-07,2020,208,CLOSED,214-555-5485
CC-38892,"Patterson, B",M,40,2000-04-24,2000,338,OPEN,214-555-7333
CC-38894,"Flores, D",M,18,2013-08-16,2013,215,CLOSED,
CC-38929,"Simmons, F",U,15,2017-11-27,2017,242,CLOSED,214-555-9560
CC-38951,"Jackson, N",M,23,2012-09-11,2012,242,OPEN,214-555-9605
CC-38952,"Mitchell, F",F,18,2020-12-13,2020,717,CLOSED,214-555-3386
CC-38978,"Baker, N",M,28,1990-02-21,1990,412,OPEN,
CC-38984,"Wilson, B",F,26,1994-01-07,1994,517,OPEN,
CC-39020,"Pruitt, W",F,44,2004-04-13,2004,741,CLOSED,214-555-9733
CC-39026,"Sanchez, A",M,36,1994-05-25,1994,202,CLOSED,
CC-39055,"Sanders, A",M,27,1996-11-06,1996,418,OPEN,214-555-8810
CC-39059,"Patterson, J",F,25,2019-02-11,2019,219,OPEN,
CC-39078,"Davis, B",M,66,1993-03-18,1993,526,OPEN,214-555-9939
CC-39108,"Sanchez, J",M,11,2018-03-04,2018,234,CLOSED,
CC-39112,"Patterson, P",M,24,2013-03-21,2013,553,OPEN,
CC-39129,"Flores, S",U,7,2022-02-14,2022,505,OPEN,
CC-39133,"Hall, L",M,30,2003-01-09,2003,359,CLOSED,214-555-3555
CC-39135,"Simmons, H",M,53,1991-08-18,1991,550,CLOSED,214-555-2158
CC-39142,"Trammell, B",M,47,1985-08-01,1985,612,OPEN,214-555-4957
CC-39214,"Pruitt, H",M,3,2017-09-29,2017,418,OPEN,
CC-39222,"Navarro, D",F,28,2015-04-15,2015,457,CLOSED,
CC-39234,"Guerrero, T",M,27,1993-03-06,1993,315,CLOSED,214-555-5825
CC-39239,"Webb, C",M,35,1991-03-19,1991,234,CLOSED,
CC-39240,"Washington, W",M,31,2020-12-05,2020,438,OPEN,
CC-39244,"Sanchez, A",M,39,2002-08-03,2002,412,CLOSED,214-555-7610
CC-39276,"Jackson, M",M,24,1996-02-10,1996,625,OPEN,
CC-39286,"Rodriguez, R",F,36,2015-10-21,2015,208,CLOSED,
CC-39336,"Adams, B",F,30,1991-05-17,1991,242,CLOSED,
CC-39337,"Sanders, S",M,51,2010-05-25,2010,724,OPEN,214-555-7110
CC-39338,"Garner, G",F,33,1984-12-04,1984,130,CLOSED,214-555-7792
CC-39359,"Williams, G",F,44,2023-11-26,2023,439,CLOSED,214-555-9585
CC-39369,"Cruz, L",M,10,2024-04-28,2024,438,CLOSED,
CC-39412,"Tate, M",M,12,1998-06-12,1998,153,CLOSED,214-555-5169
CC-39417,"Stewart, D",M,21,2017-08-30,2017,409,OPEN,
CC-39443,"King, B",M,28,2007-06-15,2007,451,OPEN,
CC-39455,"Bell, A",M,31,2018-09-19,2018,612,CLOSED,
CC-39456,"Smith, C",F,27,1996-05-01,1996,216,OPEN,
CC-39481,"Morales, P",F,35,2014-10-02,2014,418,CLOSED,214-555-0030
CC-39484,"Hawkins, J",M,35,1990-07-19,1990,420,OPEN,214-555-7238
CC-39494,"Ortiz, G",M,23,1985-06-12,1985,246,OPEN,
CC-39504,"Norris, P",M,,1982-03-26,1982,457,CLOSED,214-555-0854
CC-39513,"Miller, A",M,14,1995-05-08,1995,338,CLOSED,214-555-8025
CC-39532,"Hayes, D",M,26,2011-11-18,2011,242,OPEN,
CC-39535,"Howard, N",M,42,1988-11-24,1988,451,CLOSED,
CC-39539,"Fuentes, A",F,51,2015-04-22,2015,526,OPEN,214-555-2186
CC-39549,"Foster, J",F,31,2005-06-24,2005,420,OPEN,214-555-5431
CC-39556,"Torres, V",M,16,1986-06-08,1986,133,CLOSED,214-555-6743
CC-39570,"Reyes, V",M,21,2023-04-22,2023,529,OPEN,214-555-0403
CC-39582,"Rodriguez, T",F,45,2025-02-02,2025,439,CLOSED,214-555-1977
CC-39588,"Medina, E",M,49,2023-01-04,2023,624,OPEN,
CC-39609,"Torres, C",M,32,1997-05-31,1997,242,CLOSED,214-555-8717
CC-39623,"Coleman, P",M,10,1993-07-24,1993,625,CLOSED,
CC-39641,"Mitchell, J",M,42,2016-02-19,2016,215,CLOSED,214-555-4557
CC-39651,"Hall, R",M,13,1988-06-28,1988,717,CLOSED,
CC-39684,"Okafor, A",M,37,2017-09-24,2017,418,OPEN,214-555-8343
CC-39743,"Navarro, C",M,39,1997-11-09,1997,410,CLOSED,214-555-2955
CC-39753,"Marsh, L",F,47,1990-09-18,1990,202,OPEN,
CC-39821,"Delgado, S",M,,2013-05-17,2013,629,OPEN,214-555-2659
CC-39846,"Douglas, M",M,29,2002-06-20,2002,438,OPEN,
CC-39856,"Lopez, V",M,33,2022-01-24,2022,629,OPEN,214-555-3815
CC-39904,"Hughes, H",F,20,1990-06-03,1990,625,CLOSED,
CC-39914,"Robinson, T",M,52,1986-10-04,1986,219,CLOSED,214-555-7972
CC-39933,"Perez, H",M,40,2017-08-21,2017,328,OPEN,
CC-39941,"Evans, G",F,17,2025-09-18,2025,326,CLOSED,214-555-2262
CC-39974,"Graham, F",F,32,2020-07-28,2020,455,CLOSED,
CC-39989,"Smith, G",M,41,1998-01-05,1998,717,CLOSED,214-555-0636
CC-39992,"Owens, R",M,44,2003-09-18,2003,651,CLOSED,214-555-3874
CC-40014,"Carter, B",M,28,2016-03-26,2016,612,OPEN,
CC-40024,"Collins, E",M,31,2021-01-06,2021,133,OPEN,
CC-40035,"Stewart, E",M,30,2019-07-29,2019,216,OPEN,
CC-40042,"Gomez, N",M,23,1988-03-28,1988,409,OPEN,214-555-6390
CC-40053,"Trammell, F",F,26,2005-12-07,2005,631,CLOSED,214-555-2859
CC-40066,"Malone, E",M,53,2025-05-27,2025,242,OPEN,
CC-40078,"Washington, P",M,42,2011-11-04,2011,412,CLOSED,214-555-8419
CC-40104,"Wilson, F",F,32,1989-02-09,1989,219,CLOSED,214-555-9656
CC-40110,"Cruz, H",F,38,2023-10-24,2023,328,CLOSED,214-555-2113
CC-40139,"Richardson, F",M,42,1997-10-11,1997,241,CLOSED,214-555-1850
CC-40187,"Wells, V",M,34,2020-10-11,2020,505,OPEN,214-555-6360
CC-40210,"Evans, R",F,38,2004-06-06,2004,256,CLOSED,214-555-1904
CC-40245,"Vargas, H",M,56,2005-06-21,2005,153,CLOSED,
CC-40246,"Coleman, V",M,24,1988-12-11,1988,150,OPEN,
CC-40299,"Spencer, K",M,45,2001-11-17,2001,505,CLOSED,214-555-7523
CC-40346,"Martinez, F",M,10,2016-03-18,2016,741,CLOSED,
CC-40348,"Norris, M",M,31,2025-11-04,2025,202,OPEN,214-555-8370
CC-40393,"Nguyen, E",M,31,2023-03-28,2023,724,CLOSED,
CC-40422,"Banks, L",M,19,1996-12-02,1996,455,CLOSED,214-555-2806
CC-40427,"Porter, B",M,35,1990-08-15,1990,724,OPEN,
CC-40440,"Spencer, J",M,,1993-07-28,1993,359,OPEN,214-555-5246
CC-40451,"Wells, C",M,40,1993-10-06,1993,326,CLOSED,214-555-5710
CC-40453,"Grant, N",M,38,2016-09-22,2016,315,OPEN,214-555-8218
CC-40466,"Ruiz, H",F,27,1981-06-29,1981,625,CLOSED,
CC-40479,"Watson, K",M,38,1998-10-22,1998,412,CLOSED,
CC-40572,"King, T",M,22,2023-09-25,2023,631,OPEN,
CC-40581,"Perez, V",M,36,2019-08-15,2019,702,OPEN,214-555-7067
CC-40598,"Smith, J",M,0,1994-07-21,1994,150,CLOSED,214-555-7361
CC-40603,"Young, B",F,43,1995-05-16,1995,724,CLOSED,
CC-40604,"Alvarez, A",M,13,1987-04-24,1987,208,CLOSED,
CC-40610,"Williams, K",F,,2021-09-04,2021,630,OPEN,
CC-40617,"Garcia, E",M,43,1995-06-25,1995,412,CLOSED,214-555-0056
CC-40626,"Banks, G",M,54,2010-11-18,2010,,OPEN,214-555-9252
CC-40689,"Guerrero, K",M,19,1990-01-23,1990,529,CLOSED,
CC-40693,"Torres, G",M,0,2021-04-08,2021,741,CLOSED,
CC-40700,"Hall, H",M,30,1987-03-02,1987,121,CLOSED,
CC-40721,"Booker, K",F,31,2007-12-09,2007,625,CLOSED,214-555-2120
CC-40770,"Dixon, V",M,38,2019-07-10,2019,,CLOSED,214-555-4936
CC-40814,"Sanders, W",M,42,1991-04-19,1991,315,CLOSED,214-555-8874
CC-40828,"Delgado, S",M,,1989-05-08,1989,439,CLOSED,
CC-40833,"Payne, S",M,26,2011-09-16,2011,550,CLOSED,
CC-40840,"Tate, K",M,43,1997-06-23,1997,651,CLOSED,214-555-3570
CC-40842,"Thomas, H",M,16,1988-11-27,1988,315,CLOSED,
CC-40853,"Rodriguez, J",M,6,2002-12-08,2002,303,CLOSED,214-555-4906
CC-40868,"Vargas, G",M,21,2002-03-22,2002,234,CLOSED,
CC-40903,"Davis, F",M,7,1991-05-19,1991,439,CLOSED,214-555-0009
CC-40952,"Lewis, D",M,25,1997-04-04,1997,256,CLOSED,214-555-6767
CC-40953,"Harris, S",M,24,1987-12-21,1987,303,OPEN,
CC-40957,"Richardson, K",M,28,2011-09-13,2011,234,CLOSED,214-555-6284
CC-40961,"Douglas, C",F,53,1989-06-08,1989,430,CLOSED,214-555-1698
CC-40968,"Richardson, E",M,,2025-11-04,2025,246,OPEN,
CC-40969,"Richardson, F",M,11,1993-07-19,1993,216,OPEN,
CC-40988,"Tucker, T",U,29,1992-10-27,1992,724,CLOSED,214-555-3133
CC-41001,"Bell, S",M,19,1990-05-16,1990,624,OPEN,214-555-5490
CC-41022,"Ward, P",M,18,2009-05-20,2009,553,CLOSED,214-555-9761
CC-41042,"Perry, L",M,28,1999-03-04,1999,451,CLOSED,214-555-1580
CC-41046,"Woods, G",M,26,1986-09-20,1986,256,CLOSED,214-555-8730
CC-41048,"Williams, G",M,37,2018-08-07,2018,216,CLOSED,
CC-41053,"Nelson, C",F,30,2021-07-09,2021,505,OPEN,
CC-41122,"Banks, V",M,21,1998-02-11,1998,216,CLOSED,
CC-41147,"Trammell, D",M,44,1994-05-16,1994,750,CLOSED,214-555-6989
CC-41162,"Fuentes, J",F,23,1994-10-16,1994,412,OPEN,214-555-1382
CC-41219,"Trammell, D",F,55,2015-01-31,2015,,CLOSED,
CC-41269,"Castillo, M",M,50,1986-04-28,1986,409,OPEN,
CC-41273,"Washington, A",M,40,1993-07-09,1993,631,CLOSED,
CC-41283,"Miller, N",M,25,2023-04-02,2023,625,CLOSED,214-555-9648
CC-41287,"Rodriguez, M",M,22,2018-01-03,2018,754,OPEN,
CC-41292,"Ward, T",M,18,2005-01-26,2005,418,CLOSED,214-555-7956
CC-41369,"Johnson, C",F,36,1994-03-19,1994,550,CLOSED,
CC-41395,"Hayes, N",F,41,1991-05-12,1991,208,CLOSED,
CC-41414,"Richardson, V",M,17,1997-04-02,1997,505,OPEN,
CC-41447,"Jordan, J",M,12,1988-02-16,1988,234,CLOSED,
CC-41462,"Ward, R",F,31,1997-10-29,1997,550,CLOSED,214-555-4800
CC-41481,"Medina, A",F,34,1982-06-05,1982,455,CLOSED,
CC-41515,"Price, J",F,29,1998-01-07,1998,153,OPEN,214-555-0426
CC-41538,"Owens, M",M,19,1990-06-17,1990,303,CLOSED,214-555-8624
CC-41584,"Green, G",M,48,1983-01-03,1983,713,CLOSED,214-555-5186
CC-41592,"Rivera, N",M,54,1990-02-09,1990,521,CLOSED,214-555-5500
CC-41601,"Lewis, A",F,40,2022-11-15,2022,505,OPEN,
CC-41608,"Davis, K",F,38,1996-06-21,1996,217,CLOSED,
CC-41621,"Hayes, R",F,13,2019-08-06,2019,119,OPEN,
CC-41623,"Garcia, C",M,43,1985-05-19,1985,550,CLOSED,214-555-6972
CC-41648,"Norris, J",M,31,2015-01-31,2015,724,CLOSED,214-555-1266
CC-41656,"Simmons, D",M,63,1998-01-22,1998,526,CLOSED,
CC-41657,"Payne, S",M,32,1994-06-12,1994,418,OPEN,214-555-0519
CC-41668,"Spencer, J",M,,2016-06-18,2016,631,OPEN,
CC-41680,"Henderson, M",F,37,2023-10-04,2023,439,CLOSED,
CC-41692,"Long, C",M,15,2017-03-19,2017,412,CLOSED,214-555-1538
CC-41710,"Torres, F",M,51,2012-08-30,2012,119,OPEN,
CC-41747,"Sanders, A",M,35,2002-09-24,2002,215,CLOSED,
CC-41748,"Turner, W",M,30,1985-04-02,1985,326,OPEN,214-555-0868
CC-41757,"Coleman, T",M,46,2018-10-12,2018,724,CLOSED,
CC-41768,"Simmons, F",M,23,2017-06-26,2017,216,CLOSED,214-555-4635
CC-41818,"Sims, L",M,41,2006-09-14,2006,526,CLOSED,214-555-1975
CC-41835,"Ramirez, N",M,30,1987-11-06,1987,754,CLOSED,
CC-41865,"Booker, B",M,15,1985-06-05,1985,439,CLOSED,214-555-2101
CC-41894,"Foster, K",M,33,1982-06-06,1982,130,CLOSED,214-555-8868
CC-41926,"Mendoza, D",F,30,2014-09-30,2014,625,CLOSED,
CC-41930,"Sanchez, A",M,43,2021-03-18,2021,335,CLOSED,
CC-41978,"Reed, A",M,,2002-03-04,2002,526,OPEN,214-555-5103
CC-41995,"Watson, G",M,47,1988-04-27,1988,130,CLOSED,214-555-5945
CC-42043,"Wallace, H",M,5,2020-10-17,2020,121,OPEN,
CC-42087,"Miller, V",M,21,2020-01-24,2020,529,OPEN,214-555-0005
CC-42089,"Ramirez, B",F,27,1995-09-15,1995,526,CLOSED,214-555-9658
CC-42090,"Navarro, P",F,29,1996-09-08,1996,750,CLOSED,214-555-1439
CC-42099,"Owens, D",M,,1997-07-07,1997,526,CLOSED,214-555-2111
CC-42111,"Dixon, L",M,15,2020-03-24,2020,630,CLOSED,
CC-42113,"Gomez, A",M,22,2013-10-11,2013,326,CLOSED,214-555-9358
CC-42124,"Douglas, E",M,23,1994-07-14,1994,215,CLOSED,
CC-42138,"Wallace, M",M,7,1994-02-03,1994,455,OPEN,
CC-42146,"Payne, M",M,52,2023-03-16,2023,219,CLOSED,
CC-42153,"Ward, A",F,34,1999-08-01,1999,702,CLOSED,
CC-42157,"Banks, K",M,11,2024-01-16,2024,247,OPEN,214-555-3352
CC-42184,"Booker, W",M,36,1996-06-10,1996,328,CLOSED,214-555-5272
CC-42186,"Torres, L",M,19,1990-10-04,1990,631,OPEN,
CC-42192,"Graham, R",F,23,1993-07-17,1993,430,CLOSED,214-555-7075
CC-42200,"Espinoza, T",F,16,2002-07-31,2002,439,CLOSED,
CC-42221,"Marsh, T",M,23,1990-05-21,1990,717,OPEN,
CC-42231,"Pruitt, G",M,27,2010-02-28,2010,455,CLOSED,214-555-7245
CC-42379,"Rivera, W",M,43,2022-04-22,2022,439,OPEN,
CC-42405,"Ross, G",M,23,2013-01-09,2013,412,CLOSED,214-555-8796
CC-42429,"Patterson, V",M,11,1989-07-07,1989,119,OPEN,214-555-4397
CC-42431,"Lewis, L",M,15,2022-09-17,2022,651,OPEN,
CC-42442,"Williams, E",M,17,2025-03-07,2025,517,OPEN,
CC-42450,"Johnson, M",M,38,1986-03-04,1986,631,CLOSED,214-555-0785
CC-42478,"Lewis, M",F,41,1996-10-24,1996,208,OPEN,
CC-42485,"Richardson, G",M,35,1999-01-01,1999,410,CLOSED,
CC-42525,"Sanders, P",M,26,2011-02-26,2011,517,OPEN,214-555-4939
CC-42545,"Fuentes, F",M,9,2015-08-09,2015,420,OPEN,
CC-42548,"Cruz, B",M,25,1999-11-13,1999,629,CLOSED,
CC-42623,"Harris, F",M,18,1997-10-18,1997,553,CLOSED,
CC-42630,"Trammell, L",M,50,1990-02-11,1990,631,CLOSED,214-555-6099
CC-42638,"Navarro, T",M,28,1981-04-26,1981,121,OPEN,214-555-8304
CC-42651,"Long, D",F,16,2023-01-04,2023,247,OPEN,
CC-42665,"Pruitt, T",M,24,2010-04-04,2010,121,CLOSED,
CC-42710,"Edwards, V",M,40,2000-03-04,2000,354,CLOSED,214-555-3679
CC-42717,"Edwards, L",M,26,1982-11-03,1982,717,CLOSED,
CC-42768,"Booker, W",M,33,1991-10-06,1991,157,OPEN,
CC-42773,"Alvarez, L",F,49,1989-04-02,1989,717,CLOSED,214-555-6790
CC-42776,"Ortiz, H",M,41,1996-07-13,1996,553,CLOSED,214-555-9977
CC-42780,"Rodriguez, D",M,24,2025-06-30,2025,410,CLOSED,
CC-42812,"Martinez, C",M,40,2000-10-08,2000,529,CLOSED,
CC-42848,"Hayes, T",M,33,1994-12-03,1994,215,CLOSED,
CC-42860,"Smith, H",M,37,1992-12-11,1992,303,OPEN,
CC-42913,"Walker, C",M,47,2007-06-27,2007,246,OPEN,
CC-42937,"Dixon, W",M,39,1994-06-22,1994,430,OPEN,214-555-0232
CC-42962,"Hill, H",F,28,1991-04-11,1991,303,CLOSED,
CC-42986,"Richardson, S",M,,1996-05-24,1996,555,OPEN,
CC-42994,"Ford, K",M,26,1990-01-30,1990,150,CLOSED,214-555-3134
CC-43075,"Garcia, G",M,19,2021-01-17,2021,326,CLOSED,214-555-7026
CC-43085,"Gibson, L",M,28,1987-12-26,1987,359,OPEN,214-555-4449
CC-43116,"Hayes, B",F,,1992-01-15,1992,702,CLOSED,214-555-7164
CC-43117,"Turner, E",M,25,1998-05-30,1998,410,CLOSED,214-555-5562
CC-43134,"Howard, V",M,33,1996-11-13,1996,505,CLOSED,214-555-1498
CC-43190,"Woods, G",M,,2024-10-26,2024,612,CLOSED,214-555-9752
CC-43205,"Mccoy, R",M,67,2007-12-27,2007,256,CLOSED,
CC-43224,"Hill, V",F,38,2023-05-11,2023,651,OPEN,
CC-43234,"Young, L",M,16,2021-06-22,2021,412,CLOSED,
CC-43259,"Ross, M",F,32,2001-01-16,2001,526,CLOSED,214-555-1892
CC-43262,"Murphy, T",M,31,1991-09-11,1991,150,CLOSED,
CC-43264,"Sanchez, G",M,24,2006-08-04,2006,625,OPEN,
CC-43293,"Phillips, E",M,43,2019-11-30,2019,418,OPEN,
CC-43321,"Marsh, C",M,,2004-07-26,2004,326,OPEN,
CC-43339,"Dixon, J",F,11,1988-11-14,1988,247,OPEN,
CC-43371,"Gomez, T",M,36,1993-03-13,1993,246,CLOSED,
CC-43380,"Jenkins, P",M,45,1988-09-23,1988,335,CLOSED,214-555-5514
CC-43406,"Howard, P",M,41,2007-02-16,2007,430,CLOSED,
CC-43451,"Martin, T",M,22,1991-11-26,1991,741,CLOSED,214-555-0744
CC-43468,"Rivera, K",M,57,1993-06-14,1993,501,CLOSED,
CC-43499,"Castillo, G",M,45,1995-12-26,1995,219,CLOSED,
CC-43517,"Moore, L",F,26,2008-01-03,2008,256,CLOSED,214-555-1881
CC-43563,"Smith, K",M,36,1992-12-01,1992,338,CLOSED,214-555-0458
CC-43580,"Stewart, S",M,38,2022-11-17,2022,624,OPEN,214-555-7251
CC-43610,"Howard, H",M,39,2001-05-05,2001,455,CLOSED,214-555-8519
CC-43613,"Owens, B",M,32,1997-12-30,1997,157,CLOSED,214-555-1631
CC-43649,"Baker, C",M,5,1998-11-03,1998,521,OPEN,214-555-5270
CC-43667,"Fuentes, T",M,41,2015-03-06,2015,215,CLOSED,
CC-43679,"Morales, P",F,34,1988-01-25,1988,303,CLOSED,214-555-7493
CC-43694,"Herrera, B",M,33,1981-01-17,1981,208,CLOSED,214-555-3317
CC-43698,"Reed, E",U,62,2012-10-11,2012,315,CLOSED,
CC-43702,"Banks, M",F,46,2009-09-02,2009,750,CLOSED,214-555-0612
CC-43721,"Fields, B",M,49,2016-10-08,2016,215,CLOSED,214-555-1950
CC-43769,"Mitchell, C",M,52,2010-05-05,2010,338,OPEN,214-555-0003
CC-43776,"Tucker, W",M,18,2021-09-07,2021,438,CLOSED,214-555-0206
CC-43779,"Smith, B",M,55,2010-05-02,2010,553,OPEN,
CC-43780,"James, F",M,59,2022-09-26,2022,202,OPEN,
CC-43805,"Marsh, V",M,0,2012-01-18,2012,216,OPEN,
CC-43814,"Payne, T",M,34,2022-05-08,2022,202,CLOSED,214-555-1492
CC-43888,"Mendoza, V",M,47,1995-11-22,1995,625,OPEN,214-555-4822
CC-43918,"Porter, E",M,57,1997-08-12,1997,717,OPEN,214-555-7074
CC-43943,"Holland, L",M,34,1994-10-23,1994,624,OPEN,
CC-43944,"Green, R",M,26,1997-10-08,1997,529,CLOSED,
CC-43958,"Sanders, D",M,18,2000-03-31,2000,501,CLOSED,214-555-4325
CC-43986,"James, E",F,47,2022-03-02,2022,328,OPEN,214-555-3387
CC-44006,"Perry, R",M,17,1987-06-12,1987,152,CLOSED,
CC-44037,"Garner, R",F,37,1991-07-26,1991,754,CLOSED,
CC-44047,"Reed, S",F,21,2007-11-27,2007,501,CLOSED,
CC-44073,"Edwards, M",M,60,2014-06-24,2014,359,CLOSED,
CC-44123,"Miller, P",F,13,1991-10-22,1991,438,CLOSED,
CC-44125,"Wright, H",M,27,1987-01-17,1987,517,CLOSED,214-555-8501
CC-44210,"Hill, L",F,18,1992-12-15,1992,216,CLOSED,
CC-44219,"Martinez, F",F,28,1985-05-12,1985,303,CLOSED,214-555-7558
CC-44262,"James, G",M,50,2022-12-03,2022,133,OPEN,214-555-8419
CC-44277,"Lane, G",M,28,2003-11-12,2003,629,CLOSED,
CC-44319,"Baker, W",M,25,2003-03-04,2003,630,CLOSED,214-555-7968
CC-44341,"Coleman, A",F,50,1990-11-15,1990,702,CLOSED,
CC-44352,"Sanders, L",M,34,1983-11-23,1983,,CLOSED,214-555-1474
CC-44381,"Jenkins, S",M,19,2018-05-28,2018,418,OPEN,
CC-44414,"Mccoy, C",M,25,1990-11-21,1990,418,OPEN,
CC-44470,"Castillo, D",M,18,2009-01-11,2009,624,CLOSED,
CC-44485,"Parker, N",F,,2000-09-18,2000,625,OPEN,
CC-44490,"Fields, W",M,26,1998-11-24,1998,439,OPEN,214-555-4821
CC-44496,"Rivera, A",M,,2001-07-31,2001,359,CLOSED,
CC-44527,"Mitchell, S",U,17,2023-04-23,2023,741,OPEN,214-555-5707
CC-44589,"Rodriguez, K",M,29,1984-12-21,1984,,CLOSED,214-555-4709
CC-44598,"Perez, E",M,16,2008-08-20,2008,410,OPEN,214-555-2033
CC-44608,"Murphy, K",M,48,2019-11-11,2019,359,CLOSED,
CC-44628,"Jenkins, W",M,,1989-05-06,1989,717,CLOSED,214-555-5881
CC-44646,"Parker, S",M,25,1990-03-03,1990,234,CLOSED,
CC-44662,"Jordan, P",M,62,2009-07-13,2009,553,CLOSED,214-555-1571
CC-44670,"Osei, F",M,22,1997-03-17,1997,429,CLOSED,214-555-8232
CC-44689,"Carter, C",M,8,1994-05-21,1994,501,CLOSED,
CC-44694,"Martinez, K",M,11,1991-03-02,1991,256,CLOSED,214-555-3553
CC-44721,"Nelson, E",F,48,1997-10-03,1997,219,CLOSED,
CC-44727,"Martinez, M",M,39,1986-01-09,1986,741,CLOSED,
CC-44743,"Murphy, A",M,43,2005-02-06,2005,241,OPEN,
CC-44747,"Thomas, G",M,30,1992-05-04,1992,152,CLOSED,214-555-2538
CC-44757,"Trammell, J",M,30,1987-07-24,1987,651,CLOSED,214-555-4185
CC-44771,"Rivera, T",M,38,1990-08-17,1990,216,CLOSED,214-555-0894
CC-44775,"Edwards, V",M,3,2023-01-30,2023,409,CLOSED,214-555-6462
CC-44780,"King, H",F,26,1996-06-29,1996,629,CLOSED,214-555-9593
CC-44784,"Scott, S",M,35,2004-08-03,2004,153,CLOSED,
CC-44829,"Johnson, T",F,37,1999-01-13,1999,526,OPEN,
CC-44875,"Young, V",M,34,1994-10-27,1994,303,CLOSED,
CC-44881,"Douglas, V",M,42,2018-07-15,2018,150,OPEN,
CC-44885,"Moore, R",M,33,2022-04-02,2022,208,CLOSED,214-555-7210
CC-44901,"Smith, B",M,42,2008-07-28,2008,631,OPEN,214-555-7836
CC-44927,"Lopez, P",M,28,1990-07-26,1990,326,OPEN,
CC-44936,"Rodriguez, V",M,18,1992-04-12,1992,157,CLOSED,
CC-44951,"Martinez, T",M,27,2010-03-03,2010,612,CLOSED,214-555-0563
CC-44955,"Williams, B",M,14,1986-09-09,1986,526,CLOSED,214-555-6994
CC-44987,"Nelson, S",F,36,2017-03-04,2017,741,OPEN,214-555-9871
CC-44988,"Nguyen, M",M,35,1993-03-14,1993,121,CLOSED,214-555-9245
CC-45043,"Nguyen, A",M,30,1990-08-19,1990,750,CLOSED,
CC-45070,"Douglas, F",F,17,1986-05-08,1986,133,CLOSED,214-555-7658
CC-45116,"Ortiz, K",M,16,2002-10-29,2002,550,OPEN,214-555-1074
CC-45119,"Adams, N",M,18,1990-12-17,1990,624,CLOSED,214-555-3149
CC-45146,"Thompson, E",M,33,2018-11-09,2018,717,OPEN,214-555-5943
CC-45156,"Trammell, K",M,7,1984-02-23,1984,157,CLOSED,
CC-45200,"Thompson, K",M,35,1982-02-25,1982,359,CLOSED,214-555-8331
CC-45219,"Moore, B",M,16,2013-05-06,2013,526,CLOSED,214-555-3346
CC-45240,"Gomez, A",M,28,1989-12-16,1989,455,CLOSED,
CC-45262,"Price, D",M,28,2024-04-24,2024,,CLOSED,214-555-9134
CC-45275,"Hayes, A",M,38,2000-05-12,2000,315,CLOSED,214-555-2016
CC-45291,"Howard, W",M,37,2023-09-29,2023,246,OPEN,
CC-45301,"Marsh, J",M,44,2025-03-04,2025,335,OPEN,
CC-45321,"Washington, P",M,25,2013-12-30,2013,359,CLOSED,214-555-1957
CC-45322,"Long, W",M,21,1989-07-05,1989,651,CLOSED,214-555-6313
CC-45323,"Moore, N",M,39,1994-03-04,1994,153,CLOSED,
CC-45328,"Mitchell, V",M,18,1981-01-12,1981,410,CLOSED,214-555-8135
CC-45335,"Pruitt, R",F,37,1997-10-22,1997,133,CLOSED,
CC-45349,"Graham, C",M,26,1988-12-11,1988,517,OPEN,214-555-4226
CC-45364,"Perry, B",M,45,2007-05-04,2007,150,CLOSED,
CC-45408,"Wells, E",M,48,2012-06-12,2012,526,CLOSED,
CC-45410,"Medina, S",M,27,2022-07-25,2022,550,CLOSED,214-555-2251
CC-45435,"Ross, C",M,31,1993-07-05,1993,455,CLOSED,214-555-5952
CC-45462,"Garner, J",M,26,1983-11-06,1983,246,OPEN,
CC-45471,"Ramirez, A",M,30,2003-05-02,2003,157,CLOSED,
CC-45488,"Caldwell, W",M,48,1990-03-29,1990,517,OPEN,
CC-45509,"Okafor, E",M,27,1991-01-10,1991,612,CLOSED,
CC-45541,"Davis, H",M,44,2004-03-31,2004,724,CLOSED,214-555-6250
CC-45543,"Carter, B",M,30,1996-08-02,1996,130,OPEN,214-555-8001
CC-45558,"Walker, W",F,50,1985-01-10,1985,412,OPEN,214-555-8589
CC-45559,"Jackson, F",M,31,1981-10-16,1981,418,CLOSED,214-555-1771
CC-45577,"Rodriguez, C",M,37,2017-10-28,2017,438,CLOSED,214-555-4190
CC-45591,"Martinez, T",M,19,1985-07-05,1985,553,CLOSED,214-555-7379
CC-45596,"Delgado, P",U,36,2010-09-02,2010,501,OPEN,214-555-1501
CC-45638,"Gibson, T",M,37,1992-02-01,1992,420,CLOSED,214-555-4538
CC-45654,"Fields, G",M,31,2004-05-24,2004,152,CLOSED,214-555-7200
CC-45678,"Scott, N",M,30,2015-11-13,2015,517,CLOSED,
CC-45681,"Wilson, C",M,14,1998-01-10,1998,157,OPEN,214-555-9813
CC-45702,"Medina, K",M,49,1988-09-26,1988,550,OPEN,214-555-9614
CC-45706,"Malone, T",M,2,1990-07-03,1990,130,CLOSED,214-555-4139
CC-45713,"Tate, T",M,21,2021-01-06,2021,455,OPEN,214-555-8483
CC-45743,"Ford, F",M,3,1992-06-28,1992,133,OPEN,214-555-2739
CC-45748,"Phillips, L",M,36,1995-06-10,1995,241,CLOSED,
CC-45768,"Nguyen, G",M,,2006-10-27,2006,121,CLOSED,
CC-45810,"Vargas, V",M,34,2010-08-07,2010,303,CLOSED,
CC-45829,"Moore, D",M,1,1993-01-07,1993,315,CLOSED,214-555-2385
CC-45830,"Bryant, T",M,10,1995-10-31,1995,216,CLOSED,214-555-3848
CC-45831,"Hawkins, H",M,18,1995-12-01,1995,612,OPEN,214-555-5296
CC-45853,"Ward, P",F,23,1982-03-01,1982,724,CLOSED,214-555-5940
CC-45854,"Adams, P",M,32,1993-03-16,1993,,OPEN,214-555-7030
CC-45859,"Patterson, T",M,42,1995-10-05,1995,219,CLOSED,214-555-4833
CC-45864,"Dixon, M",M,31,2023-04-11,2023,750,CLOSED,214-555-0285
CC-45869,"Hayes, J",F,22,1984-09-12,1984,409,OPEN,214-555-4062
CC-45910,"Carter, D",M,14,2011-07-01,2011,133,OPEN,
CC-45914,"Parker, S",F,27,1991-07-06,1991,354,CLOSED,214-555-8322
CC-45933,"Jenkins, S",M,39,2002-07-31,2002,724,CLOSED,214-555-1492
CC-45960,"Mendoza, T",M,56,2024-10-26,2024,121,OPEN,
CC-46008,"Navarro, B",M,36,2009-11-04,2009,338,CLOSED,
CC-46016,"Perry, S",M,57,2012-11-19,2012,750,CLOSED,214-555-3429
CC-46079,"Ross, R",M,40,2024-10-03,2024,216,CLOSED,
CC-46082,"Mccoy, E",F,17,1983-08-21,1983,335,CLOSED,214-555-5098
CC-46119,"Mitchell, F",M,29,2018-12-30,2018,651,OPEN,
CC-46124,"Dixon, K",F,37,2016-12-04,2016,119,CLOSED,214-555-1816
CC-46131,"Patterson, W",F,56,2019-11-02,2019,303,OPEN,214-555-3907
CC-46133,"Ramos, S",F,33,2022-09-13,2022,439,OPEN,
CC-46157,"Holland, G",M,23,1993-12-13,1993,457,CLOSED,214-555-0248
CC-46185,"Young, K",M,1,1991-11-13,1991,550,CLOSED,214-555-5806
CC-46200,"Booker, C",M,26,1988-07-21,1988,219,CLOSED,
CC-46202,"Hill, S",M,39,1991-05-26,1991,150,CLOSED,214-555-5868
CC-46221,"Reed, B",M,31,2023-02-17,2023,328,CLOSED,
CC-46237,"Nguyen, R",M,46,2013-12-26,2013,409,CLOSED,214-555-2275
CC-46258,"Collins, V",U,48,1987-07-21,1987,326,CLOSED,
CC-46287,"Richardson, G",F,28,1990-08-16,1990,219,CLOSED,
CC-46290,"Brooks, M",M,47,2007-03-07,2007,256,OPEN,214-555-2939
CC-46295,"Tate, E",M,25,1993-04-29,1993,412,CLOSED,214-555-8671
CC-46330,"Mccoy, E",M,21,1982-08-19,1982,430,CLOSED,
CC-46333,"Gibson, B",M,40,2022-01-09,2022,219,OPEN,
CC-46353,"Williams, J",M,50,1997-09-14,1997,119,CLOSED,
CC-46382,"Holland, P",M,46,2011-08-15,2011,517,OPEN,
CC-46401,"Price, T",M,27,1989-03-03,1989,409,OPEN,214-555-2019
CC-46404,"Tucker, V",F,46,2007-11-10,2007,,OPEN,214-555-9686
CC-46442,"Moore, T",M,29,1997-06-26,1997,519,CLOSED,
CC-46445,"Flores, D",M,36,2002-07-01,2002,754,OPEN,
CC-46466,"Watson, V",M,37,1986-01-27,1986,429,CLOSED,214-555-4973
CC-46478,"Guerrero, F",M,25,1991-05-01,1991,130,CLOSED,214-555-6024
CC-46500,"Gibson, N",M,41,1994-10-18,1994,624,CLOSED,214-555-6041
CC-46508,"Brooks, L",M,46,2011-02-07,2011,359,OPEN,
CC-46515,"Harris, G",M,45,1986-12-24,1986,555,CLOSED,214-555-9036
CC-46534,"Watson, S",F,25,2018-12-13,2018,153,CLOSED,214-555-7503
CC-46547,"Reyes, N",F,10,2014-03-28,2014,505,CLOSED,214-555-5669
CC-46565,"Harris, H",F,11,2022-09-07,2022,526,OPEN,
CC-46567,"Woods, V",M,33,2015-02-11,2015,,OPEN,
CC-46569,"Bryant, V",M,38,1986-08-21,1986,429,OPEN,214-555-5703
CC-46580,"Sanchez, J",M,40,1989-10-19,1989,630,OPEN,
CC-46604,"Torres, D",M,40,1987-11-09,1987,429,CLOSED,214-555-3179
CC-46613,"Pruitt, W",M,28,2002-03-19,2002,439,OPEN,
CC-46615,"Malone, P",F,51,2020-08-11,2020,152,OPEN,214-555-4894
CC-46630,"Pruitt, S",M,2,1984-01-21,1984,429,CLOSED,214-555-0175
CC-46639,"Malone, S",M,10,2010-07-28,2010,651,CLOSED,
CC-46650,"Sanders, E",M,16,1983-11-26,1983,630,CLOSED,214-555-0499
CC-46653,"Wallace, A",M,9,2001-09-08,2001,315,CLOSED,214-555-6634
CC-46714,"Woods, G",F,50,2019-08-09,2019,338,OPEN,214-555-7799
CC-46718,"Brooks, E",M,,1997-02-23,1997,121,OPEN,
CC-46747,"Booker, S",M,38,2000-04-08,2000,430,OPEN,214-555-3536
CC-46808,"Alvarez, G",M,17,1989-10-13,1989,,CLOSED,
CC-46810,"Harris, D",F,40,1998-01-12,1998,328,CLOSED,
CC-46837,"Gomez, H",M,26,2023-07-08,2023,517,OPEN,
CC-46845,"Martin, H",F,50,2001-09-02,2001,418,OPEN,
CC-46863,"Ellis, N",M,30,1997-06-05,1997,335,OPEN,214-555-8132
CC-46902,"Collins, W",M,33,2015-08-27,2015,216,OPEN,
CC-46942,"Collins, F",M,22,2001-01-07,2001,438,CLOSED,
CC-46950,"Thompson, S",F,35,1997-02-03,1997,130,CLOSED,
CC-46954,"Price, F",M,33,1990-10-20,1990,202,CLOSED,214-555-8408
CC-46971,"Lopez, J",M,32,1995-02-16,1995,354,OPEN,
CC-46989,"Woods, D",M,24,2013-09-07,2013,455,CLOSED,
CC-47041,"Moore, E",F,13,2018-01-04,2018,501,OPEN,
CC-47051,"Edwards, W",F,20,2008-01-28,2008,750,OPEN,214-555-6062
CC-47065,"Jenkins, S",M,8,1985-08-07,1985,438,OPEN,
CC-47105,"Green, E",M,0,1988-09-05,1988,651,CLOSED,
CC-47121,"Trammell, D",F,25,2016-10-05,2016,153,CLOSED,
CC-47131,"Baker, M",M,0,1981-09-13,1981,713,CLOSED,
CC-47141,"Ramos, J",M,21,2006-11-02,2006,241,CLOSED,214-555-2281
CC-47202,"Fuentes, B",M,34,2003-12-26,2003,624,OPEN,214-555-7266
CC-47205,"Turner, C",F,28,2022-02-17,2022,256,OPEN,
CC-47210,"Espinoza, K",M,25,1991-04-27,1991,208,CLOSED,214-555-2159
CC-47220,"Spencer, E",M,25,1984-12-22,1984,519,CLOSED,214-555-0474
CC-47224,"Perry, P",M,34,1997-04-27,1997,457,CLOSED,
CC-47248,"Thomas, F",M,14,1995-03-28,1995,420,CLOSED,
CC-47252,"Bryant, T",F,21,1999-12-08,1999,354,CLOSED,214-555-3064
CC-47259,"Navarro, C",M,36,2007-08-26,2007,555,OPEN,214-555-8452
CC-47263,"Okafor, F",F,25,1997-04-01,1997,457,CLOSED,
CC-47274,"Smith, C",M,35,2005-10-07,2005,202,OPEN,214-555-0560
CC-47300,"Holland, F",M,48,2019-05-15,2019,328,OPEN,214-555-0848
CC-47309,"Trammell, B",M,43,2019-02-22,2019,359,OPEN,214-555-5997
CC-47350,"Coleman, T",M,32,1995-02-10,1995,152,CLOSED,214-555-4730
CC-47381,"Fields, H",M,32,1991-01-26,1991,359,CLOSED,
CC-47383,"Simmons, T",M,48,1996-02-20,1996,420,CLOSED,214-555-5489
CC-47415,"Phillips, V",M,49,2014-10-27,2014,526,CLOSED,
CC-47432,"Washington, B",M,47,2018-09-08,2018,359,CLOSED,
CC-47433,"Holland, N",M,16,2010-12-31,2010,717,OPEN,214-555-2381
CC-47460,"Price, L",M,10,2012-01-08,2012,451,OPEN,
CC-47490,"Chavez, W",M,20,1992-12-13,1992,202,OPEN,
CC-47498,"Mccoy, G",M,11,2006-01-18,2006,121,CLOSED,214-555-4240
CC-47514,"Baker, G",M,53,1995-03-19,1995,553,OPEN,214-555-5519
CC-47515,"Owens, D",M,18,1987-03-03,1987,153,CLOSED,
CC-47550,"Payne, W",M,28,1992-12-08,1992,553,CLOSED,
CC-47577,"Okafor, N",M,29,2024-08-29,2024,439,CLOSED,214-555-5604
CC-47611,"Jenkins, B",F,21,2006-11-25,2006,457,CLOSED,
CC-47617,"Cruz, V",M,27,2002-03-24,2002,208,CLOSED,
CC-47621,"Lewis, V",M,,1987-11-01,1987,526,CLOSED,214-555-7859
CC-47631,"Vargas, F",M,42,1991-08-19,1991,439,CLOSED,214-555-6298
CC-47645,"Lopez, G",M,27,1987-10-05,1987,455,CLOSED,
CC-47713,"Johnson, H",M,28,2023-07-22,2023,157,CLOSED,
CC-47743,"Spencer, N",M,47,2014-10-29,2014,505,OPEN,
CC-47758,"Dixon, A",F,29,1986-08-02,1986,750,CLOSED,214-555-7978
CC-47808,"Fields, E",F,42,1981-01-24,1981,517,OPEN,
CC-47871,"Carter, D",M,32,2005-09-14,2005,529,CLOSED,
CC-47877,"Vargas, S",M,21,1986-04-21,1986,430,CLOSED,
CC-47898,"Sims, B",F,34,1997-03-22,1997,256,CLOSED,
CC-47904,"Coleman, B",M,26,2024-10-12,2024,430,CLOSED,
CC-47926,"Webb, B",M,22,2013-10-24,2013,338,OPEN,
CC-47961,"Robinson, F",M,30,2013-11-04,2013,241,CLOSED,
CC-47978,"Wallace, R",M,,1998-07-21,1998,741,CLOSED,214-555-0703
CC-47997,"Ross, F",M,34,1996-05-12,1996,234,CLOSED,
CC-48023,"Jenkins, E",M,36,1989-02-02,1989,216,CLOSED,
CC-48030,"Simmons, V",M,17,1996-03-10,1996,130,OPEN,214-555-5216
CC-48039,"Ward, V",M,51,2022-09-26,2022,439,OPEN,214-555-7074
CC-48051,"Ramirez, D",M,25,1981-09-01,1981,157,CLOSED,
CC-48067,"Marsh, K",F,48,2023-10-18,2023,451,OPEN,214-555-2339
CC-48070,"White, E",M,32,2023-05-09,2023,750,OPEN,
CC-48087,"Morales, S",F,24,2014-10-31,2014,717,OPEN,
CC-48137,"Stewart, R",M,0,1990-07-30,1990,625,OPEN,
CC-48150,"Booker, W",M,43,2022-11-24,2022,326,OPEN,
CC-48179,"Delgado, D",M,18,1988-10-06,1988,624,CLOSED,214-555-3866
CC-48197,"Edwards, N",F,30,2002-04-18,2002,754,CLOSED,214-555-5069
CC-48204,"Medina, E",F,30,2001-05-02,2001,150,CLOSED,214-555-1270
CC-48221,"Jordan, D",M,37,2006-10-31,2006,217,CLOSED,214-555-3448
CC-48222,"Vargas, L",M,39,1995-08-14,1995,315,OPEN,
CC-48224,"Hughes, P",M,29,1983-01-31,1983,217,CLOSED,
CC-48255,"Simmons, J",M,20,1997-01-24,1997,438,OPEN,
CC-48347,"Howard, K",M,55,1989-08-08,1989,420,OPEN,214-555-1061
CC-48369,"Castillo, E",M,53,1995-06-15,1995,519,OPEN,
CC-48400,"Simmons, B",F,48,1999-06-17,1999,150,CLOSED,
CC-48404,"Baker, A",M,5,1998-06-29,1998,241,OPEN,214-555-2895
CC-48416,"Davis, B",F,3,1995-10-28,1995,501,CLOSED,
CC-48420,"Tate, E",M,11,1997-02-25,1997,455,CLOSED,214-555-6930
CC-48471,"Reyes, W",M,25,2024-12-11,2024,526,OPEN,214-555-4814
CC-48495,"Gibson, M",M,20,2000-10-04,2000,624,CLOSED,
CC-48516,"Edwards, H",M,20,1988-01-29,1988,256,CLOSED,214-555-5808
CC-48522,"Ramos, R",U,42,1989-01-21,1989,338,OPEN,
CC-48534,"Scott, K",M,13,2005-08-15,2005,119,OPEN,
CC-48535,"Espinoza, N",M,12,2018-10-14,2018,420,OPEN,
CC-48557,"Turner, G",M,28,2022-04-06,2022,410,CLOSED,
CC-48576,"Okafor, W",F,,1990-11-11,1990,409,CLOSED,
CC-48583,"Spencer, F",M,18,2014-05-20,2014,651,OPEN,214-555-0053
CC-48591,"Walker, C",M,47,2004-05-06,2004,157,CLOSED,214-555-1912
CC-48611,"Richardson, H",M,47,2012-01-10,2012,247,OPEN,214-555-9927
CC-48640,"Wright, G",F,50,1994-01-11,1994,455,CLOSED,
CC-48668,"Hawkins, N",M,62,2015-07-05,2015,631,OPEN,214-555-5369
CC-48678,"Reyes, K",M,24,2017-12-13,2017,,OPEN,214-555-2630
CC-48690,"Sanchez, J",M,32,2012-09-08,2012,215,OPEN,214-555-2848
CC-48707,"Phillips, R",M,26,2011-07-14,2011,256,OPEN,214-555-7902
CC-48709,"Navarro, H",M,24,2003-06-25,2003,410,OPEN,
CC-48720,"Carter, B",M,43,1993-05-15,1993,246,OPEN,
CC-48723,"Hughes, P",F,29,1995-01-21,1995,,CLOSED,214-555-2552
CC-48735,"Tate, E",M,31,2006-05-17,2006,702,CLOSED,214-555-1966
CC-48736,"Hawkins, R",M,26,2013-02-18,2013,157,OPEN,
CC-48755,"Sanchez, N",F,21,2022-06-15,2022,215,CLOSED,
CC-48768,"Thompson, M",F,40,2004-10-25,2004,625,CLOSED,214-555-4467
CC-48784,"King, B",M,30,1988-04-13,1988,335,CLOSED,
CC-48798,"Robinson, L",M,44,1982-08-05,1982,152,CLOSED,
CC-48804,"Lewis, W",M,40,1999-09-28,1999,625,OPEN,214-555-7638
CC-48808,"Evans, D",M,9,2017-06-24,2017,519,OPEN,214-555-4578
CC-48814,"Collins, S",F,31,1998-11-06,1998,130,OPEN,214-555-0009
CC-48815,"Martin, W",M,46,1995-03-03,1995,750,CLOSED,
CC-48822,"King, C",F,58,1995-05-02,1995,130,CLOSED,214-555-4389
CC-48823,"Edwards, L",M,31,1997-02-22,1997,420,OPEN,
CC-48839,"Dixon, C",M,56,2023-02-15,2023,713,CLOSED,
CC-48856,"Henderson, S",M,33,1988-12-17,1988,247,OPEN,214-555-7473
CC-48869,"Adams, S",M,21,1989-12-04,1989,555,CLOSED,
CC-48871,"Young, F",M,38,1987-03-11,1987,631,CLOSED,
CC-48873,"Wright, N",F,40,2020-11-02,2020,457,OPEN,214-555-6559
CC-48882,"Cruz, R",M,53,1986-03-10,1986,457,CLOSED,
CC-48935,"Williams, C",M,42,1993-11-21,1993,724,CLOSED,214-555-5267
CC-48969,"Garner, E",M,12,1994-05-18,1994,612,CLOSED,214-555-0640
CC-49011,"Graham, L",F,49,1994-06-17,1994,651,OPEN,
CC-49012,"Robinson, S",M,25,1985-12-17,1985,717,CLOSED,214-555-8764
CC-49024,"Carter, D",M,39,1991-09-13,1991,521,CLOSED,214-555-7099
CC-49044,"Hughes, N",M,33,1986-01-03,1986,741,CLOSED,214-555-3681
CC-49050,"Ford, N",F,28,1987-06-13,1987,439,CLOSED,
CC-49107,"Harris, G",M,,2005-10-01,2005,457,CLOSED,214-555-7681
CC-49113,"Price, E",M,31,2005-03-31,2005,555,CLOSED,
CC-49129,"Okafor, B",M,40,2002-06-10,2002,202,OPEN,
CC-49159,"Lewis, F",M,27,2023-11-28,2023,418,OPEN,
CC-49169,"Ellis, T",M,41,2020-10-24,2020,241,OPEN,
CC-49193,"Graham, R",F,35,2012-07-30,2012,326,OPEN,214-555-2077
CC-49214,"Parker, D",M,27,2018-02-24,2018,550,CLOSED,
CC-49221,"Ramirez, P",M,8,1990-03-08,1990,412,CLOSED,214-555-8020
CC-49229,"Martinez, G",M,32,2021-07-24,2021,119,CLOSED,214-555-2734
CC-49231,"Nguyen, B",F,46,2020-10-10,2020,717,OPEN,
CC-49252,"Coleman, H",M,30,2024-12-12,2024,457,CLOSED,
CC-49301,"Tate, P",M,30,1994-09-11,1994,241,CLOSED,
CC-49316,"Harris, E",F,28,2006-12-03,2006,553,OPEN,214-555-2285
CC-49344,"Thomas, T",M,53,1997-07-28,1997,439,CLOSED,214-555-7218
CC-49356,"Thompson, A",M,41,2016-10-21,2016,629,CLOSED,
CC-49358,"Ford, M",M,23,2008-01-21,2008,451,OPEN,
CC-49375,"Patterson, G",M,36,1993-10-07,1993,410,CLOSED,
CC-49384,"Lewis, N",M,40,2016-11-15,2016,629,OPEN,
CC-49398,"Cruz, H",M,24,1998-01-24,1998,651,CLOSED,214-555-0406
CC-49409,"Porter, B",M,49,2022-07-20,2022,754,CLOSED,214-555-3713
CC-49479,"Sanders, K",M,31,2006-02-16,2006,215,CLOSED,214-555-1039
CC-49494,"Osei, M",M,27,2018-08-17,2018,629,CLOSED,
CC-49531,"Cruz, L",M,39,2007-02-17,2007,451,CLOSED,214-555-2805
CC-49536,"Okafor, M",F,40,1989-02-17,1989,501,CLOSED,214-555-9940
CC-49558,"Marsh, L",M,39,1994-09-28,1994,219,CLOSED,
CC-49573,"Thomas, N",F,,1983-12-16,1983,359,CLOSED,
CC-49608,"Parker, P",F,58,2021-01-02,2021,247,OPEN,
CC-49624,"Richardson, T",M,27,2023-08-12,2023,152,OPEN,214-555-4735
CC-49662,"Fields, P",M,54,1994-08-24,1994,457,CLOSED,214-555-7425
CC-49698,"Lopez, S",M,,1997-09-25,1997,521,CLOSED,
CC-49700,"Payne, M",M,23,1985-10-30,1985,256,OPEN,214-555-7430
CC-49754,"Parker, D",F,40,1987-03-16,1987,215,OPEN,214-555-9381
CC-49768,"Parker, D",M,53,2017-10-27,2017,612,CLOSED,
CC-49786,"Robinson, R",M,45,2010-01-30,2010,553,CLOSED,214-555-4850
CC-49791,"Carter, B",M,12,1989-01-01,1989,457,CLOSED,
CC-49803,"Stewart, A",M,36,1999-06-09,1999,157,CLOSED,
CC-49818,"Norris, J",M,43,1986-09-07,1986,,CLOSED,
CC-49854,"Howard, H",M,17,2013-01-17,2013,439,CLOSED,
CC-49897,"Caldwell, M",U,,2000-09-12,2000,315,OPEN,
CC-49900,"Jackson, K",M,37,2008-05-16,2008,754,CLOSED,214-555-1382
CC-49906,"Espinoza, N",M,37,2005-06-19,2005,429,CLOSED,214-555-9978
CC-49928,"Murphy, T",M,41,2004-09-13,2004,412,OPEN,
CC-50006,"Ortiz, K",F,34,2016-12-07,2016,624,CLOSED,
CC-50009,"King, N",M,41,2016-06-20,2016,246,CLOSED,
CC-50018,"Parker, D",M,45,2017-04-15,2017,457,OPEN,
CC-50054,"Lane, M",F,44,2005-10-03,2005,217,CLOSED,
CC-50079,"Coleman, R",M,18,1999-03-24,1999,208,CLOSED,
CC-50081,"Osei, H",M,44,1990-01-03,1990,354,CLOSED,
CC-50099,"Scott, C",M,31,2005-05-16,2005,153,CLOSED,
CC-50123,"Ruiz, G",M,32,1989-06-07,1989,429,CLOSED,
CC-50136,"Miller, W",M,24,1989-10-26,1989,152,CLOSED,214-555-6581
CC-50148,"Mendoza, M",M,16,2022-10-01,2022,216,CLOSED,214-555-0114
CC-50160,"Sullivan, N",M,22,2009-11-30,2009,,OPEN,
CC-50187,"Rodriguez, E",M,15,2023-08-17,2023,526,OPEN,214-555-0715
CC-50189,"Howard, F",M,47,1989-04-03,1989,328,CLOSED,
CC-50192,"Young, B",M,38,1999-03-13,1999,438,CLOSED,214-555-9222
CC-50195,"Reyes, A",M,45,1997-04-24,1997,526,CLOSED,
CC-50222,"Bell, C",F,49,2012-06-17,2012,119,CLOSED,214-555-5330
CC-50282,"Wilson, J",M,28,2012-11-30,2012,457,OPEN,
CC-50297,"Sanders, J",M,24,1995-10-26,1995,550,CLOSED,214-555-4838
CC-50299,"Watson, J",M,55,2018-12-24,2018,,CLOSED,
CC-50308,"Lopez, W",M,36,1986-06-16,1986,241,CLOSED,
CC-50314,"Ramirez, P",M,,2025-05-09,2025,410,CLOSED,
CC-50343,"Young, S",F,38,1994-07-02,1994,529,CLOSED,214-555-2755
CC-50368,"Wright, N",M,0,2015-06-30,2015,429,CLOSED,214-555-3047
CC-50370,"Nelson, N",U,31,2016-02-24,2016,,CLOSED,
CC-50411,"Edwards, L",M,23,2003-09-11,2003,241,OPEN,
CC-50424,"Washington, E",M,45,2000-12-19,2000,612,CLOSED,214-555-6882
CC-50536,"Okafor, R",M,36,2025-08-09,2025,555,OPEN,214-555-1073
CC-50551,"Williams, E",M,40,2000-05-31,2000,526,OPEN,214-555-4948
CC-50571,"Moore, G",M,74,1985-05-27,1985,409,CLOSED,214-555-1330
CC-50616,"Fuentes, K",M,25,2020-10-22,2020,410,OPEN,
CC-50648,"Cruz, E",M,24,1996-10-07,1996,242,OPEN,
CC-50669,"Reed, P",M,35,2023-01-24,2023,724,OPEN,
CC-50695,"Woods, P",M,49,2004-04-01,2004,555,CLOSED,
CC-50703,"Evans, E",M,27,1986-05-31,1986,526,CLOSED,214-555-5510
CC-50722,"Torres, S",M,32,2001-06-02,2001,208,OPEN,214-555-5070
CC-50744,"Nguyen, H",M,12,2008-05-21,2008,335,OPEN,214-555-1420
CC-50753,"Castillo, J",M,13,2005-11-23,2005,517,CLOSED,214-555-6641
CC-50754,"Sims, G",F,36,2005-08-27,2005,717,OPEN,
CC-50761,"Banks, T",F,20,2018-10-24,2018,157,CLOSED,214-555-1648
CC-50773,"Williams, P",F,0,1993-06-05,1993,409,OPEN,214-555-8340
CC-50788,"Smith, D",M,28,1988-04-09,1988,328,CLOSED,214-555-8130
CC-50794,"Sullivan, M",F,17,2008-11-02,2008,410,OPEN,214-555-0183
CC-50800,"Pruitt, R",M,22,1988-04-16,1988,326,OPEN,
CC-50821,"Moore, B",M,38,1984-07-18,1984,153,CLOSED,
CC-50828,"Harris, L",M,28,2017-09-23,2017,215,CLOSED,214-555-8641
CC-50837,"Martin, A",M,8,1981-01-16,1981,216,OPEN,
CC-50839,"Nelson, F",M,21,2013-01-07,2013,553,CLOSED,214-555-5066
CC-50894,"Bell, V",F,36,1999-06-05,1999,439,CLOSED,
CC-50903,"Vargas, V",M,40,1988-01-12,1988,410,CLOSED,214-555-9721
CC-50904,"Harris, P",M,2,2024-09-18,2024,451,CLOSED,214-555-3715
CC-50910,"Osei, P",M,23,2022-05-07,2022,217,OPEN,
CC-50926,"Osei, P",M,22,1988-09-15,1988,326,CLOSED,214-555-4729
CC-50935,"Brooks, P",M,29,2016-08-17,2016,410,CLOSED,
CC-51001,"Coleman, D",M,15,2003-02-27,2003,519,CLOSED,
CC-51008,"Owens, K",M,18,1999-04-28,1999,338,OPEN,214-555-4733
CC-51017,"Washington, C",M,23,1992-03-14,1992,359,CLOSED,214-555-4666
CC-51058,"Sanders, N",M,37,2008-03-07,2008,359,CLOSED,
CC-51060,"Price, E",F,30,1985-03-06,1985,217,OPEN,
CC-51069,"Sullivan, N",M,28,1990-07-05,1990,208,CLOSED,214-555-9589
CC-51084,"Trammell, C",M,6,2010-08-29,2010,217,CLOSED,
CC-51092,"Gibson, S",M,29,2021-11-22,2021,,OPEN,
CC-51104,"Hawkins, F",M,36,1985-03-26,1985,550,CLOSED,214-555-4977
CC-51130,"Martin, B",F,40,2004-06-14,2004,121,OPEN,
CC-51155,"Okafor, E",M,28,2017-05-02,2017,505,CLOSED,214-555-4901
CC-51159,"Patterson, D",M,43,2006-12-06,2006,153,OPEN,214-555-0013
CC-51165,"Banks, G",F,41,1987-03-16,1987,338,OPEN,214-555-2934
CC-51191,"Reed, N",F,30,2018-08-28,2018,133,OPEN,214-555-8602
CC-51210,"Holland, N",F,21,1986-02-14,1986,451,CLOSED,214-555-2562
CC-51257,"Martin, W",M,42,1982-06-19,1982,629,OPEN,214-555-2931
CC-51281,"Torres, N",M,43,2004-08-24,2004,455,CLOSED,214-555-3488
CC-51282,"Coleman, D",M,44,2016-11-10,2016,724,OPEN,
CC-51294,"Hall, E",M,,1993-01-20,1993,555,CLOSED,214-555-0190
CC-51308,"Jenkins, C",M,34,1988-11-26,1988,130,CLOSED,214-555-9578
CC-51321,"Douglas, P",M,52,2025-06-17,2025,208,OPEN,
CC-51330,"Phillips, B",M,47,2014-01-08,2014,420,OPEN,
CC-51337,"Williams, H",F,23,2017-10-10,2017,133,CLOSED,
CC-51340,"Wilson, V",M,53,2009-10-26,2009,202,CLOSED,214-555-0048
CC-51342,"Brooks, F",F,22,1987-10-26,1987,152,CLOSED,214-555-8243
CC-51381,"Chavez, T",M,44,1993-11-08,1993,315,CLOSED,214-555-1434
CC-51392,"Baker, H",M,35,1994-03-21,1994,717,CLOSED,214-555-9173
CC-51418,"Herrera, L",M,13,1992-05-24,1992,119,CLOSED,
CC-51430,"Banks, G",F,35,1983-04-10,1983,121,CLOSED,214-555-5933
CC-51449,"King, J",F,60,1990-12-01,1990,152,CLOSED,
CC-51452,"Phillips, N",M,32,2021-04-17,2021,153,OPEN,
CC-51462,"Garcia, V",M,20,2001-09-30,2001,630,CLOSED,
CC-51619,"Harris, H",M,49,1997-05-12,1997,241,CLOSED,214-555-5147
CC-51642,"Ortiz, T",M,26,2023-03-20,2023,247,OPEN,214-555-6779
CC-51645,"Rodriguez, J",F,43,1988-01-07,1988,555,OPEN,
CC-51671,"Ortiz, N",M,31,1993-08-14,1993,338,CLOSED,
CC-51677,"James, S",M,30,1990-10-20,1990,612,CLOSED,
CC-51712,"Ross, N",M,32,2024-05-16,2024,702,OPEN,
CC-51828,"Ramirez, W",M,23,2019-02-20,2019,702,OPEN,
CC-51875,"Howard, D",M,34,1985-02-12,1985,630,CLOSED,
CC-51878,"Osei, A",F,6,1990-10-02,1990,326,OPEN,214-555-1401
CC-51975,"Martinez, K",M,28,1981-11-10,1981,630,CLOSED,
CC-52017,"Miller, K",M,25,1993-01-09,1993,241,CLOSED,214-555-6594
CC-52043,"Bryant, B",M,29,2008-09-16,2008,430,CLOSED,214-555-1549
CC-52047,"Pruitt, F",F,50,2007-02-05,2007,553,OPEN,
CC-52053,"Scott, R",M,42,2014-09-19,2014,439,OPEN,
CC-52054,"Harris, B",M,41,2008-10-16,2008,702,CLOSED,
CC-52062,"Davis, S",F,14,1987-02-20,1987,505,CLOSED,214-555-7529
CC-52080,"Lane, E",M,0,2012-01-01,2012,429,CLOSED,214-555-5373
CC-52081,"Robinson, H",M,24,1989-12-15,1989,741,CLOSED,214-555-5891
CC-52092,"Murphy, G",M,11,1995-06-22,1995,741,OPEN,214-555-7468
CC-52099,"Tucker, D",M,21,2000-07-29,2000,429,CLOSED,
CC-52101,"Flores, B",F,30,1989-04-04,1989,215,CLOSED,
CC-52159,"Wells, A",M,45,2023-11-16,2023,412,CLOSED,214-555-6930
CC-52185,"Harris, V",M,31,2004-11-16,2004,410,CLOSED,
CC-52199,"Norris, J",M,36,1990-10-04,1990,651,CLOSED,
CC-52203,"Watson, V",M,41,1984-08-23,1984,517,OPEN,214-555-6826
CC-52204,"Sanchez, N",F,35,1997-08-09,1997,256,CLOSED,
CC-52239,"Davis, C",M,34,1986-08-06,1986,501,OPEN,
CC-52250,"Price, F",M,31,2018-11-15,2018,501,CLOSED,
CC-52272,"Watson, R",M,18,2004-11-18,2004,418,OPEN,
CC-52289,"Lane, S",M,55,1996-07-26,1996,157,CLOSED,214-555-8310
CC-52315,"Davis, T",M,36,1995-10-29,1995,150,CLOSED,214-555-1100
CC-52365,"Mendoza, G",M,44,1995-09-19,1995,215,CLOSED,214-555-7649
CC-52380,"Dixon, D",M,38,1986-10-22,1986,612,CLOSED,214-555-8571
CC-52426,"Jordan, R",F,38,1990-10-30,1990,152,OPEN,
CC-52447,"Phillips, G",F,35,2018-10-28,2018,553,OPEN,
CC-52456,"Norris, J",M,45,1987-03-15,1987,328,CLOSED,214-555-7548
CC-52469,"Vargas, G",M,30,2002-04-15,2002,625,OPEN,
CC-52498,"Hall, F",M,,1993-06-27,1993,517,CLOSED,214-555-4138
CC-52531,"Lewis, B",M,38,2014-06-18,2014,517,OPEN,
CC-52543,"Rodriguez, V",M,36,2000-07-31,2000,217,CLOSED,
CC-52579,"Rodriguez, D",M,35,1999-11-17,1999,241,CLOSED,214-555-5958
CC-52587,"King, T",M,30,1988-09-17,1988,550,CLOSED,
CC-52595,"Patterson, R",F,26,1987-01-27,1987,409,OPEN,
CC-52620,"Martinez, R",M,8,2022-09-03,2022,521,OPEN,
CC-52644,"Patterson, A",M,49,2006-04-14,2006,234,CLOSED,214-555-9894
CC-52664,"Howard, G",M,38,2005-09-24,2005,624,CLOSED,
CC-52701,"Sanders, R",M,41,2016-05-10,2016,246,OPEN,
CC-52717,"Simmons, C",M,43,2023-09-03,2023,517,OPEN,
CC-52748,"Richardson, V",F,50,2011-08-11,2011,150,CLOSED,214-555-9893
CC-52783,"Baker, S",M,28,2017-08-16,2017,326,CLOSED,
CC-52796,"Reed, M",M,22,1988-08-21,1988,612,CLOSED,214-555-1739
CC-52798,"Price, W",M,1,2023-02-22,2023,338,OPEN,
CC-52804,"Caldwell, C",M,35,2011-05-28,2011,121,OPEN,
CC-52818,"Payne, A",M,39,1993-01-08,1993,418,CLOSED,214-555-3189
CC-52828,"Woods, W",F,30,2000-10-26,2000,631,OPEN,
CC-52846,"Fields, K",M,32,2018-06-07,2018,150,CLOSED,
CC-52848,"Owens, V",M,29,2010-08-20,2010,,CLOSED,214-555-0955
CC-52850,"Wright, V",M,28,1983-04-03,1983,241,CLOSED,
CC-52852,"Long, A",M,41,2019-12-06,2019,439,OPEN,214-555-8105
CC-52864,"Navarro, W",M,21,2006-10-26,2006,651,OPEN,214-555-1523
CC-52887,"Tate, S",M,7,2005-04-15,2005,242,OPEN,
CC-52910,"Alvarez, A",M,46,2024-07-22,2024,303,CLOSED,
CC-52947,"Holland, S",M,57,2024-11-21,2024,234,OPEN,214-555-5972
CC-52955,"Lewis, N",M,12,1986-05-19,1986,519,CLOSED,
CC-52961,"Evans, M",F,43,1999-10-02,1999,550,CLOSED,214-555-3847
CC-52967,"Delgado, A",F,21,2019-08-15,2019,529,OPEN,
CC-52979,"King, D",M,22,2002-06-16,2002,517,CLOSED,214-555-7180
CC-53004,"Perez, K",M,21,2016-12-11,2016,256,OPEN,214-555-3300
CC-53023,"Baker, S",M,23,2018-03-29,2018,219,OPEN,
CC-53044,"Gomez, H",F,37,2017-08-07,2017,303,CLOSED,214-555-2227
CC-53069,"Chavez, S",M,42,1983-08-22,1983,234,CLOSED,
CC-53096,"Mendoza, J",M,29,1999-04-05,1999,631,CLOSED,214-555-8544
CC-53107,"Cruz, L",M,14,2023-08-18,2023,517,CLOSED,214-555-3310
CC-53149,"Martin, J",M,40,2001-04-09,2001,550,CLOSED,214-555-3609
CC-53168,"Ellis, B",F,19,2010-07-11,2010,630,OPEN,
CC-53176,"Evans, K",F,24,1982-04-06,1982,625,CLOSED,
CC-53196,"Wright, G",M,6,2024-10-27,2024,529,OPEN,214-555-7727
CC-53206,"Miller, V",F,32,1991-01-14,1991,216,CLOSED,
CC-53373,"Malone, R",M,28,2006-04-28,2006,410,CLOSED,214-555-6097
CC-53393,"Lopez, H",M,21,1986-01-01,1986,208,CLOSED,214-555-0521
CC-53395,"Herrera, P",M,29,2015-04-15,2015,153,CLOSED,214-555-1069
CC-53400,"Carter, L",F,8,1995-01-14,1995,121,OPEN,
CC-53411,"Martin, H",M,14,1988-10-10,1988,750,OPEN,
CC-53413,"Delgado, B",F,29,2011-11-30,2011,451,OPEN,214-555-8811
CC-53436,"Chavez, G",M,44,1988-02-11,1988,624,CLOSED,214-555-0087
CC-53440,"Carter, S",M,42,1996-04-28,1996,152,OPEN,
CC-53452,"Walker, J",M,19,1981-08-26,1981,326,CLOSED,
CC-53461,"Evans, M",F,27,2017-07-13,2017,713,CLOSED,
CC-53462,"Green, N",M,45,1985-06-08,1985,328,CLOSED,214-555-5546
CC-53499,"White, N",F,37,1993-07-20,1993,526,CLOSED,214-555-7602
CC-53506,"Norris, G",M,27,2017-08-26,2017,359,CLOSED,
CC-53510,"Ross, G",M,33,1993-06-23,1993,,CLOSED,
CC-53517,"Ford, W",M,33,2023-04-30,2023,429,OPEN,214-555-5440
CC-53539,"Murphy, A",M,,2000-01-15,2000,247,OPEN,214-555-9679
CC-53570,"Walker, R",M,28,1988-11-16,1988,519,CLOSED,214-555-6399
CC-53571,"Medina, C",F,11,2020-02-04,2020,326,OPEN,
CC-53599,"White, T",M,15,2006-10-16,2006,625,CLOSED,214-555-0666
CC-53607,"Parker, A",M,28,1987-10-01,1987,152,OPEN,214-555-0106
CC-53612,"Patterson, J",M,6,2018-10-06,2018,,OPEN,
CC-53620,"Norris, T",M,48,2023-06-04,2023,430,OPEN,
CC-53646,"Davis, R",M,10,2019-07-04,2019,517,OPEN,
CC-53650,"Williams, N",M,36,1982-04-27,1982,303,CLOSED,
CC-53652,"Ortiz, N",M,18,2008-08-10,2008,412,OPEN,214-555-0394
CC-53660,"Vargas, F",M,54,1987-06-03,1987,724,CLOSED,214-555-0909
CC-53708,"Navarro, C",M,19,1985-08-07,1985,326,CLOSED,214-555-3592
CC-53717,"Nelson, T",F,19,1992-08-12,1992,550,CLOSED,
CC-53745,"White, N",F,44,1994-02-18,1994,630,CLOSED,
CC-53756,"Washington, J",M,73,2003-01-08,2003,439,CLOSED,214-555-1239
CC-53764,"Fields, D",M,19,1988-07-09,1988,130,CLOSED,
CC-53793,"Porter, J",M,29,2002-01-23,2002,455,CLOSED,214-555-9221
CC-53799,"Payne, D",M,,2021-04-26,2021,152,CLOSED,214-555-2579
CC-53843,"Ramos, R",M,54,2021-11-09,2021,328,CLOSED,214-555-5757
CC-53861,"Reed, R",M,,1988-09-14,1988,359,CLOSED,
CC-53863,"Webb, T",M,50,2012-11-09,2012,517,OPEN,
CC-53873,"Davis, W",M,25,2001-04-16,2001,315,OPEN,
CC-53900,"Garner, W",M,32,1989-10-20,1989,555,CLOSED,
CC-53926,"Wilson, V",F,44,1982-03-27,1982,702,CLOSED,
CC-53966,"Nelson, D",M,32,1986-07-21,1986,439,CLOSED,214-555-6713
CC-54012,"Webb, G",M,30,1986-01-07,1986,430,CLOSED,214-555-8207
CC-54050,"Webb, E",M,28,2021-02-19,2021,157,OPEN,214-555-5675
CC-54065,"Wells, D",M,30,2002-12-10,2002,429,OPEN,
CC-54085,"Jenkins, K",F,54,1982-02-12,1982,501,CLOSED,214-555-9272
CC-54091,"Herrera, N",M,20,1997-04-09,1997,335,CLOSED,214-555-8447
CC-54097,"Harris, K",M,53,2010-06-10,2010,750,OPEN,214-555-6707
CC-54104,"Sanders, R",M,40,2025-09-11,2025,501,OPEN,214-555-1292
CC-54115,"Robinson, P",M,62,2020-08-14,2020,315,CLOSED,
CC-54139,"Fields, B",F,51,2020-03-31,2020,256,OPEN,
CC-54158,"Malone, T",M,19,2017-12-13,2017,208,OPEN,214-555-8427
CC-54175,"Patterson, K",M,38,2020-11-17,2020,625,CLOSED,
CC-54233,"Okafor, F",M,45,1994-07-30,1994,717,CLOSED,214-555-0147
CC-54257,"Price, V",F,42,2022-11-16,2022,130,OPEN,
CC-54264,"Rivera, J",F,34,2004-04-29,2004,246,CLOSED,214-555-8919
CC-54267,"Jordan, T",M,14,1986-03-23,1986,133,OPEN,
CC-54321,"Perez, F",M,44,1989-05-31,1989,354,OPEN,214-555-2023
CC-54335,"Young, S",M,25,2009-07-11,2009,157,OPEN,214-555-9513
CC-54341,"Flores, G",M,25,2016-01-13,2016,412,CLOSED,214-555-7431
CC-54359,"Espinoza, T",M,31,1993-11-26,1993,550,CLOSED,
CC-54406,"Foster, G",F,38,2020-10-27,2020,624,CLOSED,214-555-4736
CC-54428,"Collins, D",M,14,2011-07-15,2011,335,OPEN,214-555-9323
CC-54436,"Watson, P",M,62,2017-05-10,2017,702,OPEN,214-555-4934
CC-54453,"Dixon, B",M,29,1986-11-06,1986,702,CLOSED,
CC-54469,"Ward, N",F,22,2000-03-26,2000,242,OPEN,
CC-54498,"Phillips, K",M,23,2018-09-03,2018,724,CLOSED,214-555-2303
CC-54519,"Lopez, C",M,23,2015-03-02,2015,430,OPEN,
CC-54521,"Sanchez, V",M,7,1982-11-02,1982,133,CLOSED,214-555-8570
CC-54527,"Perez, D",F,17,2002-02-13,2002,553,OPEN,
CC-54531,"Wright, M",M,38,2014-07-23,2014,241,CLOSED,214-555-4293
CC-54626,"Hawkins, V",F,19,1989-10-15,1989,247,CLOSED,214-555-1617
CC-54667,"Turner, M",M,25,1991-12-01,1991,750,CLOSED,214-555-9165
CC-54668,"Douglas, S",M,38,2016-09-01,2016,519,OPEN,
CC-54683,"Scott, V",M,45,1999-03-23,1999,354,CLOSED,214-555-0512
CC-54724,"Guerrero, T",M,41,2017-04-11,2017,,OPEN,
CC-54734,"Brooks, B",M,38,1992-02-29,1992,242,OPEN,214-555-3105
CC-54743,"Porter, M",M,26,2023-04-16,2023,625,CLOSED,214-555-3289
CC-54751,"Ramirez, G",F,33,2010-01-19,2010,629,OPEN,214-555-5718
CC-54758,"Nguyen, F",M,18,1994-02-18,1994,521,OPEN,214-555-8966
CC-54783,"Patterson, A",M,17,1997-10-03,1997,750,OPEN,
CC-54802,"Jordan, N",M,30,1994-02-18,1994,119,OPEN,
CC-54807,"Scott, C",M,22,2022-09-23,2022,519,OPEN,
CC-54809,"Martin, L",M,37,1981-11-26,1981,451,CLOSED,
CC-54856,"Brooks, C",M,22,2014-01-16,2014,553,OPEN,214-555-2041
CC-54874,"Malone, D",M,31,2017-07-21,2017,256,CLOSED,214-555-3367
CC-54883,"Rodriguez, J",M,24,2020-06-07,2020,724,OPEN,214-555-2324
CC-54890,"Martinez, V",M,45,2008-04-07,2008,335,CLOSED,214-555-6250
CC-54901,"Porter, T",F,26,2021-12-05,2021,629,CLOSED,
CC-54907,"Henderson, H",M,24,2014-12-24,2014,256,OPEN,
CC-54940,"Webb, F",U,50,1993-07-17,1993,438,OPEN,214-555-8013
CC-54975,"Thompson, S",M,28,2019-02-20,2019,629,CLOSED,
CC-55029,"Morales, P",M,19,1987-07-16,1987,,OPEN,
CC-55038,"Martinez, W",M,15,1994-05-28,1994,335,CLOSED,
CC-55042,"Nelson, H",M,20,1987-03-20,1987,326,CLOSED,214-555-5244
CC-55060,"Herrera, W",F,54,1987-04-30,1987,354,CLOSED,214-555-2184
CC-55063,"Mendoza, F",U,32,2020-12-23,2020,153,CLOSED,214-555-7377
CC-55066,"Wilson, J",M,56,2015-04-09,2015,553,CLOSED,
CC-55114,"Adams, D",M,48,1981-09-15,1981,630,CLOSED,214-555-8914
CC-55137,"Gibson, S",F,33,1996-08-25,1996,630,CLOSED,214-555-1941
CC-55139,"Ellis, J",M,15,2016-04-12,2016,517,OPEN,214-555-7513
CC-55166,"Grant, T",F,33,2000-01-15,2000,412,CLOSED,214-555-4956
CC-55168,"Howard, K",U,41,2018-04-10,2018,630,OPEN,
CC-55181,"Herrera, F",M,16,2011-04-25,2011,242,CLOSED,214-555-5147
CC-55196,"Bell, G",M,18,2000-02-14,2000,121,OPEN,214-555-3448
CC-55217,"Navarro, S",M,45,1991-03-30,1991,241,CLOSED,214-555-2264
CC-55228,"Harris, T",M,12,2001-04-09,2001,629,OPEN,214-555-0092
CC-55232,"Vargas, D",M,13,1986-04-17,1986,215,CLOSED,
CC-55280,"Miller, V",M,30,2009-03-31,2009,410,CLOSED,214-555-2623
CC-55284,"Rodriguez, G",F,28,1986-08-05,1986,328,CLOSED,
CC-55301,"Rodriguez, H",M,41,2021-09-17,2021,624,OPEN,214-555-4918
CC-55318,"Green, W",M,45,1997-01-18,1997,326,CLOSED,
CC-55362,"Mendoza, T",U,39,2009-05-15,2009,553,CLOSED,
CC-55393,"Ellis, E",M,40,2020-07-08,2020,409,OPEN,214-555-2803
CC-55403,"Hughes, F",M,44,2017-05-25,2017,420,OPEN,214-555-9830
CC-55410,"Bell, C",M,31,2001-02-01,2001,439,OPEN,
CC-55420,"Douglas, N",M,28,2004-03-30,2004,133,CLOSED,214-555-9594
CC-55471,"Moore, M",M,15,2024-06-09,2024,750,CLOSED,214-555-7681
CC-55480,"Nguyen, B",M,3,1985-02-02,1985,505,CLOSED,214-555-8766
CC-55516,"Gomez, E",F,29,1987-10-26,1987,553,OPEN,
CC-55519,"Lane, K",F,32,1984-02-25,1984,410,OPEN,
CC-55537,"Hall, T",M,35,2024-02-17,2024,455,OPEN,214-555-9217
CC-55547,"Bell, G",F,28,1983-09-27,1983,359,CLOSED,214-555-6396
CC-55564,"Ruiz, E",F,19,2006-10-04,2006,409,OPEN,
CC-55615,"Marsh, J",M,33,2016-12-14,2016,724,CLOSED,
CC-55632,"Miller, K",M,21,2012-01-17,2012,246,OPEN,
CC-55638,"Ortiz, C",F,36,1998-07-01,1998,359,CLOSED,
CC-55650,"Gomez, L",M,7,1987-02-10,1987,505,CLOSED,214-555-9785
CC-55674,"Woods, M",M,34,1995-11-09,1995,315,CLOSED,214-555-4059
CC-55692,"Wilson, L",F,51,2016-10-14,2016,202,CLOSED,
CC-55709,"Norris, H",F,21,2000-11-23,2000,455,OPEN,
CC-55740,"James, R",M,12,1981-03-10,1981,517,CLOSED,214-555-0679
CC-55753,"Wilson, N",M,39,2022-12-26,2022,451,OPEN,
CC-55757,"Lewis, C",M,,1986-01-15,1986,555,CLOSED,214-555-1862
CC-55767,"Moore, G",M,17,2013-04-07,2013,717,CLOSED,214-555-4712
CC-55774,"Patterson, C",F,42,2000-06-26,2000,713,OPEN,
CC-55777,"Marsh, P",M,29,1987-09-11,1987,247,OPEN,214-555-5713
CC-55787,"Castillo, R",M,30,2022-01-14,2022,521,OPEN,
CC-55825,"Mitchell, F",F,18,1989-07-31,1989,153,CLOSED,214-555-5365
CC-55857,"Norris, V",M,49,2017-06-16,2017,612,OPEN,
CC-55859,"Martinez, D",F,30,2004-09-28,2004,451,CLOSED,
CC-55869,"Owens, J",F,20,1984-12-09,1984,,CLOSED,214-555-6299
CC-55876,"Stewart, E",M,32,2003-03-23,2003,457,OPEN,214-555-8031
CC-55894,"Washington, N",M,41,1987-10-03,1987,438,CLOSED,
CC-55993,"Castillo, M",U,10,1994-05-22,1994,246,OPEN,
CC-56009,"Scott, R",F,42,1981-12-29,1981,234,OPEN,
CC-56021,"Douglas, V",F,29,1990-02-13,1990,629,CLOSED,214-555-2729
CC-56046,"Ruiz, P",M,,2007-11-26,2007,439,CLOSED,214-555-0982
CC-56064,"Garcia, F",M,37,1993-01-12,1993,315,CLOSED,
CC-56077,"Herrera, M",M,4,1999-05-08,1999,429,CLOSED,214-555-7961
CC-56079,"Brooks, B",M,36,1995-02-24,1995,410,OPEN,214-555-4513
CC-56084,"Hughes, C",M,47,1989-05-20,1989,501,CLOSED,214-555-7092
CC-56109,"Jackson, K",F,38,1986-07-07,1986,315,CLOSED,214-555-8524
CC-56113,"Porter, V",M,49,1989-01-10,1989,409,OPEN,214-555-7300
CC-56130,"Johnson, F",M,27,2013-11-10,2013,,CLOSED,214-555-6223
CC-56133,"Robinson, A",F,29,1988-10-26,1988,338,CLOSED,
CC-56145,"Castillo, J",M,,1994-06-03,1994,157,OPEN,214-555-1745
CC-56173,"Howard, K",F,53,1997-07-17,1997,242,OPEN,
CC-56177,"Davis, T",M,32,1999-05-15,1999,208,CLOSED,
CC-56191,"Perez, J",M,18,1994-09-16,1994,153,OPEN,
CC-56218,"Owens, T",M,23,2013-09-12,2013,121,CLOSED,
CC-56256,"Green, P",M,37,2003-03-06,2003,121,OPEN,
CC-56258,"Baker, L",M,32,2022-09-15,2022,410,OPEN,214-555-0643
CC-56273,"Martin, N",M,48,2012-10-26,2012,451,OPEN,
CC-56275,"Moore, D",F,15,2023-08-06,2023,517,OPEN,
CC-56276,"Richardson, M",M,25,1996-10-17,1996,338,OPEN,
CC-56277,"Hill, K",M,0,2020-09-09,2020,,OPEN,214-555-6914
CC-56296,"Hughes, T",M,19,1992-04-11,1992,750,CLOSED,214-555-8004
CC-56326,"Perry, V",M,,1982-11-24,1982,234,CLOSED,214-555-3312
CC-56338,"Webb, N",M,44,1981-08-25,1981,246,CLOSED,214-555-3526
CC-56358,"Ward, K",M,3,2020-05-24,2020,521,OPEN,
CC-56371,"Douglas, G",M,,1991-08-19,1991,529,OPEN,
CC-56374,"Webb, V",M,28,2016-03-25,2016,410,CLOSED,
CC-56399,"Marsh, V",F,37,2002-01-16,2002,256,CLOSED,
CC-56429,"Graham, R",M,,2025-05-12,2025,328,CLOSED,
CC-56436,"Gibson, S",M,2,1987-01-18,1987,338,OPEN,214-555-3922
CC-56472,"Jenkins, N",M,50,1986-10-06,1986,724,CLOSED,
CC-56473,"Bryant, T",M,35,1986-05-12,1986,429,CLOSED,214-555-9474
CC-56474,"Adams, M",M,50,1994-07-17,1994,457,CLOSED,214-555-9168
CC-56490,"Perry, D",F,20,2010-12-25,2010,247,OPEN,214-555-1211
CC-56507,"Carter, J",M,42,2024-09-02,2024,553,OPEN,
CC-56509,"Fuentes, R",M,22,2001-04-19,2001,429,OPEN,
CC-56511,"Thompson, L",M,30,1984-07-07,1984,519,CLOSED,214-555-8627
CC-56539,"Caldwell, C",M,22,2001-02-20,2001,410,CLOSED,214-555-0923
CC-56587,"Martinez, T",M,28,2005-07-09,2005,,OPEN,
CC-56627,"Castillo, B",M,43,1989-02-05,1989,724,CLOSED,
CC-56636,"Collins, B",M,43,1996-03-22,1996,119,CLOSED,
CC-56656,"Collins, F",M,58,1981-11-05,1981,412,CLOSED,214-555-9215
CC-56659,"Patterson, S",M,29,1998-02-04,1998,521,CLOSED,214-555-7146
CC-56665,"Alvarez, J",M,49,2024-05-11,2024,241,CLOSED,214-555-3876
CC-56674,"Jenkins, D",M,25,2001-11-05,2001,208,OPEN,
CC-56682,"Navarro, V",F,52,1994-06-05,1994,152,CLOSED,214-555-6386
CC-56688,"Martin, A",F,55,2022-06-06,2022,741,CLOSED,214-555-3292
CC-56741,"Garcia, S",M,27,2022-08-15,2022,717,CLOSED,
CC-56755,"Webb, T",M,18,1988-08-09,1988,519,OPEN,214-555-2716
CC-56767,"Ruiz, W",M,30,2006-08-28,2006,121,OPEN,
CC-56800,"Pruitt, N",M,12,2018-01-29,2018,420,OPEN,
CC-56830,"Hill, M",M,47,2023-04-15,2023,202,CLOSED,
CC-56939,"Bell, B",M,9,1990-05-29,1990,208,CLOSED,214-555-9022
CC-56975,"Lane, F",M,39,1999-11-16,1999,750,OPEN,
CC-56979,"Hill, C",F,55,2008-05-31,2008,409,CLOSED,214-555-6510
CC-56981,"Miller, A",M,48,1982-02-09,1982,130,CLOSED,
CC-56985,"Smith, G",M,25,2019-03-13,2019,,OPEN,
CC-57038,"Flores, P",M,,2007-04-08,2007,455,CLOSED,214-555-4108
CC-57046,"Martin, J",M,41,2001-10-24,2001,612,OPEN,
CC-57051,"Robinson, W",M,7,1984-11-26,1984,219,CLOSED,
CC-57098,"Caldwell, K",M,31,1991-05-18,1991,359,OPEN,214-555-2525
CC-57160,"Perry, V",M,12,2012-08-11,2012,157,OPEN,214-555-2971
CC-57171,"Martinez, T",M,23,2010-08-22,2010,208,OPEN,214-555-9957
CC-57195,"Webb, D",M,,1992-12-24,1992,234,CLOSED,
CC-57199,"Reyes, F",F,17,1993-06-19,1993,629,CLOSED,
CC-57208,"Rodriguez, V",M,40,1992-01-11,1992,256,OPEN,214-555-9197
CC-57262,"Harris, P",M,25,2017-06-11,2017,,CLOSED,
CC-57275,"Evans, G",M,16,1995-04-02,1995,519,CLOSED,214-555-6548
CC-57285,"Caldwell, E",U,33,1993-03-25,1993,328,OPEN,214-555-1437
CC-57332,"Carter, C",M,32,1993-04-29,1993,130,CLOSED,214-555-7471
CC-57338,"Tucker, K",M,23,2010-10-14,2010,624,CLOSED,214-555-9854
CC-57360,"Collins, J",M,38,1985-04-20,1985,529,CLOSED,214-555-8695
CC-57362,"Wilson, M",M,26,2011-06-04,2011,,OPEN,214-555-8356
CC-57383,"Ortiz, F",M,50,2007-12-06,2007,208,OPEN,214-555-8170
CC-57401,"Martinez, D",M,33,1987-03-13,1987,328,CLOSED,214-555-3730
CC-57434,"Cruz, N",M,43,1998-09-14,1998,521,OPEN,
CC-57437,"Robinson, J",F,31,2013-02-15,2013,152,CLOSED,214-555-1438
CC-57454,"Ward, R",M,21,2018-07-27,2018,526,CLOSED,214-555-8062
CC-57496,"Ramirez, J",F,40,1997-05-07,1997,410,OPEN,214-555-3843
CC-57523,"Gibson, T",M,28,2015-08-28,2015,315,CLOSED,214-555-1038
CC-57530,"Mitchell, G",M,31,2023-03-17,2023,359,OPEN,
CC-57532,"Spencer, J",F,42,1987-09-11,1987,241,CLOSED,
CC-57547,"Ward, C",M,22,1995-01-29,1995,517,CLOSED,214-555-4436
CC-57581,"Ramos, R",M,27,1990-12-26,1990,150,CLOSED,214-555-5995
CC-57617,"Flores, P",F,31,1988-03-20,1988,,CLOSED,214-555-9677
CC-57619,"Flores, G",M,36,1994-03-13,1994,242,CLOSED,
CC-57623,"Moore, P",M,,2020-05-19,2020,651,OPEN,214-555-4420
CC-57647,"Foster, G",M,22,1997-06-15,1997,328,OPEN,
CC-57776,"Herrera, R",F,,1992-06-14,1992,438,CLOSED,214-555-4504
CC-57784,"Wilson, D",F,10,2017-10-28,2017,451,CLOSED,214-555-2456
CC-57800,"Graham, T",M,17,1986-04-13,1986,246,CLOSED,
CC-57805,"Cruz, A",M,40,2004-04-28,2004,625,CLOSED,214-555-1658
CC-57806,"Lopez, E",F,43,1998-10-23,1998,430,CLOSED,214-555-3051
CC-57835,"Edwards, S",M,18,1989-06-23,1989,451,CLOSED,214-555-0807
CC-57845,"Delgado, V",M,39,1999-08-08,1999,651,CLOSED,
CC-57852,"Wilson, A",F,33,1982-01-21,1982,326,CLOSED,214-555-8206
CC-57862,"James, R",M,29,2020-01-31,2020,457,CLOSED,
CC-57864,"Castillo, T",F,37,1989-07-28,1989,625,OPEN,
CC-57867,"Woods, N",M,27,2000-11-05,2000,153,CLOSED,
CC-57875,"Sullivan, V",M,18,2000-11-19,2000,328,CLOSED,214-555-2894
CC-57882,"James, P",F,26,2010-06-27,2010,451,CLOSED,
CC-57895,"Rivera, A",M,41,1992-04-10,1992,429,CLOSED,214-555-4889
CC-57901,"Ford, D",F,34,2022-12-09,2022,208,OPEN,214-555-7224
CC-57906,"Stewart, H",F,44,2014-05-24,2014,451,OPEN,
CC-57908,"Delgado, V",M,31,2004-05-22,2004,750,OPEN,
CC-57949,"Mccoy, S",M,38,1999-04-22,1999,359,OPEN,214-555-1837
CC-57960,"Lewis, T",M,59,1985-07-28,1985,651,CLOSED,
CC-57973,"Delgado, J",M,31,1984-11-11,1984,,OPEN,
CC-58076,"Hawkins, J",M,24,1990-05-03,1990,133,OPEN,214-555-6699
CC-58077,"Perez, S",M,17,1985-11-08,1985,121,CLOSED,214-555-2455
CC-58089,"Pruitt, J",M,37,1991-12-25,1991,550,OPEN,214-555-5404
CC-58092,"Garner, P",M,43,1996-04-19,1996,630,CLOSED,214-555-4964
CC-58102,"Osei, W",M,32,1985-09-19,1985,529,OPEN,214-555-0065
CC-58103,"Mccoy, G",M,,2017-03-27,2017,750,CLOSED,
CC-58120,"Wallace, B",M,56,2017-06-26,2017,553,OPEN,214-555-1278
CC-58127,"Cruz, B",F,,2008-01-05,2008,326,CLOSED,
CC-58148,"Woods, E",M,32,1990-10-06,1990,119,OPEN,
CC-58149,"Ortiz, S",M,23,2024-03-17,2024,335,OPEN,
CC-58153,"Thompson, P",M,8,2005-09-13,2005,517,OPEN,214-555-3794
CC-58197,"Jenkins, R",F,11,2018-11-11,2018,150,OPEN,214-555-9845
CC-58200,"Lewis, A",M,37,1983-02-11,1983,420,CLOSED,214-555-1026
CC-58262,"Caldwell, N",M,38,1991-06-22,1991,550,CLOSED,214-555-4008
CC-58319,"Watson, H",M,22,2014-06-07,2014,625,CLOSED,
CC-58335,"Vargas, W",F,22,1991-06-10,1991,439,CLOSED,214-555-6920
CC-58339,"Sanders, L",M,21,2010-03-21,2010,150,OPEN,214-555-1347
CC-58345,"Long, F",M,24,2005-09-28,2005,234,CLOSED,
CC-58358,"Perez, K",M,37,2017-10-20,2017,246,CLOSED,
CC-58367,"Delgado, M",F,55,2022-04-08,2022,335,OPEN,214-555-9846
CC-58401,"Ruiz, M",F,24,1982-02-27,1982,651,OPEN,
CC-58411,"Jordan, M",M,26,1994-08-21,1994,724,OPEN,
CC-58424,"Delgado, P",M,30,1998-10-11,1998,750,CLOSED,214-555-2440
CC-58436,"Osei, G",M,25,2019-07-10,2019,517,CLOSED,
CC-58495,"Martinez, K",M,17,2004-05-25,2004,152,CLOSED,214-555-0835
CC-58499,"Porter, E",F,33,1987-11-07,1987,505,CLOSED,
CC-58524,"Perez, B",M,26,1992-06-20,1992,,OPEN,
CC-58527,"Webb, T",M,29,2023-06-16,2023,505,OPEN,214-555-1508
CC-58553,"Turner, L",M,27,2015-08-21,2015,550,CLOSED,214-555-6416
CC-58567,"Johnson, B",F,42,1988-12-21,1988,241,CLOSED,214-555-1726
CC-58574,"Fuentes, A",F,27,2023-04-09,2023,130,OPEN,
CC-58582,"Phillips, H",M,17,2007-11-20,2007,215,CLOSED,214-555-2816
CC-58608,"Herrera, R",F,11,2008-12-11,2008,215,OPEN,214-555-3961
CC-58619,"Flores, N",M,50,2015-10-08,2015,717,CLOSED,
CC-58632,"Payne, C",M,12,2007-03-15,2007,713,CLOSED,
CC-58694,"Hill, E",F,,1985-06-02,1985,412,CLOSED,214-555-3616
CC-58699,"King, D",M,11,1995-09-06,1995,152,CLOSED,
CC-58717,"Collins, E",M,31,1993-12-09,1993,217,CLOSED,214-555-0677
CC-58736,"Johnson, D",M,28,1984-11-18,1984,521,CLOSED,
CC-58751,"Booker, T",M,10,2016-12-27,2016,412,CLOSED,
CC-58752,"Smith, K",F,25,2005-12-02,2005,354,OPEN,214-555-0414
CC-58776,"Young, B",M,2,1994-10-02,1994,429,CLOSED,
CC-58779,"King, L",M,12,1997-05-02,1997,754,CLOSED,214-555-2065
CC-58797,"Lane, D",M,11,2017-10-28,2017,246,OPEN,
CC-58801,"Foster, B",M,10,1992-12-20,1992,741,CLOSED,214-555-9635
CC-58802,"Smith, S",M,,1991-04-27,1991,724,CLOSED,214-555-5603
CC-58808,"Dixon, W",M,39,2000-07-17,2000,242,OPEN,
CC-58858,"Evans, A",M,34,1985-03-30,1985,152,CLOSED,
CC-58893,"Webb, G",M,56,2014-09-11,2014,429,OPEN,214-555-1530
CC-58901,"Hall, D",M,14,1989-11-18,1989,157,CLOSED,
CC-58933,"Gomez, P",M,30,1995-12-13,1995,631,CLOSED,
CC-58943,"Miller, W",F,25,2010-02-24,2010,750,OPEN,
CC-58998,"Cruz, P",F,25,1990-07-24,1990,438,CLOSED,214-555-0849
CC-59000,"Brooks, K",M,13,1989-04-28,1989,241,OPEN,
CC-59019,"Banks, B",M,28,1997-02-11,1997,651,CLOSED,
CC-59024,"Holland, E",F,26,1999-03-11,1999,713,CLOSED,214-555-9539
CC-59028,"Young, B",M,46,1994-07-30,1994,429,CLOSED,
CC-59029,"Davis, S",M,24,1997-09-29,1997,315,OPEN,
CC-59032,"Ortiz, G",M,47,1997-01-11,1997,625,OPEN,214-555-8389
CC-59038,"Sullivan, R",M,29,2021-11-09,2021,451,OPEN,
CC-59055,"Martin, V",M,37,1987-08-08,1987,754,CLOSED,214-555-5027
CC-59141,"Scott, C",M,,2012-12-04,2012,241,OPEN,
CC-59149,"Ross, A",F,30,1991-12-18,1991,241,CLOSED,
CC-59156,"Woods, A",M,38,1991-04-14,1991,717,CLOSED,
CC-59173,"Henderson, J",F,31,1993-06-16,1993,335,CLOSED,214-555-4210
CC-59178,"Adams, N",M,47,1995-04-11,1995,157,CLOSED,214-555-5877
CC-59183,"Chavez, V",M,35,1992-11-23,1992,631,CLOSED,214-555-3573
CC-59195,"Ward, A",F,20,2017-05-25,2017,555,OPEN,214-555-2564
CC-59196,"Trammell, R",M,29,1997-07-02,1997,,CLOSED,
CC-59198,"Cruz, H",U,15,1994-11-02,1994,152,CLOSED,214-555-2654
CC-59208,"Turner, C",F,49,2005-02-28,2005,215,OPEN,
CC-59218,"Malone, N",M,35,1989-07-09,1989,315,CLOSED,214-555-9281
CC-59219,"Sanchez, C",M,19,2020-11-01,2020,412,CLOSED,214-555-4147
CC-59254,"Thomas, S",M,20,2004-02-11,2004,202,CLOSED,214-555-0013
CC-59259,"Williams, N",M,15,2018-10-13,2018,629,CLOSED,
CC-59269,"Owens, W",M,10,1991-08-04,1991,651,CLOSED,214-555-5257
CC-59368,"Robinson, J",M,,1991-03-17,1991,202,OPEN,
CC-59376,"Sullivan, T",F,33,1987-01-11,1987,247,OPEN,
CC-59386,"Scott, A",M,38,2019-08-06,2019,526,OPEN,214-555-0238
CC-59390,"Watson, M",M,36,2008-04-29,2008,519,OPEN,214-555-6716
CC-59407,"Foster, C",M,50,2005-11-09,2005,359,CLOSED,
CC-59424,"Osei, E",F,38,2010-07-15,2010,246,CLOSED,214-555-5396
CC-59428,"Hawkins, W",M,31,1995-01-25,1995,202,OPEN,214-555-4476
CC-59463,"Richardson, K",M,31,2019-03-19,2019,451,OPEN,
CC-59465,"Banks, P",M,26,1992-06-25,1992,724,OPEN,
CC-59492,"Marsh, L",M,45,1999-03-09,1999,754,CLOSED,214-555-2127
CC-59501,"Ellis, J",F,43,1993-12-10,1993,629,CLOSED,214-555-1706
CC-59502,"Gibson, V",M,31,1982-02-11,1982,119,CLOSED,
CC-59522,"Porter, E",M,17,2008-05-11,2008,625,CLOSED,214-555-8597
CC-59527,"Nguyen, E",F,21,2009-10-27,2009,338,OPEN,
CC-59550,"White, G",M,38,2006-04-27,2006,133,CLOSED,
CC-59574,"Cruz, S",M,44,2023-10-30,2023,409,CLOSED,214-555-3872
CC-59604,"Robinson, T",M,30,1983-05-01,1983,354,OPEN,
CC-59607,"White, D",M,27,2011-07-07,2011,529,OPEN,214-555-0623
CC-59629,"Morales, K",M,32,2017-01-27,2017,630,OPEN,
CC-59653,"Tate, R",M,,1996-10-12,1996,420,OPEN,214-555-8895
CC-59654,"Smith, E",M,58,1995-04-07,1995,150,CLOSED,
CC-59677,"Hawkins, E",M,44,2024-07-20,2024,354,CLOSED,214-555-2019
CC-59690,"Henderson, G",F,,1991-01-14,1991,741,CLOSED,
CC-59700,"Carter, W",M,26,2011-07-10,2011,153,OPEN,
CC-59719,"Mccoy, P",F,36,1994-06-09,1994,521,OPEN,214-555-1187
CC-59736,"Garner, T",M,46,1997-12-03,1997,717,CLOSED,214-555-5354
CC-59738,"Vargas, F",U,35,1994-04-19,1994,438,CLOSED,214-555-3903
CC-59746,"Flores, H",M,0,1990-08-08,1990,629,CLOSED,
CC-59749,"Bell, F",M,17,1991-07-10,1991,521,CLOSED,214-555-7237
CC-59766,"Tucker, J",M,33,1988-03-02,1988,717,CLOSED,
CC-59775,"Sims, B",M,18,1983-01-14,1983,133,CLOSED,214-555-7643
CC-59780,"Watson, G",F,52,1986-10-02,1986,630,CLOSED,
CC-59811,"Young, S",M,44,2020-06-04,2020,517,OPEN,
CC-59812,"Vargas, B",M,37,2005-05-17,2005,359,CLOSED,214-555-3630
CC-59821,"Young, G",U,13,2016-11-15,2016,717,CLOSED,214-555-9977
CC-59826,"Reed, W",M,40,1996-12-26,1996,455,OPEN,214-555-4510
CC-59827,"Ross, H",M,24,1993-07-13,1993,750,CLOSED,214-555-0128
CC-59868,"Carter, L",F,43,1999-07-22,1999,505,OPEN,
CC-59874,"Ward, T",M,42,1991-12-10,1991,,OPEN,
CC-59893,"Ortiz, V",M,,2017-04-04,2017,625,CLOSED,214-555-0965
CC-59914,"Mendoza, F",M,25,2006-07-23,2006,133,OPEN,214-555-9067
CC-59916,"Caldwell, A",F,40,2012-08-06,2012,152,OPEN,
CC-59923,"Dixon, A",M,50,2020-12-01,2020,326,CLOSED,214-555-4876
CC-59930,"Jenkins, R",F,31,1996-01-22,1996,519,CLOSED,214-555-3063
CC-59971,"Owens, N",M,29,1987-10-16,1987,521,CLOSED,214-555-3075
CC-59989,"Owens, J",F,20,2025-10-30,2025,241,OPEN,
CC-59998,"Patterson, F",F,61,1995-02-01,1995,451,CLOSED,214-555-7390
CC-60007,"Okafor, M",M,51,2022-01-08,2022,550,OPEN,
CC-60029,"Wright, T",M,45,1983-12-21,1983,521,CLOSED,214-555-6868
CC-60042,"Perry, A",F,18,1998-08-05,1998,724,CLOSED,214-555-2485
CC-60046,"Martinez, A",F,25,1992-11-29,1992,625,CLOSED,
CC-60052,"Castillo, C",M,36,1996-07-10,1996,241,CLOSED,214-555-5212
CC-60057,"Navarro, S",M,37,1986-06-21,1986,438,CLOSED,214-555-4248
CC-60124,"Spencer, P",M,32,1989-02-07,1989,754,OPEN,
CC-60182,"Foster, H",M,41,2020-06-07,2020,457,CLOSED,214-555-2878
CC-60196,"Henderson, F",M,38,2000-04-15,2000,651,OPEN,
CC-60236,"Castillo, D",M,33,1992-07-09,1992,702,CLOSED,214-555-7574
CC-60274,"Ramirez, C",F,29,1985-09-06,1985,430,CLOSED,
CC-60285,"Chavez, S",F,32,1998-05-05,1998,409,CLOSED,
CC-60297,"Lopez, S",M,29,2009-01-22,2009,219,CLOSED,214-555-7223
CC-60310,"Stewart, N",M,8,2005-08-29,2005,234,CLOSED,214-555-6408
CC-60323,"Davis, D",M,32,2005-09-22,2005,553,OPEN,
CC-60337,"Price, L",M,18,1997-10-20,1997,624,CLOSED,
CC-60342,"Harris, N",M,33,2002-12-01,2002,315,OPEN,
CC-60363,"Ramos, F",M,10,2003-11-19,2003,246,CLOSED,214-555-6704
CC-60367,"Wilson, T",M,48,1993-10-18,1993,624,OPEN,
CC-60385,"Harris, T",M,68,2004-07-18,2004,501,OPEN,214-555-2747
CC-60416,"Wells, B",M,21,1997-08-27,1997,550,CLOSED,
CC-60417,"Bell, S",M,28,1995-10-04,1995,303,CLOSED,214-555-1359
CC-60422,"Baker, K",M,,1984-10-24,1984,612,OPEN,214-555-3033
CC-60425,"Hill, V",M,16,1984-12-23,1984,439,CLOSED,214-555-3892
CC-60457,"Williams, H",M,56,2005-03-08,2005,338,OPEN,
CC-60476,"Banks, T",M,36,1992-03-09,1992,651,CLOSED,214-555-1643
CC-60478,"Vargas, R",M,23,2014-08-03,2014,241,OPEN,214-555-4433
CC-60479,"Medina, J",M,43,1992-10-20,1992,529,CLOSED,
CC-60543,"Owens, T",M,16,1998-08-13,1998,455,OPEN,214-555-0417
CC-60572,"Morales, E",M,45,2018-11-04,2018,517,OPEN,214-555-6999
CC-60586,"Reyes, G",M,22,2013-02-23,2013,354,CLOSED,
CC-60609,"Mccoy, E",M,39,1994-12-15,1994,153,CLOSED,
CC-60620,"Sullivan, F",M,40,2020-03-20,2020,215,OPEN,
CC-60623,"Williams, N",M,25,2011-08-23,2011,328,OPEN,
CC-60628,"Lopez, K",M,19,1998-07-13,1998,335,OPEN,
CC-60631,"Long, F",M,13,2018-07-16,2018,501,CLOSED,214-555-0016
CC-60638,"Navarro, R",F,51,1991-01-18,1991,750,CLOSED,
CC-60708,"Mendoza, H",M,30,1998-12-30,1998,612,CLOSED,
CC-60713,"Fields, N",F,31,1988-05-28,1988,651,CLOSED,214-555-6180
CC-60714,"Holland, K",M,40,1985-07-24,1985,208,OPEN,
CC-60750,"Booker, M",M,46,2019-06-21,2019,247,OPEN,214-555-7492
CC-60763,"Ramirez, N",M,49,2022-08-07,2022,521,OPEN,214-555-4651
CC-60770,"Perez, C",F,41,2012-05-31,2012,409,OPEN,214-555-1298
CC-60772,"Hill, B",M,34,1995-07-19,1995,630,CLOSED,
CC-60773,"Young, L",F,30,1995-06-29,1995,328,CLOSED,
CC-60776,"Sims, J",M,29,2013-05-06,2013,553,CLOSED,214-555-9355
CC-60789,"Ramirez, F",M,22,1995-01-02,1995,130,CLOSED,214-555-1715
CC-60825,"Hall, P",M,29,1990-12-03,1990,519,OPEN,214-555-5950
CC-60837,"Medina, K",M,53,1994-01-22,1994,439,CLOSED,
CC-60841,"Holland, W",F,18,2012-12-19,2012,152,CLOSED,214-555-0668
CC-60844,"Fields, D",M,21,1989-07-28,1989,501,CLOSED,214-555-6724
CC-60852,"Marsh, B",M,19,1995-01-10,1995,246,CLOSED,214-555-3757
CC-60864,"Moore, D",F,29,1999-02-16,1999,354,CLOSED,
CC-60874,"Parker, P",M,25,2011-12-19,2011,359,CLOSED,214-555-8968
CC-60917,"Adams, R",F,31,2016-05-08,2016,217,CLOSED,214-555-3531
CC-60926,"Harris, T",M,30,1982-11-21,1982,412,CLOSED,214-555-4499
CC-60934,"Medina, J",M,25,2023-11-24,2023,202,OPEN,214-555-4343
CC-60952,"Baker, V",M,17,2007-02-05,2007,550,CLOSED,
CC-61003,"Sanchez, T",M,28,1988-02-07,1988,152,CLOSED,
CC-61022,"Guerrero, K",M,35,2013-03-19,2013,121,OPEN,
CC-61026,"Henderson, M",M,47,1994-01-03,1994,215,CLOSED,214-555-8862
CC-61058,"Cruz, H",M,13,2003-08-17,2003,133,CLOSED,214-555-9761
CC-61110,"Lane, C",M,34,2018-05-01,2018,517,CLOSED,214-555-6479
CC-61116,"Nelson, H",F,47,2007-05-16,2007,451,CLOSED,
CC-61117,"Fields, R",F,52,2017-03-27,2017,241,OPEN,214-555-3032
CC-61119,"Gibson, T",M,38,2011-03-20,2011,505,CLOSED,214-555-0079
CC-61127,"Baker, A",M,24,1983-10-27,1983,157,OPEN,
CC-61156,"Walker, F",M,32,2013-04-19,2013,303,OPEN,
CC-61158,"Spencer, J",M,33,1998-03-15,1998,612,CLOSED,
CC-61174,"Harris, E",F,29,1993-12-18,1993,219,CLOSED,
CC-61187,"Harris, H",M,45,2014-04-03,2014,303,CLOSED,214-555-7619
CC-61188,"Ward, M",F,34,1995-08-30,1995,354,OPEN,214-555-2842
CC-61241,"Foster, N",M,24,1986-12-19,1986,246,CLOSED,214-555-2259
CC-61243,"Adams, V",M,43,2025-10-26,2025,121,OPEN,
CC-61248,"Carter, D",M,26,1991-10-02,1991,359,CLOSED,
CC-61250,"Williams, E",F,45,1988-10-02,1988,625,CLOSED,
CC-61258,"Reed, D",M,36,2019-08-05,2019,153,CLOSED,214-555-5169
CC-61285,"Ward, D",M,39,2024-09-01,2024,526,CLOSED,
CC-61325,"Wells, P",F,29,2011-03-30,2011,420,OPEN,214-555-4651
CC-61349,"Alvarez, P",M,33,2012-09-14,2012,451,CLOSED,
CC-61353,"White, B",M,31,1998-10-24,1998,438,CLOSED,
CC-61372,"Rivera, N",M,30,1992-04-16,1992,713,CLOSED,
CC-61396,"Flores, T",M,40,1994-12-28,1994,555,CLOSED,
CC-61404,"Garcia, A",M,18,2025-07-06,2025,242,CLOSED,
CC-61426,"Martin, C",M,19,2006-07-24,2006,625,CLOSED,
CC-61453,"Woods, N",M,26,1990-12-23,1990,130,CLOSED,
CC-61461,"Cruz, V",M,19,1987-05-17,1987,418,OPEN,
CC-61502,"Rodriguez, R",F,36,1997-10-16,1997,246,OPEN,
CC-61503,"Tate, E",M,46,2004-02-18,2004,121,OPEN,
CC-61519,"Ramirez, M",M,21,1986-08-30,1986,630,CLOSED,214-555-3753
CC-61533,"Martin, B",U,44,2005-11-29,2005,451,OPEN,
CC-61539,"Trammell, J",M,45,2016-11-10,2016,359,OPEN,
CC-61559,"Ross, A",F,45,1992-06-11,1992,119,OPEN,
CC-61561,"Martin, N",F,31,2018-01-17,2018,121,OPEN,214-555-1854
CC-61606,"Nelson, R",M,22,1983-09-22,1983,242,CLOSED,214-555-9017
CC-61608,"Porter, D",M,19,1997-07-22,1997,430,CLOSED,214-555-0861
CC-61619,"Phillips, B",M,41,1990-09-18,1990,202,CLOSED,
CC-61645,"Miller, E",M,32,2015-02-07,2015,217,CLOSED,
CC-61651,"Lewis, K",M,29,2009-08-08,2009,217,OPEN,214-555-9145
CC-61663,"Pruitt, A",M,24,2005-10-10,2005,457,OPEN,
CC-61667,"Castillo, D",M,15,2013-09-11,2013,328,OPEN,214-555-8531
CC-61680,"Baker, C",M,,1990-04-28,1990,517,CLOSED,
CC-61767,"Wallace, N",M,39,2018-03-04,2018,119,CLOSED,
CC-61803,"Green, D",F,15,2005-02-06,2005,157,CLOSED,214-555-0112
CC-61825,"Malone, T",M,30,2010-08-28,2010,335,CLOSED,
CC-61830,"Fuentes, W",M,22,2012-02-14,2012,553,CLOSED,
CC-61874,"Medina, S",M,28,2011-09-06,2011,651,OPEN,214-555-7065
CC-61944,"Ramirez, L",M,16,1993-10-09,1993,152,CLOSED,214-555-8040
CC-61948,"Reed, M",M,40,1990-01-14,1990,256,OPEN,214-555-9856
CC-61949,"Osei, B",F,43,1999-05-17,1999,529,CLOSED,214-555-2061
CC-61975,"Medina, N",M,38,1996-05-15,1996,338,CLOSED,214-555-6697
CC-62010,"Okafor, K",M,39,1997-11-11,1997,612,CLOSED,214-555-7612
CC-62055,"Cruz, K",M,22,1986-07-12,1986,246,CLOSED,214-555-7233
CC-62095,"Harris, L",M,38,1987-10-23,1987,630,CLOSED,
CC-62144,"Sanders, J",M,18,1990-06-16,1990,553,CLOSED,
CC-62165,"Banks, M",M,15,1999-09-03,1999,247,CLOSED,214-555-0120
CC-62239,"Fields, J",M,16,2019-05-08,2019,741,OPEN,214-555-0104
CC-62264,"Webb, E",F,35,2002-11-03,2002,219,OPEN,
CC-62275,"Jenkins, T",M,25,1989-12-06,1989,517,OPEN,
CC-62322,"Chavez, T",M,33,1991-12-25,1991,501,CLOSED,
CC-62345,"Wilson, S",M,35,2016-08-13,2016,208,OPEN,214-555-5464
CC-62348,"Booker, C",F,23,1989-05-26,1989,750,CLOSED,214-555-4513
CC-62351,"Mendoza, L",M,29,2003-02-08,2003,612,OPEN,
CC-62354,"Hawkins, D",M,20,1993-08-24,1993,526,OPEN,
CC-62361,"Graham, B",F,33,1997-04-20,1997,328,OPEN,
CC-62383,"Cruz, H",F,45,2015-11-13,2015,430,CLOSED,
CC-62398,"Watson, A",M,37,1993-03-26,1993,216,OPEN,
CC-62406,"Pruitt, L",M,32,2018-09-18,2018,517,OPEN,214-555-5340
CC-62453,"Henderson, B",M,32,1990-07-11,1990,625,CLOSED,
CC-62470,"Sullivan, T",M,9,1993-05-16,1993,326,CLOSED,214-555-9146
CC-62471,"Trammell, H",M,22,1991-05-07,1991,153,CLOSED,214-555-6323
CC-62505,"Martin, C",M,53,2007-07-02,2007,631,OPEN,
CC-62538,"Lane, F",M,25,1991-04-10,1991,702,CLOSED,
CC-62608,"Thomas, W",F,28,2016-02-15,2016,315,OPEN,
CC-62625,"Booker, C",M,24,2024-01-04,2024,429,OPEN,
CC-62653,"Hawkins, E",M,23,1987-04-10,1987,429,CLOSED,214-555-4956
CC-62655,"Rodriguez, S",M,13,2021-08-03,2021,505,CLOSED,214-555-1257
CC-62668,"White, W",U,19,2022-10-11,2022,153,CLOSED,
CC-62682,"Spencer, J",F,39,1998-09-29,1998,241,OPEN,214-555-4639
CC-62760,"Torres, E",F,10,2022-09-04,2022,529,CLOSED,
CC-62764,"Douglas, D",M,21,1984-06-15,1984,241,CLOSED,214-555-6315
CC-62803,"Wilson, F",M,30,1994-05-22,1994,521,OPEN,
CC-62812,"Caldwell, A",M,16,1982-09-23,1982,624,CLOSED,214-555-3639
CC-62814,"Miller, K",M,36,2011-02-22,2011,451,OPEN,214-555-2200
CC-62826,"Ward, L",F,54,2011-10-20,2011,625,OPEN,
CC-62841,"Ellis, V",M,0,1998-01-12,1998,315,CLOSED,
CC-62911,"Medina, C",F,20,2023-12-29,2023,439,CLOSED,
CC-62943,"Ford, V",M,22,1992-05-31,1992,429,CLOSED,214-555-1554
CC-63045,"Howard, D",M,55,2024-05-23,2024,519,CLOSED,214-555-6226
CC-63054,"Ramirez, T",M,17,1992-12-03,1992,217,CLOSED,
CC-63078,"Osei, G",M,40,1985-06-21,1985,208,CLOSED,
CC-63086,"Hughes, W",M,53,1991-12-26,1991,754,OPEN,
CC-63137,"Nelson, P",M,38,1989-07-18,1989,152,CLOSED,214-555-6792
CC-63162,"Spencer, K",M,25,1989-08-30,1989,338,OPEN,
CC-63176,"Okafor, G",M,25,2003-01-17,2003,157,CLOSED,214-555-4837
CC-63237,"Caldwell, K",M,33,2022-11-15,2022,754,CLOSED,214-555-7375
CC-63253,"Jordan, M",M,24,2005-03-03,2005,501,OPEN,
CC-63280,"Gibson, S",M,34,2010-07-15,2010,717,CLOSED,214-555-2071
CC-63285,"Walker, R",F,26,2023-05-11,2023,133,CLOSED,
CC-63348,"Ellis, P",M,31,1996-04-24,1996,234,CLOSED,214-555-5939
CC-63373,"Mendoza, N",M,6,2016-01-19,2016,119,CLOSED,
CC-63375,"Wallace, P",M,10,2003-01-08,2003,519,CLOSED,214-555-9240
CC-63412,"Hughes, S",M,12,2002-04-17,2002,702,CLOSED,214-555-3452
CC-63417,"Howard, G",M,17,1998-09-28,1998,208,CLOSED,214-555-4499
CC-63421,"Fuentes, W",M,10,1987-08-18,1987,303,CLOSED,214-555-1518
CC-63430,"Lewis, G",M,31,2000-08-07,2000,234,CLOSED,214-555-6191
CC-63476,"Navarro, V",F,39,1993-06-05,1993,501,CLOSED,
CC-63509,"James, V",F,25,2014-12-02,2014,354,CLOSED,214-555-8641
CC-63551,"Norris, N",M,38,2019-11-02,2019,215,OPEN,
CC-63571,"Gibson, R",U,35,1991-08-11,1991,754,CLOSED,
CC-63602,"Collins, M",M,32,1994-12-19,1994,717,OPEN,
CC-63641,"Price, E",M,25,2010-06-17,2010,631,CLOSED,214-555-9668
CC-63659,"Parker, M",M,4,2013-04-08,2013,256,OPEN,214-555-7039
CC-63674,"Jackson, G",M,27,1985-07-23,1985,717,CLOSED,
CC-63678,"Navarro, V",F,27,2010-09-21,2010,521,CLOSED,214-555-2237
CC-63701,"Coleman, S",F,30,1996-05-05,1996,303,CLOSED,214-555-5462
CC-63715,"Ruiz, R",M,30,1997-05-31,1997,612,CLOSED,
CC-63731,"Moore, T",F,37,1989-10-05,1989,242,CLOSED,214-555-4512
CC-63752,"Payne, W",M,32,1994-04-26,1994,505,CLOSED,214-555-4469
CC-63757,"James, C",M,15,2016-12-16,2016,724,OPEN,
CC-63769,"Fields, E",M,42,1987-08-17,1987,550,CLOSED,214-555-3913
CC-63784,"Watson, M",F,15,1982-05-31,1982,202,CLOSED,
CC-63796,"Perry, H",M,35,2009-02-20,2009,242,OPEN,214-555-2501
CC-63824,"Reed, L",F,13,1988-05-17,1988,157,CLOSED,214-555-3033
CC-63840,"Martinez, L",M,37,2003-01-10,2003,130,CLOSED,214-555-4546
CC-63865,"Lane, G",M,30,1983-03-13,1983,418,CLOSED,214-555-1510
CC-63879,"Espinoza, K",M,43,1990-11-26,1990,303,CLOSED,
CC-63916,"King, N",M,35,1993-03-08,1993,303,CLOSED,214-555-1165
CC-63929,"Graham, D",F,16,1996-06-16,1996,630,OPEN,
CC-63936,"Wright, F",M,25,2012-06-01,2012,553,CLOSED,
CC-63992,"Wilson, M",M,45,2011-06-26,2011,335,CLOSED,214-555-0151
CC-64002,"Hall, F",M,8,2023-09-08,2023,119,CLOSED,
CC-64009,"Perez, H",M,,1989-01-11,1989,150,CLOSED,
CC-64090,"Fields, C",M,26,2019-02-08,2019,702,OPEN,
CC-64097,"Porter, E",M,11,2004-10-19,2004,121,OPEN,214-555-2496
CC-64108,"Sims, L",F,36,1993-09-12,1993,247,CLOSED,214-555-6225
CC-64120,"Smith, R",F,32,2023-04-09,2023,219,CLOSED,214-555-8400
CC-64125,"Hill, W",M,43,1996-01-08,1996,555,CLOSED,
CC-64177,"Long, K",F,24,2021-11-16,2021,625,OPEN,214-555-0442
CC-64196,"Carter, M",M,50,2021-11-04,2021,150,CLOSED,
CC-64222,"Woods, A",M,34,1989-05-09,1989,354,CLOSED,
CC-64279,"Watson, L",M,25,1992-09-19,1992,208,CLOSED,
CC-64303,"Payne, S",M,35,1983-07-22,1983,152,CLOSED,
CC-64309,"Green, A",M,41,1997-10-15,1997,412,CLOSED,
CC-64311,"Wright, C",M,48,2003-02-23,2003,152,OPEN,214-555-0207
CC-64332,"Lane, G",F,18,2007-02-09,2007,215,OPEN,
CC-64333,"Young, J",M,47,1989-05-24,1989,121,OPEN,
CC-64378,"Ford, C",M,29,2002-07-25,2002,555,OPEN,
CC-64382,"Howard, K",M,32,2002-02-07,2002,256,CLOSED,
CC-64476,"Cruz, J",M,30,1982-06-22,1982,625,CLOSED,
CC-64482,"Mendoza, J",M,32,2023-06-17,2023,438,CLOSED,
CC-64491,"Long, H",M,36,1983-08-18,1983,328,CLOSED,214-555-8330
CC-64495,"Holland, B",M,33,1985-01-17,1985,505,CLOSED,
CC-64552,"Edwards, S",M,18,1985-02-07,1985,130,OPEN,214-555-9109
CC-64581,"Sullivan, L",M,27,1983-09-21,1983,550,CLOSED,
CC-64599,"Richardson, R",F,28,2001-09-23,2001,612,CLOSED,
CC-64609,"James, W",M,29,1992-07-06,1992,612,CLOSED,
CC-64633,"Gomez, G",M,53,1993-01-25,1993,651,CLOSED,
CC-64652,"Mendoza, P",M,10,2011-07-06,2011,152,CLOSED,
CC-64654,"Robinson, V",M,0,2005-06-11,2005,630,CLOSED,214-555-9938
CC-64661,"Jordan, G",F,34,1989-09-22,1989,553,CLOSED,214-555-4869
CC-64733,"Graham, E",M,0,1987-02-14,1987,412,CLOSED,
CC-64820,"Foster, N",M,43,2001-12-06,2001,133,CLOSED,214-555-7742
CC-64829,"Espinoza, W",M,0,1994-12-17,1994,418,CLOSED,
CC-64887,"Jenkins, F",M,18,1989-02-11,1989,242,CLOSED,214-555-6742
CC-64939,"Guerrero, F",M,28,2005-09-21,2005,303,CLOSED,
CC-64985,"Long, R",M,33,2010-10-29,2010,150,OPEN,
CC-65016,"Patterson, H",M,34,1999-05-16,1999,455,CLOSED,214-555-2525
CC-65034,"Fields, T",M,42,2023-09-15,2023,625,OPEN,
CC-65047,"Phillips, H",M,28,1993-01-21,1993,629,CLOSED,214-555-9849
CC-65068,"Nguyen, J",F,32,1988-04-12,1988,631,OPEN,
CC-65071,"Walker, T",F,38,1985-12-11,1985,418,CLOSED,214-555-3162
CC-65078,"Sanders, A",M,42,1989-02-10,1989,202,OPEN,214-555-2425
CC-65093,"Navarro, E",M,23,2023-02-07,2023,215,CLOSED,
CC-65098,"White, D",M,39,2004-08-20,2004,457,CLOSED,
CC-65102,"Sims, C",M,35,2006-07-03,2006,315,CLOSED,
CC-65104,"Howard, J",M,0,2018-01-28,2018,157,CLOSED,
CC-65112,"Bell, W",M,39,2015-10-06,2015,750,CLOSED,214-555-9789
CC-65143,"Trammell, C",F,32,2006-09-22,2006,713,OPEN,
CC-65146,"Nguyen, F",M,26,2007-06-09,2007,338,CLOSED,214-555-4696
CC-65161,"Foster, D",M,26,2000-06-25,2000,303,CLOSED,
CC-65193,"Foster, S",M,26,2013-11-01,2013,713,OPEN,
CC-65206,"Phillips, H",M,18,1985-06-24,1985,119,CLOSED,214-555-3298
CC-65208,"Wilson, M",M,30,1987-02-12,1987,359,CLOSED,214-555-4879
CC-65221,"Howard, E",M,22,2015-01-05,2015,217,CLOSED,
CC-65226,"Malone, P",M,44,1981-11-16,1981,629,OPEN,214-555-4373
CC-65240,"Reyes, A",M,43,1981-07-14,1981,555,CLOSED,
CC-65241,"Garner, V",M,52,2007-06-16,2007,247,CLOSED,214-555-3110
CC-65261,"Wallace, W",F,34,1993-10-17,1993,505,CLOSED,
CC-65277,"Wilson, P",M,41,1990-10-23,1990,455,OPEN,214-555-7430
CC-65278,"Wilson, R",M,12,2014-12-21,2014,713,CLOSED,
CC-65283,"Ortiz, K",M,11,1989-11-21,1989,717,CLOSED,
CC-65295,"Mitchell, E",M,37,2019-08-29,2019,246,OPEN,214-555-6071
CC-65354,"Smith, N",M,32,2007-02-07,2007,121,CLOSED,
CC-65363,"Rodriguez, C",M,34,2006-06-19,2006,612,CLOSED,214-555-5119
CC-65371,"Robinson, A",M,19,1998-01-25,1998,555,CLOSED,
CC-65388,"Turner, K",M,32,2011-05-10,2011,410,CLOSED,214-555-2889
CC-65393,"Miller, B",M,43,2011-04-30,2011,247,OPEN,
CC-65434,"Price, B",M,28,1990-08-15,1990,555,OPEN,214-555-4949
CC-65437,"King, W",M,29,2003-12-30,2003,315,CLOSED,
CC-65472,"Wilson, K",M,44,2002-03-22,2002,457,CLOSED,214-555-5933
CC-65510,"Perry, E",M,25,1999-08-14,1999,429,OPEN,
CC-65522,"Nguyen, B",F,30,1989-09-04,1989,629,OPEN,
CC-65531,"Evans, R",M,1,1994-01-15,1994,256,CLOSED,214-555-8788
CC-65539,"Reed, S",F,36,2022-01-05,2022,256,CLOSED,
CC-65551,"Washington, L",M,34,1995-05-10,1995,,OPEN,
CC-65579,"Jackson, N",M,53,2019-03-25,2019,150,CLOSED,214-555-2346
CC-65604,"Johnson, B",M,34,1994-01-31,1994,119,CLOSED,
CC-65616,"Sullivan, R",M,11,2003-01-01,2003,418,CLOSED,214-555-8772
CC-65644,"Tate, K",M,30,2005-07-05,2005,247,OPEN,214-555-0711
CC-65654,"Banks, R",M,27,2009-02-22,2009,702,CLOSED,214-555-3015
CC-65668,"Sullivan, R",M,4,2010-06-09,2010,,CLOSED,
CC-65672,"Wallace, D",M,58,2005-03-29,2005,630,CLOSED,214-555-5787
CC-65687,"Ramos, K",M,23,1991-11-22,1991,451,CLOSED,
CC-65696,"Scott, F",M,26,2014-10-01,2014,457,CLOSED,
CC-65734,"Long, M",M,24,1994-08-27,1994,625,CLOSED,
CC-65737,"Young, A",M,28,1990-05-17,1990,702,CLOSED,
CC-65744,"Douglas, H",M,23,1992-05-25,1992,256,OPEN,214-555-6777
CC-65750,"Harris, E",M,48,1993-11-19,1993,153,CLOSED,
CC-65767,"Martinez, S",M,32,1984-03-08,1984,303,OPEN,
CC-65771,"Green, T",M,35,1997-03-22,1997,631,CLOSED,214-555-6842
CC-65785,"Wright, C",M,10,2019-11-21,2019,328,CLOSED,214-555-0441
CC-65789,"Johnson, G",M,52,1995-05-07,1995,629,CLOSED,214-555-5935
CC-65816,"Webb, G",M,39,2017-12-17,2017,651,CLOSED,214-555-3418
CC-65817,"Johnson, N",M,32,2018-08-22,2018,409,OPEN,214-555-9606
CC-65836,"Fuentes, F",M,24,1996-07-25,1996,315,OPEN,
CC-65876,"Rivera, W",M,39,1991-02-06,1991,217,CLOSED,214-555-6211
CC-65895,"Martinez, K",M,39,2018-12-01,2018,242,OPEN,214-555-1264
CC-65934,"Perry, M",M,27,2020-08-01,2020,315,CLOSED,
CC-65939,"Norris, A",M,43,2000-09-22,2000,121,CLOSED,214-555-1602
CC-65950,"Rivera, N",M,23,1999-07-17,1999,409,OPEN,
CC-65983,"Thomas, M",F,37,1982-07-13,1982,550,OPEN,214-555-0975
CC-65985,"Brooks, H",M,40,1993-07-14,1993,418,OPEN,214-555-4436
CC-65986,"Ortiz, N",F,24,1985-05-21,1985,354,OPEN,214-555-0680
CC-66015,"Sanchez, N",M,22,2016-12-17,2016,555,CLOSED,
CC-66029,"Walker, B",M,36,2015-09-25,2015,451,CLOSED,214-555-5169
CC-66085,"Jackson, E",U,14,2018-01-21,2018,130,OPEN,214-555-4408
CC-66101,"Jenkins, N",M,12,1986-05-18,1986,241,OPEN,214-555-1915
CC-66123,"Washington, B",M,28,1983-02-03,1983,439,CLOSED,214-555-2845
CC-66128,"Vargas, B",M,17,1982-08-19,1982,326,CLOSED,
CC-66133,"Holland, P",M,22,2009-12-23,2009,624,CLOSED,214-555-4254
CC-66173,"Martin, L",M,39,2008-09-30,2008,553,CLOSED,214-555-7314
CC-66180,"Sullivan, P",M,34,2019-06-04,2019,246,OPEN,
CC-66245,"Jackson, C",M,27,2021-05-27,2021,439,CLOSED,214-555-5139
CC-66248,"Garner, J",M,41,2013-07-17,2013,153,CLOSED,214-555-1574
CC-66283,"Douglas, P",M,49,1990-06-07,1990,625,OPEN,214-555-1179
CC-66310,"Graham, W",M,45,1994-03-25,1994,553,OPEN,214-555-3775
CC-66319,"Mendoza, L",M,30,1996-02-22,1996,418,CLOSED,214-555-1008
CC-66365,"Douglas, B",M,31,1992-07-13,1992,410,OPEN,
CC-66366,"Ellis, D",M,42,2024-01-18,2024,152,OPEN,
CC-66376,"Morales, L",M,40,2000-02-01,2000,303,CLOSED,214-555-7957
CC-66379,"Flores, L",U,61,2014-02-05,2014,247,CLOSED,214-555-2789
CC-66381,"Thomas, E",M,9,1989-11-06,1989,315,CLOSED,
CC-66464,"Hill, T",F,44,1984-07-14,1984,526,OPEN,
CC-66470,"King, E",F,35,2002-07-16,2002,119,OPEN,214-555-4905
CC-66479,"Hawkins, B",M,26,1991-08-20,1991,335,CLOSED,
CC-66523,"Sanders, M",M,48,1991-09-28,1991,612,CLOSED,214-555-2212
CC-66527,"Espinoza, V",F,44,2014-03-22,2014,150,CLOSED,214-555-2506
CC-66540,"Adams, C",M,34,1984-03-26,1984,625,CLOSED,
CC-66551,"Medina, P",M,33,1993-07-09,1993,208,CLOSED,
CC-66566,"Owens, K",M,47,2001-09-13,2001,,OPEN,
CC-66573,"Robinson, P",M,53,2016-02-21,2016,612,OPEN,
CC-66584,"Sullivan, D",F,38,2006-04-28,2006,550,CLOSED,214-555-4407
CC-66585,"Hawkins, B",M,20,2010-04-08,2010,150,CLOSED,214-555-4538
CC-66623,"Porter, H",F,28,2001-05-17,2001,629,CLOSED,
CC-66631,"Medina, J",M,45,2022-02-12,2022,119,CLOSED,214-555-7032
CC-66676,"Gibson, E",M,20,2005-12-09,2005,133,OPEN,214-555-9096
CC-66678,"Hill, V",M,56,2015-10-23,2015,217,CLOSED,
CC-66694,"Hughes, K",M,40,2023-02-04,2023,130,OPEN,214-555-3888
CC-66764,"Medina, G",M,3,1992-03-05,1992,328,CLOSED,
CC-66822,"Sanchez, V",M,25,1991-10-18,1991,438,CLOSED,214-555-9283
CC-66838,"Bell, L",M,27,1987-03-13,1987,256,OPEN,214-555-4500
CC-66849,"Sanchez, N",F,47,2009-10-24,2009,612,CLOSED,214-555-0022
CC-66909,"Jackson, W",F,36,1997-03-17,1997,241,OPEN,214-555-9599
CC-66914,"Rodriguez, K",M,47,2024-02-06,2024,418,OPEN,
CC-66921,"Osei, W",M,26,2004-04-25,2004,326,OPEN,
CC-66922,"Ramirez, H",M,37,1994-01-28,1994,457,CLOSED,214-555-0837
CC-66928,"Sanchez, P",M,0,2019-12-11,2019,354,CLOSED,214-555-3496
CC-67018,"Reyes, W",M,25,2016-06-29,2016,526,OPEN,214-555-9383
CC-67042,"Morales, V",M,13,1987-05-18,1987,,OPEN,
CC-67058,"Osei, B",M,23,1995-07-05,1995,157,CLOSED,
CC-67116,"Johnson, L",F,10,1986-03-18,1986,326,CLOSED,
CC-67124,"Gibson, A",F,31,2003-08-11,2003,521,OPEN,
CC-67184,"Sullivan, F",M,10,2019-08-27,2019,119,OPEN,214-555-5446
CC-67193,"Morales, V",M,33,1995-12-19,1995,410,CLOSED,
CC-67198,"Simmons, E",M,25,1989-02-23,1989,519,OPEN,
CC-67199,"Herrera, V",F,34,1999-03-13,1999,157,CLOSED,
CC-67217,"Malone, P",M,17,1983-02-09,1983,150,OPEN,
CC-67265,"Chavez, B",F,47,2011-02-13,2011,630,OPEN,
CC-67282,"Price, N",M,15,1986-06-22,1986,219,CLOSED,214-555-6685
CC-67298,"Mitchell, G",M,55,1994-03-28,1994,153,CLOSED,214-555-8351
CC-67333,"Douglas, F",F,26,2003-10-20,2003,501,CLOSED,214-555-4030
CC-67381,"Ortiz, V",M,23,2010-02-06,2010,219,OPEN,
CC-67391,"Long, J",M,15,1995-06-05,1995,629,CLOSED,
CC-67411,"Jordan, M",F,23,2017-05-20,2017,326,CLOSED,214-555-4717
CC-67452,"Thompson, R",F,47,1982-10-30,1982,246,CLOSED,214-555-3586
CC-67465,"Stewart, W",M,23,2024-10-31,2024,359,CLOSED,214-555-8752
CC-67469,"Green, G",M,28,1989-06-03,1989,335,OPEN,
CC-67475,"Tucker, H",F,37,1983-10-12,1983,750,CLOSED,214-555-0740
CC-67501,"Martinez, B",F,6,2019-09-16,2019,612,CLOSED,214-555-8816
CC-67503,"Jordan, L",M,16,1989-08-07,1989,754,CLOSED,
CC-67504,"Morales, A",M,14,2011-10-11,2011,624,CLOSED,214-555-4143
CC-67529,"Booker, D",F,40,2019-04-03,2019,429,CLOSED,214-555-5808
CC-67572,"Moore, M",M,34,1986-02-07,1986,519,CLOSED,
CC-67631,"Simmons, R",M,18,2019-07-04,2019,519,OPEN,214-555-7455
CC-67637,"Jenkins, E",M,13,1987-12-16,1987,216,CLOSED,
CC-67660,"Edwards, S",M,30,1981-01-09,1981,455,CLOSED,
CC-67682,"Herrera, V",M,32,1994-09-24,1994,741,CLOSED,
CC-67692,"Rivera, G",F,,2004-01-28,2004,241,OPEN,
CC-67697,"Ross, W",F,29,2022-11-05,2022,,CLOSED,
CC-67714,"Morales, D",F,8,1996-12-07,1996,,OPEN,214-555-0717
CC-67724,"Vargas, K",F,31,1992-02-26,1992,612,CLOSED,214-555-5522
CC-67747,"Osei, T",F,30,1989-02-09,1989,438,CLOSED,
CC-67754,"Evans, W",F,32,2024-02-28,2024,,CLOSED,
CC-67757,"Robinson, R",F,2,1990-08-26,1990,217,CLOSED,214-555-1681
CC-67771,"Ruiz, H",M,30,2020-06-24,2020,326,CLOSED,
CC-67781,"Delgado, H",M,46,2015-05-05,2015,153,CLOSED,
CC-67803,"Miller, V",M,16,2000-12-06,2000,418,CLOSED,214-555-4598
CC-67829,"Medina, W",U,20,1989-07-29,1989,219,CLOSED,
CC-67838,"Price, L",M,,2018-08-16,2018,457,OPEN,
CC-67855,"Guerrero, R",M,66,2010-06-28,2010,702,OPEN,
CC-67872,"Carter, M",M,39,1988-07-06,1988,501,CLOSED,214-555-2467
CC-67873,"Adams, L",M,21,1991-04-05,1991,335,OPEN,
CC-67883,"King, G",M,,1984-07-05,1984,750,CLOSED,214-555-4004
CC-67950,"Scott, V",M,26,2003-07-01,2003,150,CLOSED,
CC-67982,"Edwards, H",M,34,1999-05-22,1999,750,CLOSED,214-555-0157
CC-67986,"Foster, K",F,,2016-07-12,2016,303,CLOSED,214-555-8523
CC-67998,"Sanders, D",M,37,1997-08-04,1997,702,CLOSED,
CC-68004,"Richardson, H",M,36,1996-03-30,1996,702,CLOSED,214-555-7625
CC-68007,"Pruitt, C",M,15,2016-05-21,2016,153,OPEN,
CC-68015,"Lane, H",M,35,2023-03-25,2023,501,OPEN,214-555-5100
CC-68108,"Brooks, P",M,45,1996-02-28,1996,409,CLOSED,214-555-8279
CC-68111,"Rodriguez, W",F,39,1998-03-03,1998,202,OPEN,
CC-68112,"Mendoza, V",M,35,2017-04-22,2017,651,CLOSED,214-555-0337
CC-68137,"Carter, K",M,26,1992-12-20,1992,326,OPEN,
CC-68168,"Miller, R",M,30,1992-03-12,1992,150,CLOSED,
CC-68173,"Grant, K",M,27,1996-07-27,1996,754,CLOSED,
CC-68187,"Navarro, C",M,48,2018-05-15,2018,501,CLOSED,
CC-68205,"Baker, B",M,15,2004-11-02,2004,326,OPEN,
CC-68210,"Williams, W",F,42,1993-07-10,1993,326,OPEN,
CC-68215,"Wells, W",M,35,1996-01-07,1996,202,CLOSED,
CC-68217,"Robinson, B",M,21,1998-02-07,1998,550,CLOSED,
CC-68256,"Chavez, W",F,47,2011-01-25,2011,153,CLOSED,
CC-68294,"Tate, H",M,9,1998-03-30,1998,208,OPEN,214-555-8539
CC-68300,"Torres, B",M,9,2010-01-03,2010,501,CLOSED,214-555-4028
CC-68307,"Reed, D",M,43,2020-11-06,2020,713,CLOSED,
CC-68326,"Moore, K",F,24,1990-05-20,1990,241,CLOSED,
CC-68358,"Smith, F",M,42,2016-06-05,2016,651,CLOSED,214-555-2298
CC-68380,"Garcia, W",M,31,1997-01-09,1997,246,CLOSED,214-555-2386
CC-68467,"Banks, A",M,46,2014-07-13,2014,208,CLOSED,214-555-9215
CC-68497,"Webb, N",M,23,1990-07-16,1990,418,OPEN,214-555-4833
CC-68499,"Woods, G",M,20,2001-09-23,2001,359,OPEN,
CC-68529,"Fuentes, V",M,38,1990-10-11,1990,455,OPEN,
CC-68570,"Martinez, L",F,19,1989-08-06,1989,501,OPEN,214-555-8017
CC-68584,"Wilson, P",F,24,2024-05-06,2024,328,CLOSED,214-555-9951
CC-68618,"Flores, N",M,14,1991-11-24,1991,328,OPEN,214-555-3110
CC-68630,"Malone, D",M,23,1989-01-04,1989,631,CLOSED,214-555-0214
CC-68651,"Walker, S",M,43,1993-06-06,1993,550,OPEN,
CC-68680,"Bryant, L",M,41,2013-01-17,2013,246,OPEN,
CC-68706,"Long, L",M,21,1981-08-18,1981,152,CLOSED,214-555-7623
CC-68718,"Marsh, H",M,27,2017-08-04,2017,505,OPEN,
CC-68726,"Patterson, H",M,23,1987-03-11,1987,234,CLOSED,
CC-68731,"Martin, E",M,28,1999-03-07,1999,553,CLOSED,214-555-3171
CC-68742,"Wells, E",U,54,2024-05-21,2024,521,OPEN,
CC-68744,"Trammell, C",M,50,2021-11-18,2021,217,OPEN,
CC-68801,"Garner, K",F,9,2012-07-27,2012,625,CLOSED,214-555-2220
CC-68822,"Herrera, P",M,30,2003-10-08,2003,519,CLOSED,
CC-68861,"Torres, N",M,33,1989-09-16,1989,157,CLOSED,214-555-9456
CC-68916,"Hall, L",M,21,2024-05-14,2024,315,OPEN,
CC-68933,"Mccoy, V",F,26,2018-05-25,2018,629,CLOSED,214-555-0267
CC-68947,"Turner, V",M,24,1987-12-28,1987,553,CLOSED,
CC-68971,"Price, G",M,45,2021-08-03,2021,335,OPEN,214-555-3195
CC-68976,"Garcia, S",F,35,1991-06-06,1991,612,CLOSED,214-555-0350
CC-68991,"Young, V",M,21,1991-09-24,1991,412,CLOSED,
CC-69000,"Murphy, C",M,34,2018-05-29,2018,328,CLOSED,214-555-1445
CC-69029,"Washington, K",M,21,2017-02-22,2017,724,OPEN,214-555-2755
CC-69039,"Simmons, N",M,37,2021-07-18,2021,430,OPEN,214-555-8574
CC-69055,"Sanders, K",M,46,1995-05-25,1995,150,CLOSED,214-555-0096
CC-69077,"Mendoza, A",M,29,1982-06-04,1982,326,CLOSED,214-555-9037
CC-69081,"Sullivan, L",M,29,1996-10-03,1996,,CLOSED,214-555-9548
CC-69084,"Ellis, H",M,28,2003-03-10,2003,529,CLOSED,214-555-4723
CC-69086,"Vargas, V",M,9,1987-09-04,1987,215,CLOSED,214-555-9213
CC-69098,"Medina, F",M,24,2019-03-26,2019,526,OPEN,
CC-69113,"Ross, H",M,40,2015-02-20,2015,315,OPEN,
CC-69131,"Okafor, J",M,29,1990-06-08,1990,550,OPEN,214-555-8833
CC-69166,"Delgado, C",F,48,1987-12-09,1987,219,CLOSED,214-555-6424
CC-69180,"Fields, H",M,18,1982-08-20,1982,219,CLOSED,
CC-69181,"Williams, A",M,31,2014-06-10,2014,215,CLOSED,214-555-1312
CC-69188,"Reyes, N",M,27,2023-04-15,2023,119,OPEN,214-555-1483
CC-69190,"Moore, K",M,18,1999-11-23,1999,455,OPEN,
CC-69204,"Medina, E",F,21,2015-10-26,2015,439,CLOSED,214-555-7462
CC-69211,"Hill, L",U,36,1996-06-07,1996,242,OPEN,
CC-69227,"Jordan, J",M,33,2012-12-26,2012,555,OPEN,214-555-0942
CC-69237,"Parker, C",M,41,2011-09-28,2011,724,CLOSED,214-555-8960
CC-69265,"Nguyen, H",M,31,1994-04-06,1994,328,CLOSED,214-555-5159
CC-69277,"Evans, V",M,13,1993-03-26,1993,119,CLOSED,
CC-69297,"Norris, N",M,49,1981-02-08,1981,630,OPEN,
CC-69358,"Garcia, G",F,32,2013-10-15,2013,315,OPEN,
CC-69392,"Dixon, A",M,18,2021-09-15,2021,501,CLOSED,
CC-69404,"Wilson, H",F,21,2024-01-26,2024,553,CLOSED,
CC-69482,"White, B",F,58,1990-08-04,1990,241,CLOSED,
CC-69543,"Phillips, J",M,17,1998-05-21,1998,713,CLOSED,
CC-69582,"Castillo, D",M,,2001-02-12,2001,328,CLOSED,214-555-7537
CC-69622,"Hill, F",M,42,1987-02-17,1987,713,CLOSED,
CC-69643,"Holland, E",M,19,1995-11-03,1995,624,CLOSED,
CC-69644,"Malone, R",M,25,1992-08-06,1992,455,CLOSED,
CC-69668,"Herrera, G",M,17,2005-11-15,2005,409,CLOSED,214-555-1452
CC-69691,"Howard, M",M,43,2001-03-29,2001,420,CLOSED,
CC-69731,"Rivera, H",M,24,1987-06-06,1987,216,CLOSED,214-555-4965
CC-69766,"Hall, K",F,17,1988-10-18,1988,624,CLOSED,214-555-8330
CC-69775,"Navarro, K",M,17,2008-10-10,2008,133,CLOSED,214-555-0749
CC-69783,"Hill, W",F,,1986-09-21,1986,216,CLOSED,214-555-2023
CC-69815,"Jackson, K",M,32,2025-06-05,2025,612,CLOSED,214-555-1311
CC-69816,"Ruiz, G",M,28,2013-06-09,2013,713,OPEN,214-555-9768
CC-69823,"Tate, T",F,37,2020-12-26,2020,519,CLOSED,
CC-69867,"Holland, B",M,21,2004-09-20,2004,625,CLOSED,
CC-69870,"Rivera, P",M,15,1994-03-09,1994,217,CLOSED,214-555-1875
CC-69891,"Ramirez, S",M,22,2001-01-25,2001,412,OPEN,214-555-7419
CC-69914,"Medina, L",M,54,2011-11-27,2011,451,CLOSED,
CC-69915,"Edwards, P",M,44,1998-04-18,1998,702,CLOSED,214-555-7841
CC-69920,"Douglas, E",M,46,2013-08-13,2013,409,CLOSED,214-555-7741
CC-69929,"Smith, B",M,20,1985-07-19,1985,438,CLOSED,214-555-2836
CC-69989,"Foster, V",M,39,2012-09-27,2012,242,CLOSED,214-555-9231
CC-70022,"Jordan, E",F,29,1992-08-07,1992,550,OPEN,
CC-70032,"Williams, V",M,32,2006-05-12,2006,119,CLOSED,214-555-1231
CC-70040,"Hawkins, W",M,22,2012-04-24,2012,241,OPEN,214-555-4062
CC-70083,"Morales, N",M,35,2015-07-21,2015,303,OPEN,214-555-9818
CC-70087,"Phillips, V",M,28,1991-09-30,1991,241,OPEN,
CC-70089,"Booker, N",F,31,2002-08-15,2002,,OPEN,214-555-2841
CC-70161,"Thomas, B",M,26,2008-01-04,2008,429,CLOSED,
CC-70170,"Baker, K",M,19,1981-01-02,1981,338,CLOSED,
CC-70204,"Webb, F",M,20,2012-12-20,2012,130,CLOSED,214-555-5111
CC-70221,"Turner, M",M,36,1989-07-25,1989,234,CLOSED,
CC-70227,"Price, F",M,19,1998-01-24,1998,354,CLOSED,214-555-6840
CC-70275,"Sanders, B",M,58,2002-06-10,2002,354,CLOSED,214-555-7084
CC-70280,"Morales, S",M,45,1991-11-09,1991,741,CLOSED,
CC-70294,"Martinez, H",M,31,1994-07-23,1994,553,CLOSED,
CC-70298,"Ross, N",M,20,1993-11-06,1993,629,CLOSED,214-555-4093
CC-70307,"Patterson, N",M,45,2005-04-04,2005,119,CLOSED,214-555-6970
CC-70319,"Booker, D",M,48,2016-08-27,2016,,CLOSED,
CC-70332,"Miller, T",M,26,2001-06-03,2001,215,CLOSED,
CC-70375,"Fuentes, H",F,44,2011-09-22,2011,119,OPEN,
CC-70389,"Booker, H",M,12,1990-07-10,1990,418,OPEN,
CC-70395,"Ramirez, E",F,60,1991-07-06,1991,410,CLOSED,
CC-70396,"Johnson, S",M,34,1991-10-13,1991,631,CLOSED,214-555-3220
CC-70420,"Scott, K",M,3,2016-08-22,2016,152,CLOSED,214-555-0491
CC-70423,"Carter, E",M,24,1990-09-14,1990,505,CLOSED,214-555-6014
CC-70429,"Edwards, T",M,10,1992-05-08,1992,234,CLOSED,
CC-70443,"Bryant, K",M,53,2006-12-24,2006,338,CLOSED,214-555-4621
CC-70452,"Ruiz, R",F,,1990-06-03,1990,429,CLOSED,
CC-70467,"Booker, G",M,43,1986-05-10,1986,242,CLOSED,214-555-9900
CC-70487,"Murphy, E",M,28,1992-02-15,1992,247,CLOSED,214-555-2948
CC-70523,"Guerrero, C",F,32,1997-06-05,1997,153,CLOSED,214-555-3028
CC-70547,"Howard, C",M,31,2012-12-09,2012,629,CLOSED,214-555-9633
CC-70575,"James, S",M,20,1993-06-23,1993,121,CLOSED,
CC-70622,"Hayes, M",M,19,1981-03-26,1981,451,CLOSED,214-555-8678
CC-70628,"Rodriguez, V",M,42,1998-06-30,1998,420,CLOSED,214-555-8685
CC-70645,"Woods, V",M,16,1991-12-30,1991,724,CLOSED,214-555-3838
CC-70649,"Hall, N",F,44,2015-07-07,2015,505,OPEN,
CC-70654,"Tate, G",M,26,1995-08-09,1995,152,CLOSED,214-555-3258
CC-70684,"Collins, T",M,,2013-07-09,2013,501,OPEN,
CC-70713,"Martinez, V",F,18,2003-11-18,2003,553,CLOSED,214-555-4074
CC-70735,"Booker, B",M,9,2010-01-11,2010,234,CLOSED,214-555-5779
CC-70737,"Reed, C",M,38,1984-05-04,1984,505,OPEN,
CC-70746,"Sullivan, R",M,27,1986-12-17,1986,121,CLOSED,
CC-70759,"Young, F",M,28,2002-11-28,2002,624,OPEN,
CC-70767,"Phillips, F",M,29,1988-09-27,1988,717,CLOSED,214-555-9578
CC-70800,"Porter, J",F,10,2009-03-31,2009,430,CLOSED,
CC-70823,"Reyes, H",U,39,1995-05-16,1995,505,CLOSED,214-555-0316
CC-70842,"Ellis, K",M,37,2024-01-31,2024,717,OPEN,214-555-9053
CC-70845,"Harris, R",M,37,2019-11-16,2019,215,OPEN,214-555-9835
CC-70887,"Hawkins, R",M,35,1990-01-03,1990,219,OPEN,214-555-1469
CC-70904,"Hawkins, S",M,,1995-01-31,1995,241,CLOSED,
CC-70910,"Nguyen, C",F,50,1999-02-25,1999,521,OPEN,214-555-2608
CC-70944,"Garner, G",M,51,1997-05-03,1997,121,CLOSED,214-555-6218
CC-70962,"Alvarez, E",M,31,2012-08-17,2012,,OPEN,
CC-70990,"Parker, M",M,47,1995-10-06,1995,625,OPEN,214-555-7979
CC-71019,"Woods, P",M,33,1998-07-12,1998,501,CLOSED,214-555-7004
CC-71026,"Torres, A",M,29,2012-04-03,2012,157,CLOSED,
CC-71036,"Lewis, E",M,60,1989-04-20,1989,625,OPEN,214-555-6104
CC-71038,"Ramos, T",F,30,1997-06-17,1997,152,OPEN,
CC-71073,"Miller, F",M,31,2002-12-13,2002,215,CLOSED,214-555-5987
CC-71090,"Marsh, D",M,38,2002-12-31,2002,457,CLOSED,214-555-7225
CC-71111,"Collins, S",F,13,2019-04-30,2019,256,CLOSED,214-555-8324
CC-71158,"Garner, T",F,34,1997-12-12,1997,519,CLOSED,214-555-2072
CC-71186,"Simmons, G",M,37,1991-02-07,1991,217,CLOSED,214-555-2232
CC-71198,"Robinson, T",M,21,1992-11-24,1992,629,CLOSED,
CC-71205,"Owens, K",M,12,2002-03-08,2002,410,CLOSED,
CC-71218,"Jordan, M",M,40,1996-05-12,1996,133,CLOSED,214-555-5280
CC-71275,"Sullivan, F",M,39,2022-12-12,2022,153,CLOSED,
CC-71292,"Navarro, E",M,24,1991-12-01,1991,505,CLOSED,214-555-0055
CC-71296,"Baker, A",M,10,1988-11-07,1988,202,OPEN,214-555-9729
CC-71329,"Garcia, T",M,28,1987-06-25,1987,335,CLOSED,214-555-7074
CC-71345,"Adams, N",F,16,1992-07-18,1992,630,OPEN,
CC-71369,"Henderson, L",F,11,2023-06-03,2023,457,OPEN,
CC-71372,"Webb, K",M,29,2018-09-19,2018,624,CLOSED,
CC-71383,"Medina, K",M,23,1986-03-07,1986,219,CLOSED,214-555-4465
CC-71389,"Hall, M",M,28,1998-09-29,1998,315,OPEN,214-555-0368
CC-71416,"Fuentes, S",M,28,2015-02-08,2015,754,CLOSED,
CC-71417,"Murphy, N",M,42,2023-06-07,2023,217,CLOSED,214-555-1080
CC-71444,"Perry, R",M,45,1992-07-24,1992,501,CLOSED,
CC-71486,"Hall, E",M,6,2006-06-13,2006,519,CLOSED,
CC-71520,"Coleman, A",F,56,2021-03-10,2021,519,OPEN,
CC-71534,"Spencer, A",M,45,1988-07-17,1988,130,CLOSED,
CC-71547,"Tucker, F",M,17,1982-05-24,1982,455,CLOSED,
CC-71551,"Tucker, P",M,43,2018-06-10,2018,328,CLOSED,214-555-9919
CC-71554,"Collins, L",M,21,2000-02-17,2000,651,CLOSED,214-555-4301
CC-71566,"Chavez, W",M,48,2000-01-07,2000,133,CLOSED,214-555-2680
CC-71576,"Norris, E",M,33,2008-05-23,2008,555,CLOSED,214-555-8092
CC-71605,"Washington, M",M,3,2012-06-12,2012,326,OPEN,
CC-71611,"Martinez, A",M,22,2008-01-17,2008,550,CLOSED,
CC-71620,"Payne, G",M,13,2017-01-07,2017,505,OPEN,
CC-71622,"Martin, E",M,21,2015-04-19,2015,631,OPEN,
CC-71623,"Evans, P",F,19,1981-06-02,1981,303,CLOSED,
CC-71627,"Sanders, L",M,19,2020-08-19,2020,713,CLOSED,214-555-2530
CC-71655,"Bryant, T",F,19,1990-08-14,1990,246,CLOSED,214-555-3159
CC-71768,"Bryant, W",M,30,1992-05-10,1992,553,OPEN,214-555-0760
CC-71787,"Sims, J",M,8,2006-06-14,2006,439,CLOSED,
CC-71790,"Dixon, F",U,24,1985-11-21,1985,315,CLOSED,214-555-4520
CC-71807,"Walker, T",M,20,2017-01-24,2017,420,CLOSED,214-555-4452
CC-71810,"Moore, P",F,24,1989-05-27,1989,359,OPEN,
CC-71824,"Pruitt, W",F,40,1996-10-05,1996,157,CLOSED,
CC-71831,"Porter, A",M,32,1992-07-03,1992,651,CLOSED,
CC-71866,"Ortiz, J",M,41,2013-04-25,2013,133,CLOSED,214-555-0078
CC-71882,"Smith, M",M,23,1982-06-22,1982,529,CLOSED,214-555-2389
CC-71883,"Jordan, V",M,23,1995-09-11,1995,217,CLOSED,214-555-2641
CC-71909,"Jackson, J",M,,1997-08-09,1997,410,CLOSED,
CC-71911,"Norris, E",M,30,1993-09-26,1993,420,CLOSED,
CC-71967,"Marsh, A",M,68,2002-08-20,2002,303,OPEN,
CC-71978,"Delgado, T",M,28,2019-10-02,2019,130,OPEN,
CC-71982,"Reyes, E",M,31,1983-04-29,1983,247,CLOSED,
CC-71994,"Mccoy, G",M,22,1986-11-13,1986,241,OPEN,
CC-72057,"Coleman, S",M,19,1997-02-02,1997,,CLOSED,
CC-72068,"Bell, F",M,32,2023-03-11,2023,150,OPEN,
CC-72080,"Phillips, R",M,51,2022-08-16,2022,624,OPEN,
CC-72093,"Payne, B",M,39,2018-06-22,2018,429,CLOSED,214-555-5828
CC-72096,"Jenkins, M",F,18,1990-07-20,1990,754,CLOSED,214-555-5058
CC-72110,"Miller, R",M,20,1985-08-16,1985,430,CLOSED,214-555-1843
CC-72139,"Richardson, E",M,34,1998-07-27,1998,246,CLOSED,
CC-72141,"Marsh, H",M,46,2017-12-01,2017,717,OPEN,214-555-3529
CC-72164,"Patterson, A",M,34,2003-01-11,2003,,CLOSED,214-555-9226
CC-72174,"Perry, T",M,38,2024-12-18,2024,354,CLOSED,214-555-6952
CC-72229,"Garcia, H",M,37,1995-05-25,1995,501,OPEN,
CC-72231,"Parker, K",M,18,2015-08-01,2015,216,CLOSED,
CC-72254,"Garcia, V",M,12,1985-01-10,1985,505,OPEN,
CC-72260,"Perry, V",M,39,2008-01-14,2008,624,CLOSED,214-555-8393
CC-72262,"Henderson, E",M,27,2021-09-29,2021,429,CLOSED,
CC-72329,"Johnson, B",M,63,2013-04-26,2013,335,OPEN,
CC-72333,"Reyes, N",M,42,1993-07-29,1993,418,CLOSED,
CC-72364,"Sanchez, S",F,42,1989-07-03,1989,354,CLOSED,214-555-3108
CC-72367,"Hughes, V",M,32,1996-05-11,1996,505,CLOSED,
CC-72395,"Webb, C",M,21,2015-10-28,2015,418,OPEN,214-555-7366
CC-72398,"Vargas, P",M,27,1991-01-29,1991,303,CLOSED,214-555-7539
CC-72423,"Perez, J",M,24,1998-01-10,1998,550,CLOSED,
CC-72444,"Torres, D",M,49,2017-04-22,2017,717,CLOSED,
CC-72458,"Baker, M",M,26,2023-09-26,2023,242,OPEN,214-555-6013
CC-72498,"Wells, K",M,29,1986-05-09,1986,130,CLOSED,
CC-72515,"Ortiz, C",M,37,1986-08-11,1986,354,OPEN,214-555-4368
CC-72523,"Sims, M",M,28,2013-06-10,2013,216,CLOSED,214-555-0057
CC-72525,"Gibson, R",M,38,1993-07-27,1993,430,OPEN,
CC-72534,"Malone, E",M,29,1981-02-06,1981,451,CLOSED,214-555-2816
CC-72557,"Ward, N",F,33,1992-08-24,1992,234,CLOSED,214-555-3462
CC-72567,"Ford, L",M,56,1989-04-29,1989,242,OPEN,214-555-7535
CC-72619,"Tucker, F",M,35,1981-12-29,1981,152,CLOSED,214-555-6922
CC-72630,"Turner, N",M,26,1993-06-24,1993,242,CLOSED,
CC-72710,"Stewart, R",F,41,2006-06-23,2006,,OPEN,214-555-3487
CC-72725,"Moore, T",M,45,1992-06-29,1992,328,CLOSED,
CC-72739,"Graham, E",M,6,2016-12-11,2016,,OPEN,214-555-0923
CC-72753,"Bell, J",M,13,2002-11-03,2002,612,CLOSED,214-555-0324
CC-72821,"Vargas, R",M,34,1998-07-22,1998,505,CLOSED,
CC-72832,"Ruiz, V",M,35,2024-06-10,2024,526,OPEN,
CC-72863,"Lewis, W",F,57,1993-11-15,1993,430,CLOSED,214-555-4074
CC-72886,"Graham, H",M,,2025-06-22,2025,418,CLOSED,214-555-0632
CC-72894,"King, P",M,40,2010-09-05,2010,412,CLOSED,214-555-4321
CC-72913,"Flores, R",M,47,2021-07-17,2021,219,OPEN,214-555-3145
CC-72950,"Delgado, N",M,24,1988-01-04,1988,555,OPEN,
CC-72962,"Perry, H",F,23,1984-01-05,1984,754,OPEN,214-555-3927
CC-72972,"Collins, S",M,13,2016-06-26,2016,702,OPEN,214-555-3146
CC-73009,"Flores, E",M,41,1997-05-16,1997,303,OPEN,
CC-73010,"Price, W",F,33,2006-02-14,2006,624,OPEN,
CC-73105,"Marsh, M",M,53,2009-12-04,2009,328,OPEN,
CC-73128,"Martinez, G",M,,1993-09-02,1993,455,CLOSED,214-555-5466
CC-73136,"Thompson, D",M,26,2006-06-16,2006,219,OPEN,
CC-73161,"Hall, L",M,27,2009-06-21,2009,754,OPEN,
CC-73191,"Lane, V",F,41,1988-03-04,1988,501,OPEN,
CC-73212,"Norris, B",M,37,2013-06-04,2013,152,OPEN,214-555-4240
CC-73232,"Sims, G",F,8,1982-02-13,1982,529,CLOSED,214-555-5794
CC-73236,"Wright, H",M,28,2018-05-02,2018,624,CLOSED,214-555-2099
CC-73250,"Gibson, B",M,42,1997-07-14,1997,418,CLOSED,214-555-6492
CC-73262,"Rodriguez, G",M,,1986-11-01,1986,430,OPEN,
CC-73278,"Murphy, C",M,22,1993-06-13,1993,717,OPEN,214-555-8835
CC-73281,"Torres, D",M,42,2022-06-11,2022,119,OPEN,
CC-73300,"Williams, N",M,27,1985-09-27,1985,430,CLOSED,214-555-4080
CC-73312,"Medina, F",M,34,1987-07-28,1987,208,CLOSED,
CC-73340,"Turner, N",M,33,2020-01-21,2020,526,OPEN,
CC-73349,"Castillo, T",M,31,2014-03-14,2014,501,OPEN,
CC-73368,"Ellis, H",M,39,2015-12-20,2015,246,OPEN,214-555-0886
CC-73374,"Williams, B",M,,2019-01-12,2019,153,CLOSED,214-555-5490
CC-73412,"Bell, J",M,20,1990-10-15,1990,208,OPEN,
CC-73415,"Mccoy, T",M,,2022-01-17,2022,702,CLOSED,
CC-73449,"Trammell, M",F,40,2000-05-21,2000,429,CLOSED,
CC-73475,"Tate, N",M,34,1998-10-26,1998,625,CLOSED,214-555-4219
CC-73496,"Lewis, N",M,24,2019-08-30,2019,246,CLOSED,214-555-0474
CC-73500,"Ross, J",F,35,2020-10-10,2020,216,CLOSED,
CC-73503,"Ross, P",M,16,2016-03-10,2016,328,CLOSED,214-555-2845
CC-73517,"Ruiz, G",M,30,2024-08-04,2024,121,OPEN,214-555-5598
CC-73524,"Johnson, D",M,26,1996-12-25,1996,119,CLOSED,214-555-1188
CC-73525,"Chavez, S",M,38,1988-10-28,1988,150,CLOSED,
CC-73531,"Howard, K",M,22,1999-05-09,1999,521,OPEN,214-555-6417
CC-73542,"White, K",M,40,2004-06-20,2004,234,CLOSED,
CC-73549,"Edwards, M",M,58,1999-10-19,1999,455,CLOSED,
CC-73577,"Collins, E",M,41,1992-08-11,1992,517,CLOSED,214-555-1319
CC-73595,"Woods, E",M,19,1995-09-13,1995,,OPEN,214-555-9993
CC-73723,"Baker, P",M,29,1994-09-02,1994,328,CLOSED,
CC-73759,"Phillips, M",M,27,2018-11-11,2018,359,CLOSED,214-555-3713
CC-73768,"Rodriguez, W",M,12,1991-06-20,1991,624,CLOSED,
CC-73788,"Espinoza, B",M,32,2022-11-11,2022,754,CLOSED,
CC-73811,"Wright, K",M,22,2020-05-05,2020,130,CLOSED,214-555-1755
CC-73816,"Fuentes, T",M,19,2023-09-29,2023,631,OPEN,214-555-0191
CC-73830,"Delgado, E",M,43,1995-06-07,1995,631,OPEN,214-555-9433
CC-73851,"Fields, A",M,38,2015-12-04,2015,724,OPEN,214-555-3604
CC-73909,"Mendoza, M",M,35,1984-07-28,1984,,OPEN,
CC-73912,"Lewis, L",M,43,2025-10-21,2025,505,CLOSED,
CC-73922,"Chavez, M",M,42,1983-06-04,1983,439,CLOSED,214-555-1281
CC-73948,"Price, K",F,48,1987-06-01,1987,315,CLOSED,214-555-0371
CC-73982,"Trammell, E",F,12,2024-01-16,2024,242,OPEN,214-555-1410
CC-73989,"Ortiz, F",M,40,1998-10-04,1998,150,CLOSED,214-555-2552
CC-73995,"Moore, E",M,44,2007-10-19,2007,119,CLOSED,214-555-4109
CC-73997,"Tucker, F",M,0,2008-11-11,2008,208,CLOSED,214-555-3667
CC-74024,"Brooks, E",F,67,2016-10-17,2016,521,CLOSED,214-555-6305
CC-74043,"Harris, J",M,19,2014-12-05,2014,457,CLOSED,
CC-74100,"Collins, N",M,35,1989-08-30,1989,157,CLOSED,214-555-5955
CC-74135,"Booker, E",U,45,2005-07-21,2005,315,OPEN,
CC-74142,"Ruiz, V",M,35,1983-12-18,1983,,CLOSED,214-555-7963
CC-74167,"Scott, B",M,23,1999-07-14,1999,119,CLOSED,
CC-74195,"Evans, F",M,25,1996-05-31,1996,529,CLOSED,214-555-8425
CC-74206,"Scott, S",M,48,1999-08-18,1999,216,OPEN,
CC-74222,"Booker, H",M,39,1988-04-22,1988,412,OPEN,
CC-74230,"Washington, A",M,15,1988-08-26,1988,455,CLOSED,214-555-7119
CC-74237,"Espinoza, L",M,33,1987-07-14,1987,526,CLOSED,214-555-1826
CC-74285,"Hughes, A",U,29,2007-07-06,2007,202,CLOSED,214-555-4519
CC-74309,"Lopez, T",M,21,1999-09-14,1999,412,CLOSED,214-555-0249
CC-74323,"Robinson, E",F,41,2001-04-02,2001,624,OPEN,
CC-74344,"Rodriguez, V",F,23,2006-10-27,2006,754,OPEN,
CC-74378,"White, K",M,38,1992-07-14,1992,754,CLOSED,214-555-5115
CC-74380,"Sims, K",M,29,1982-04-03,1982,418,OPEN,
CC-74412,"Robinson, L",M,45,2010-01-03,2010,438,CLOSED,214-555-5985
CC-74422,"Ramos, E",M,42,2024-05-25,2024,217,OPEN,214-555-9082
CC-74478,"Thomas, P",M,25,2017-06-13,2017,438,OPEN,
CC-74505,"Owens, V",M,34,1986-03-17,1986,,CLOSED,214-555-8662
CC-74506,"King, N",M,30,1984-08-11,1984,409,CLOSED,
CC-74528,"Henderson, M",M,43,2015-06-16,2015,328,CLOSED,214-555-7906
CC-74566,"Watson, E",M,15,1985-06-26,1985,625,OPEN,214-555-6827
CC-74594,"Ramirez, N",M,16,1989-06-14,1989,247,CLOSED,214-555-3714
CC-74623,"Chavez, T",M,31,1992-05-06,1992,457,CLOSED,
CC-74658,"Brooks, A",F,26,2000-02-23,2000,457,OPEN,
CC-74673,"Dixon, T",M,21,1995-07-10,1995,553,CLOSED,214-555-8929
CC-74679,"Ward, E",M,20,1983-12-17,1983,526,OPEN,
CC-74699,"Malone, F",M,41,1997-09-10,1997,328,OPEN,214-555-1621
CC-74727,"Pruitt, R",M,45,1990-06-28,1990,717,OPEN,214-555-2344
CC-74733,"Jordan, J",M,25,2023-07-11,2023,303,CLOSED,214-555-7324
CC-74762,"Hawkins, S",F,53,2014-09-04,2014,724,CLOSED,214-555-9759
CC-74773,"Caldwell, S",U,37,1981-12-17,1981,208,CLOSED,214-555-8967
CC-74777,"Perry, F",M,46,1986-09-25,1986,439,OPEN,214-555-2279
CC-74798,"Gibson, B",M,27,2020-05-02,2020,429,CLOSED,214-555-1695
CC-74799,"Parker, F",F,17,1989-03-27,1989,501,OPEN,214-555-1046
CC-74800,"Stewart, H",F,24,2009-01-04,2009,439,CLOSED,
CC-74832,"Garcia, F",M,31,1992-07-19,1992,612,OPEN,214-555-9089
CC-74846,"Walker, B",M,0,2010-07-29,2010,451,CLOSED,214-555-5140
CC-74850,"Sullivan, W",M,40,2009-11-15,2009,152,OPEN,214-555-4701
CC-74860,"Malone, K",M,23,1995-07-23,1995,702,OPEN,214-555-1616
CC-74876,"Bryant, R",M,27,2013-05-31,2013,420,OPEN,214-555-1847
CC-74877,"Torres, R",F,30,1991-04-18,1991,217,OPEN,214-555-7499
CC-74886,"Jordan, E",M,0,2020-01-04,2020,338,OPEN,214-555-5099
CC-74898,"Dixon, D",F,19,1983-09-04,1983,457,CLOSED,214-555-2921
CC-75006,"Perez, G",M,32,2015-10-08,2015,133,CLOSED,214-555-9948
CC-75013,"Trammell, H",F,37,2022-02-24,2022,420,OPEN,
CC-75044,"Reyes, E",M,17,2004-06-26,2004,630,CLOSED,214-555-1689
CC-75045,"Bryant, W",M,48,1997-08-16,1997,234,CLOSED,214-555-6617
CC-75059,"Graham, A",M,27,1985-04-01,1985,519,CLOSED,214-555-9815
CC-75090,"Garcia, M",M,39,2002-04-03,2002,429,OPEN,214-555-5181
CC-75120,"Fields, V",F,40,2023-04-28,2023,420,CLOSED,214-555-5988
CC-75126,"Holland, P",M,28,1989-06-10,1989,430,CLOSED,
CC-75127,"Herrera, W",M,,2022-11-04,2022,234,OPEN,214-555-5378
CC-75188,"Navarro, G",F,31,2025-03-08,2025,429,OPEN,
CC-75250,"Hayes, G",F,54,2003-04-24,2003,219,CLOSED,214-555-4389
CC-75321,"Chavez, V",M,43,2019-06-19,2019,501,OPEN,
CC-75326,"Richardson, D",M,20,1981-06-06,1981,741,CLOSED,214-555-1225
CC-75338,"Thompson, H",M,44,1997-08-29,1997,624,CLOSED,214-555-0534
CC-75360,"Miller, W",M,50,2021-04-03,2021,526,OPEN,214-555-5230
CC-75367,"Lopez, V",M,34,1996-06-26,1996,409,CLOSED,
CC-75416,"Gomez, V",M,6,1990-02-27,1990,153,CLOSED,
CC-75491,"Caldwell, K",M,26,2000-11-22,2000,121,OPEN,
CC-75492,"Nelson, M",M,42,1992-04-10,1992,724,CLOSED,
CC-75529,"Ward, R",M,28,1995-04-25,1995,133,CLOSED,
CC-75533,"Mitchell, E",M,35,2009-09-02,2009,,CLOSED,
CC-75575,"Hall, G",M,26,1992-06-19,1992,430,CLOSED,
CC-75582,"Murphy, H",F,45,1986-06-18,1986,429,CLOSED,214-555-6398
CC-75610,"Wilson, V",M,36,2002-09-07,2002,529,OPEN,
CC-75616,"Banks, F",M,19,2005-02-27,2005,335,CLOSED,214-555-8695
CC-75623,"Perez, G",M,35,2017-07-26,2017,526,OPEN,214-555-8355
CC-75644,"Edwards, G",M,35,1996-07-22,1996,741,CLOSED,214-555-3976
CC-75671,"Delgado, V",M,31,1992-02-20,1992,121,OPEN,
CC-75686,"Bryant, F",M,32,2007-06-27,2007,555,OPEN,
CC-75715,"Pruitt, G",M,32,1995-03-28,1995,,OPEN,
CC-75735,"White, W",M,18,1992-04-20,1992,326,CLOSED,214-555-9446
CC-75770,"Ortiz, L",M,26,1986-10-12,1986,429,CLOSED,
CC-75778,"Osei, J",F,43,1996-06-28,1996,410,CLOSED,214-555-0702
CC-75808,"Martin, D",M,50,2023-04-29,2023,439,OPEN,214-555-9185
CC-75863,"Fuentes, P",M,28,1985-12-19,1985,130,CLOSED,214-555-8422
CC-75868,"Guerrero, A",M,27,2011-12-27,2011,216,OPEN,
CC-75898,"Spencer, S",M,30,1988-03-14,1988,625,OPEN,214-555-0825
CC-75940,"Baker, T",M,28,1984-11-02,1984,234,CLOSED,214-555-2607
CC-75974,"Sanchez, E",M,0,1990-06-03,1990,438,CLOSED,214-555-3869
CC-76018,"Tucker, A",F,28,1995-10-22,1995,429,OPEN,214-555-6087
CC-76031,"Rodriguez, D",M,37,1983-09-24,1983,241,CLOSED,
CC-76045,"Sanchez, W",M,30,1987-05-09,1987,754,OPEN,214-555-8590
CC-76099,"James, L",M,29,1989-01-09,1989,625,CLOSED,
CC-76100,"Moore, G",F,19,1990-11-21,1990,430,OPEN,214-555-0542
CC-76116,"Mitchell, B",M,,2024-05-19,2024,133,OPEN,214-555-2239
CC-76126,"Lewis, F",F,17,2008-11-26,2008,219,OPEN,
CC-76161,"Adams, H",M,56,2015-05-22,2015,741,CLOSED,214-555-5204
CC-76174,"Cruz, A",M,,1992-12-25,1992,555,OPEN,
CC-76182,"Thompson, N",M,13,2015-09-19,2015,526,OPEN,
CC-76192,"Jordan, F",F,9,1996-01-07,1996,553,CLOSED,214-555-7170
CC-76205,"Porter, A",M,33,2018-10-17,2018,451,CLOSED,
CC-76219,"Ward, K",M,27,2010-09-30,2010,612,CLOSED,
CC-76221,"Navarro, J",M,42,1991-08-01,1991,,CLOSED,214-555-1886
CC-76248,"Mendoza, C",F,50,2016-04-30,2016,,CLOSED,214-555-6682
CC-76260,"Dixon, N",M,,1988-05-26,1988,429,CLOSED,214-555-7843
CC-76272,"Coleman, P",F,38,2009-01-15,2009,354,CLOSED,214-555-7145
CC-76275,"Evans, H",M,28,2018-02-16,2018,455,CLOSED,214-555-7560
CC-76281,"Fields, N",M,55,1993-05-22,1993,133,OPEN,214-555-7548
CC-76294,"Martinez, L",M,28,2016-11-21,2016,750,CLOSED,214-555-7934
CC-76299,"Parker, E",M,21,2009-04-12,2009,412,CLOSED,214-555-8366
CC-76310,"Thomas, M",M,10,2000-11-14,2000,455,CLOSED,
CC-76321,"Sullivan, V",M,39,2017-02-06,2017,741,OPEN,
CC-76325,"Collins, A",M,31,1998-03-15,1998,750,CLOSED,214-555-5906
CC-76331,"Jordan, E",M,20,2022-10-01,2022,526,OPEN,214-555-8423
CC-76333,"Ortiz, R",M,31,2025-07-04,2025,242,CLOSED,214-555-5872
CC-76357,"Ward, W",M,31,2005-08-28,2005,328,OPEN,
CC-76384,"Hill, D",F,42,2002-12-29,2002,,CLOSED,214-555-7509
CC-76431,"Howard, T",F,26,2013-11-19,2013,246,CLOSED,214-555-3022
CC-76462,"Sanchez, V",M,34,1994-11-26,1994,409,OPEN,214-555-0782
CC-76466,"Wells, K",M,17,2018-07-07,2018,429,CLOSED,
CC-76468,"Baker, H",F,43,2021-04-21,2021,326,CLOSED,214-555-6528
CC-76481,"Reyes, A",U,42,2021-05-23,2021,717,CLOSED,214-555-1635
CC-76489,"Bell, C",M,28,2007-08-03,2007,629,CLOSED,
CC-76497,"Sanchez, T",U,52,1996-06-29,1996,555,CLOSED,
CC-76500,"Jordan, F",M,53,2003-11-06,2003,328,CLOSED,214-555-7790
CC-76542,"Bryant, J",M,49,1996-01-11,1996,631,CLOSED,214-555-4239
CC-76613,"Watson, K",M,41,2004-05-15,2004,717,CLOSED,214-555-7692
CC-76624,"Wallace, L",M,36,1983-10-05,1983,521,CLOSED,214-555-3626
CC-76626,"Baker, N",F,48,1997-11-18,1997,202,CLOSED,214-555-4541
CC-76649,"Okafor, S",M,15,1981-03-14,1981,519,OPEN,
CC-76672,"Garner, R",M,42,1996-03-09,1996,418,CLOSED,
CC-76693,"Ruiz, L",M,17,2003-03-18,2003,517,OPEN,214-555-4507
CC-76734,"Parker, R",M,33,2000-11-22,2000,741,OPEN,214-555-0555
CC-76738,"Alvarez, P",M,14,2012-10-26,2012,303,OPEN,214-555-7850
CC-76782,"Davis, D",M,47,1983-11-03,1983,526,OPEN,214-555-7366
CC-76794,"Caldwell, S",M,32,2021-03-29,2021,247,OPEN,214-555-1739
CC-76797,"Graham, J",F,4,1992-04-10,1992,624,CLOSED,214-555-3832
CC-76828,"Medina, G",M,30,2013-09-11,2013,412,OPEN,214-555-9814
CC-76830,"Tucker, N",F,16,2007-08-11,2007,553,CLOSED,214-555-4560
CC-76837,"Medina, J",M,32,1985-09-27,1985,750,CLOSED,214-555-9052
CC-76856,"Walker, G",M,41,2000-06-07,2000,157,OPEN,214-555-0202
CC-76872,"Nelson, W",F,44,2000-06-07,2000,455,CLOSED,214-555-1833
CC-76887,"Reed, A",M,59,2019-06-09,2019,121,OPEN,
CC-76888,"Wright, A",M,44,1992-10-05,1992,242,OPEN,
CC-76890,"Holland, L",M,30,1992-12-21,1992,303,OPEN,214-555-6113
CC-76926,"Medina, K",F,43,1986-03-03,1986,256,OPEN,
CC-76941,"Simmons, B",M,48,1992-04-12,1992,651,OPEN,
CC-76958,"Jordan, J",M,54,2001-09-19,2001,359,CLOSED,214-555-6426
CC-77008,"Garner, W",M,12,2021-10-13,2021,529,CLOSED,214-555-2175
CC-77009,"Flores, C",M,17,2021-08-26,2021,702,OPEN,214-555-6952
CC-77033,"Turner, R",M,7,1990-02-28,1990,741,CLOSED,214-555-6531
CC-77037,"Herrera, E",M,18,1991-01-07,1991,326,CLOSED,214-555-1265
CC-77060,"Davis, S",M,18,1993-02-16,1993,247,CLOSED,214-555-8366
CC-77061,"Porter, L",M,35,1991-12-28,1991,241,OPEN,214-555-7208
CC-77063,"Dixon, L",M,24,1999-03-14,1999,215,CLOSED,
CC-77082,"Banks, H",M,25,2018-07-12,2018,625,OPEN,
CC-77083,"Pruitt, G",M,28,1992-11-22,1992,338,CLOSED,
CC-77085,"Davis, G",M,54,2001-10-12,2001,553,CLOSED,
CC-77141,"Watson, D",M,40,2015-01-10,2015,150,OPEN,
CC-77152,"Guerrero, W",M,25,2014-10-15,2014,713,OPEN,214-555-7004
CC-77225,"Lane, V",M,30,1998-05-23,1998,612,OPEN,214-555-8657
CC-77230,"Norris, T",F,45,2018-06-13,2018,430,CLOSED,214-555-9179
CC-77231,"Reed, A",F,26,1981-07-31,1981,517,CLOSED,
CC-77240,"Vargas, P",M,21,2000-06-30,2000,208,CLOSED,214-555-2812
CC-77266,"Vargas, P",M,19,2009-11-24,2009,208,CLOSED,214-555-8045
CC-77273,"Marsh, S",M,30,1985-12-23,1985,430,CLOSED,214-555-8218
CC-77300,"Richardson, N",M,0,1989-06-16,1989,741,CLOSED,214-555-0393
CC-77304,"Price, B",F,16,1991-09-21,1991,335,OPEN,214-555-7848
CC-77331,"Watson, S",M,44,1991-07-24,1991,550,OPEN,
CC-77370,"Johnson, L",M,40,1994-04-02,1994,501,OPEN,214-555-1269
CC-77388,"Malone, C",M,,1989-10-29,1989,242,OPEN,
CC-77509,"King, S",F,37,2024-04-06,2024,409,OPEN,214-555-1869
CC-77519,"Jackson, N",M,,2001-03-15,2001,630,CLOSED,
CC-77520,"Simmons, A",M,11,1990-09-09,1990,702,OPEN,214-555-4612
CC-77544,"Jackson, S",F,12,2014-02-12,2014,438,OPEN,
CC-77545,"Turner, W",M,53,2012-08-26,2012,555,OPEN,214-555-3174
CC-77556,"Wells, J",F,20,2018-08-16,2018,328,OPEN,
CC-77568,"Collins, K",M,16,1991-06-29,1991,202,CLOSED,214-555-7189
CC-77575,"Delgado, R",M,6,1981-01-13,1981,215,CLOSED,214-555-8167
CC-77587,"Smith, F",F,12,1982-11-11,1982,612,CLOSED,214-555-2429
CC-77593,"Guerrero, E",M,29,2014-05-24,2014,247,CLOSED,
CC-77614,"Sanders, R",M,10,1987-12-25,1987,354,OPEN,
CC-77625,"Ramirez, A",M,49,2020-08-23,2020,119,OPEN,
CC-77658,"Tucker, E",M,27,1992-03-08,1992,429,CLOSED,
CC-77695,"Wells, L",M,12,1992-11-13,1992,629,CLOSED,214-555-9688
CC-77706,"Mitchell, R",M,26,2006-01-02,2006,208,OPEN,
CC-77713,"Baker, E",M,14,1987-01-03,1987,359,OPEN,
CC-77749,"Cruz, E",M,29,1995-12-14,1995,519,CLOSED,214-555-5107
CC-77767,"Miller, L",M,24,1986-10-22,1986,630,OPEN,214-555-8733
CC-77768,"Sanchez, N",F,35,2002-06-14,2002,418,CLOSED,214-555-7537
CC-77783,"Watson, A",M,33,1996-06-25,1996,130,CLOSED,214-555-6458
CC-77792,"Scott, W",M,44,1988-01-28,1988,630,CLOSED,
CC-77795,"Martin, B",M,11,2015-10-26,2015,713,CLOSED,214-555-5754
CC-77803,"Chavez, C",M,27,1998-03-06,1998,130,CLOSED,
CC-77836,"Sullivan, V",M,30,1983-03-19,1983,,CLOSED,214-555-3995
CC-77865,"Hill, G",M,22,2005-06-03,2005,,CLOSED,214-555-2614
CC-77870,"Price, D",M,26,2005-09-11,2005,412,OPEN,214-555-7879
CC-77884,"Lane, N",M,16,1999-07-04,1999,215,CLOSED,214-555-8413
CC-77901,"Ford, F",M,37,1996-01-06,1996,354,CLOSED,214-555-3027
CC-77907,"Ross, C",M,45,2013-05-05,2013,150,CLOSED,
CC-77934,"Payne, B",M,43,2007-07-12,2007,624,CLOSED,214-555-2625
CC-77982,"Moore, G",M,46,2014-02-28,2014,717,CLOSED,
CC-77996,"Sanchez, K",M,38,1991-01-09,1991,326,OPEN,214-555-4304
CC-78025,"James, H",M,44,2002-06-11,2002,505,CLOSED,214-555-0191
CC-78032,"Richardson, D",M,43,2001-01-21,2001,217,CLOSED,214-555-2146
CC-78042,"Howard, T",M,32,1997-09-24,1997,519,CLOSED,
CC-78061,"Williams, H",M,37,1990-01-17,1990,505,OPEN,
CC-78062,"Coleman, T",M,,2025-02-11,2025,519,OPEN,
CC-78080,"Morales, F",M,58,2004-02-20,2004,438,CLOSED,214-555-6517
CC-78089,"Rodriguez, B",M,,1985-12-12,1985,150,OPEN,
CC-78090,"Watson, W",M,51,1992-11-17,1992,430,CLOSED,214-555-2034
CC-78181,"Hughes, A",M,0,1995-06-09,1995,328,CLOSED,
CC-78197,"Parker, N",M,27,1987-03-02,1987,713,OPEN,
CC-78232,"Stewart, H",M,19,2020-12-07,2020,457,CLOSED,214-555-6394
CC-78244,"Thomas, W",M,21,1998-06-22,1998,754,OPEN,214-555-0502
CC-78261,"Caldwell, S",M,,1995-08-29,1995,121,OPEN,214-555-7957
CC-78263,"Miller, B",M,18,1997-04-17,1997,241,OPEN,
CC-78281,"Washington, G",M,18,1994-12-14,1994,328,CLOSED,
CC-78286,"Carter, L",M,19,1987-09-02,1987,439,CLOSED,214-555-4495
CC-78292,"Lewis, D",M,41,2005-11-20,2005,550,CLOSED,214-555-6854
CC-78298,"Watson, H",M,5,2018-06-14,2018,246,OPEN,
CC-78315,"Mccoy, R",M,45,2004-03-21,2004,630,CLOSED,
CC-78333,"Morales, G",M,33,1985-03-13,1985,553,CLOSED,214-555-6346
CC-78336,"Alvarez, F",M,18,2011-12-23,2011,412,CLOSED,214-555-8331
CC-78362,"Howard, R",M,23,1989-07-22,1989,303,CLOSED,214-555-1999
CC-78369,"Vargas, C",M,0,1982-12-20,1982,119,CLOSED,214-555-7911
CC-78376,"Rivera, N",M,29,2009-10-19,2009,526,CLOSED,214-555-6574
CC-78435,"Hayes, H",F,31,1995-06-20,1995,457,CLOSED,214-555-9144
CC-78450,"Trammell, C",M,55,2005-09-07,2005,326,OPEN,214-555-9256
CC-78511,"Williams, F",M,35,2020-11-25,2020,521,CLOSED,214-555-2275
CC-78524,"Woods, H",M,36,1986-08-14,1986,717,CLOSED,
CC-78532,"Johnson, L",M,,1981-05-07,1981,130,CLOSED,
CC-78541,"Mendoza, A",M,7,1983-04-25,1983,219,CLOSED,214-555-2034
CC-78568,"Alvarez, L",M,,2024-05-01,2024,505,CLOSED,214-555-0087
CC-78586,"Sanchez, P",M,37,1993-03-04,1993,451,CLOSED,
CC-78610,"Adams, L",F,21,2006-11-28,2006,121,OPEN,214-555-0886
CC-78636,"Jenkins, S",M,41,2007-03-17,2007,,CLOSED,
CC-78665,"Murphy, V",M,36,1983-12-02,1983,409,CLOSED,214-555-6442
CC-78667,"Coleman, M",M,23,1988-10-23,1988,418,CLOSED,214-555-9578
CC-78673,"Banks, T",M,43,2021-09-04,2021,410,OPEN,
CC-78703,"Payne, E",M,24,1995-06-05,1995,651,CLOSED,214-555-7316
CC-78724,"Perry, M",M,44,1999-08-19,1999,451,CLOSED,214-555-3822
CC-78773,"Norris, S",M,58,1989-04-29,1989,246,CLOSED,214-555-3685
CC-78798,"Castillo, J",F,25,1984-08-07,1984,121,OPEN,214-555-1207
CC-78802,"Morales, N",M,42,2001-04-08,2001,529,CLOSED,214-555-7211
CC-78813,"Martinez, K",M,,2003-02-23,2003,409,OPEN,214-555-3647
CC-78818,"Garcia, N",M,45,2013-11-21,2013,,CLOSED,
CC-78850,"Hughes, F",M,35,2000-12-04,2000,216,OPEN,
CC-78882,"Sims, M",M,55,2016-05-21,2016,521,CLOSED,
CC-78889,"Cruz, R",M,,2002-07-10,2002,629,CLOSED,
CC-78913,"Ortiz, P",F,24,2018-05-30,2018,429,OPEN,214-555-5057
CC-78922,"Robinson, J",F,35,1981-04-02,1981,217,OPEN,214-555-7056
CC-78929,"Washington, R",M,43,1992-12-29,1992,550,CLOSED,
CC-78955,"Herrera, K",M,45,2015-01-26,2015,713,CLOSED,214-555-4506
CC-78989,"King, K",F,14,1986-07-09,1986,418,OPEN,
CC-78996,"Watson, B",M,33,2025-04-03,2025,702,OPEN,214-555-0132
CC-79002,"Mitchell, C",F,50,2024-08-11,2024,724,CLOSED,214-555-3795
CC-79036,"Lewis, E",F,38,1993-04-13,1993,,OPEN,
CC-79051,"Coleman, H",M,55,2014-02-14,2014,,OPEN,214-555-1020
CC-79052,"Espinoza, H",F,23,1994-01-21,1994,553,OPEN,
CC-79073,"Foster, N",F,27,1998-07-01,1998,612,OPEN,214-555-1915
CC-79081,"Carter, A",F,43,2022-10-06,2022,242,CLOSED,
CC-79091,"Tate, D",M,,2013-01-05,2013,208,CLOSED,214-555-6565
CC-79095,"Castillo, J",M,26,1990-07-12,1990,202,CLOSED,
CC-79124,"Fields, T",M,7,1994-08-18,1994,624,CLOSED,
CC-79125,"Ross, C",M,12,2009-01-26,2009,256,CLOSED,214-555-1635
CC-79129,"Garcia, N",M,47,2001-09-06,2001,526,CLOSED,
CC-79134,"Guerrero, H",M,21,2017-07-29,2017,256,OPEN,
CC-79153,"Wilson, D",U,23,1993-08-20,1993,553,CLOSED,214-555-6844
CC-79160,"Booker, T",M,9,2007-03-14,2007,219,CLOSED,
CC-79195,"Rivera, J",M,26,2022-11-13,2022,702,CLOSED,
CC-79205,"Carter, L",M,27,2014-09-25,2014,505,CLOSED,214-555-3045
CC-79210,"Hill, R",M,27,2022-12-11,2022,741,OPEN,
CC-79217,"James, F",M,38,2023-09-10,2023,130,CLOSED,214-555-4381
CC-79229,"Owens, N",M,10,1997-03-10,1997,713,CLOSED,214-555-6727
CC-79239,"Herrera, V",M,37,1990-12-30,1990,246,CLOSED,
CC-79253,"Norris, F",M,0,1990-08-31,1990,234,OPEN,214-555-1860
CC-79270,"Murphy, T",F,33,1992-07-04,1992,526,CLOSED,214-555-1708
CC-79297,"Miller, P",F,39,2008-08-01,2008,242,CLOSED,214-555-7451
CC-79331,"Vargas, D",M,57,1989-04-19,1989,438,CLOSED,214-555-8925
CC-79338,"Parker, W",M,27,1990-08-31,1990,152,CLOSED,214-555-1341
CC-79351,"Pruitt, T",M,23,1994-01-03,1994,717,CLOSED,214-555-9240
CC-79375,"Ramos, E",M,30,1994-07-16,1994,438,CLOSED,214-555-2271
CC-79399,"Hughes, P",F,34,1991-06-13,1991,521,OPEN,
CC-79435,"Ramirez, K",F,14,1990-01-06,1990,429,OPEN,214-555-1226
CC-79440,"Carter, E",F,28,1994-03-06,1994,429,OPEN,
CC-79447,"Ramirez, P",M,13,2014-01-26,2014,315,OPEN,
CC-79469,"Ramirez, K",M,36,2025-08-09,2025,119,CLOSED,
CC-79475,"Hawkins, V",M,34,1981-10-16,1981,121,CLOSED,214-555-2549
CC-79495,"Caldwell, K",F,9,2001-05-08,2001,217,CLOSED,214-555-8791
CC-79530,"Alvarez, N",F,33,2013-01-11,2013,,CLOSED,
CC-79536,"Bryant, W",F,19,2020-10-19,2020,612,OPEN,
CC-79555,"Bell, T",M,39,2004-02-25,2004,152,CLOSED,214-555-7877
CC-79556,"Nelson, F",M,19,2005-02-26,2005,651,CLOSED,
CC-79572,"Herrera, C",M,0,1990-05-17,1990,501,CLOSED,214-555-6982
CC-79583,"Reyes, C",M,9,2024-11-20,2024,741,CLOSED,
CC-79584,"Navarro, M",F,22,1991-09-02,1991,208,CLOSED,214-555-7895
CC-79589,"Navarro, R",M,10,1988-01-26,1988,153,CLOSED,214-555-5481
CC-79603,"Simmons, D",M,23,2000-06-05,2000,717,OPEN,214-555-5451
CC-79623,"Mendoza, W",M,23,2011-11-13,2011,335,OPEN,
CC-79638,"Sanchez, L",F,25,2010-04-09,2010,241,OPEN,
CC-79649,"Alvarez, F",M,22,2018-10-17,2018,519,CLOSED,214-555-0237
CC-79693,"Parker, F",M,51,2025-10-18,2025,410,OPEN,214-555-3158
CC-79704,"Hill, N",M,35,1981-06-09,1981,519,CLOSED,214-555-0327
CC-79806,"Lopez, T",M,30,2012-10-13,2012,335,CLOSED,
CC-79819,"Lane, L",M,34,2017-01-13,2017,625,CLOSED,214-555-2216
CC-79839,"Woods, R",M,48,2023-11-08,2023,624,CLOSED,214-555-6804
CC-79857,"Ruiz, F",M,39,1996-07-25,1996,359,OPEN,
CC-79894,"Wilson, A",M,24,2000-06-20,2000,247,OPEN,214-555-4111
CC-79908,"Mendoza, C",M,42,1997-09-09,1997,234,CLOSED,214-555-9780
CC-79934,"Navarro, H",M,26,1982-01-13,1982,702,CLOSED,
CC-79939,"Sims, R",M,33,2006-08-24,2006,315,OPEN,
CC-79942,"Sanders, A",M,18,1994-05-26,1994,553,CLOSED,214-555-5789
CC-79961,"Nelson, M",M,0,1999-06-25,1999,121,CLOSED,214-555-9739
CC-79965,"Evans, L",M,48,1993-04-05,1993,208,OPEN,214-555-7524
CC-79994,"Mitchell, B",M,37,2010-04-04,2010,215,CLOSED,214-555-6955
CC-80047,"Martinez, A",M,33,2020-08-08,2020,242,CLOSED,214-555-2625
CC-80054,"Lane, J",M,42,1988-08-08,1988,555,OPEN,
CC-80058,"Navarro, R",F,47,1987-07-27,1987,501,OPEN,
CC-80059,"Garner, R",F,24,1982-12-02,1982,241,CLOSED,
CC-80079,"Okafor, S",F,30,2024-12-26,2024,150,OPEN,214-555-0204
CC-80151,"Gomez, N",M,39,1986-09-12,1986,451,OPEN,
CC-80164,"Lopez, C",M,7,2002-12-15,2002,208,CLOSED,214-555-2880
CC-80166,"Hawkins, G",M,42,2015-05-15,2015,202,OPEN,214-555-1609
CC-80171,"Ruiz, M",M,36,1982-11-10,1982,553,CLOSED,214-555-3729
CC-80204,"Perez, R",M,20,2006-10-24,2006,335,CLOSED,214-555-5546
CC-80226,"Ford, L",M,26,1996-12-07,1996,630,OPEN,
CC-80242,"Watson, E",M,40,1990-10-13,1990,338,CLOSED,
CC-80262,"Gibson, R",M,33,1989-08-10,1989,,OPEN,214-555-7259
CC-80298,"Morales, E",M,44,1995-04-19,1995,724,OPEN,214-555-3200
CC-80332,"Mitchell, N",M,15,1995-02-28,1995,717,CLOSED,
CC-80384,"Phillips, A",M,37,2011-07-30,2011,241,CLOSED,214-555-2223
CC-80394,"Payne, A",M,27,1993-04-12,1993,409,CLOSED,214-555-3181
CC-80439,"Reed, R",M,,2014-10-11,2014,612,CLOSED,214-555-0713
CC-80469,"Perry, L",M,58,2019-12-21,2019,629,CLOSED,
CC-80515,"Hawkins, W",M,40,2018-02-25,2018,519,OPEN,
CC-80523,"Nguyen, E",M,35,1991-05-26,1991,550,CLOSED,214-555-5257
CC-80553,"Norris, J",M,,2014-06-24,2014,247,OPEN,214-555-8593
CC-80563,"Perry, S",F,35,1988-03-11,1988,439,CLOSED,214-555-2676
CC-80567,"Hawkins, L",M,43,2001-09-04,2001,438,OPEN,
CC-80577,"Henderson, K",F,26,1991-05-18,1991,651,CLOSED,214-555-8900
CC-80581,"Phillips, L",M,49,1991-12-30,1991,750,OPEN,214-555-4974
CC-80596,"Martin, V",M,25,2023-03-04,2023,451,OPEN,214-555-0398
CC-80607,"Lane, E",M,19,1994-01-11,1994,303,CLOSED,214-555-1660
CC-80624,"Bryant, E",M,39,1998-08-14,1998,412,CLOSED,214-555-3220
CC-80644,"Norris, P",M,30,1987-03-06,1987,631,CLOSED,
CC-80648,"Castillo, G",M,32,2005-02-09,2005,219,OPEN,
CC-80651,"Hayes, L",M,27,1992-12-30,1992,303,CLOSED,214-555-9037
CC-80655,"Ward, V",F,33,2022-10-09,2022,529,OPEN,
CC-80659,"Thomas, V",M,37,2011-10-19,2011,241,OPEN,214-555-5589
CC-80672,"Green, B",M,24,1992-08-26,1992,157,CLOSED,214-555-7022
CC-80679,"Delgado, V",F,44,2020-09-22,2020,439,CLOSED,
CC-80736,"Pruitt, R",F,54,1989-10-09,1989,412,OPEN,214-555-6841
CC-80738,"Ortiz, A",F,43,2004-12-19,2004,451,OPEN,214-555-9232
CC-80742,"Parker, N",M,36,1983-04-18,1983,152,CLOSED,214-555-2408
CC-80764,"Alvarez, T",M,34,2020-05-01,2020,702,CLOSED,214-555-7458
CC-80778,"Martin, W",F,9,2002-11-10,2002,338,CLOSED,
CC-80785,"Walker, G",U,53,1988-05-03,1988,754,CLOSED,
CC-80851,"Bryant, V",M,19,2016-08-07,2016,328,CLOSED,214-555-6433
CC-80860,"Mendoza, L",M,3,1994-08-14,1994,315,CLOSED,214-555-2138
CC-80871,"Herrera, C",M,30,1990-10-21,1990,519,CLOSED,214-555-4613
CC-80879,"Navarro, F",M,50,1995-04-18,1995,624,CLOSED,214-555-3356
CC-80905,"Jackson, B",M,28,2023-09-04,2023,629,CLOSED,
CC-80920,"Malone, R",F,41,1994-12-22,1994,517,OPEN,214-555-8796
CC-80940,"Cruz, G",M,21,1990-02-21,1990,246,CLOSED,214-555-5047
CC-80976,"Ruiz, T",F,0,1999-08-20,1999,315,CLOSED,214-555-5464
CC-80989,"Gomez, B",M,24,2004-05-31,2004,553,OPEN,214-555-3290
CC-80991,"Washington, G",M,31,2009-06-16,2009,724,CLOSED,
CC-80993,"Rodriguez, T",M,29,1991-03-26,1991,234,CLOSED,
CC-81005,"Hayes, V",M,16,2001-03-26,2001,335,OPEN,214-555-5146
CC-81006,"Ellis, V",M,0,1994-12-10,1994,457,OPEN,
CC-81011,"Flores, J",M,21,2005-09-11,2005,702,CLOSED,
CC-81021,"Hill, B",M,9,2003-07-21,2003,409,OPEN,214-555-6053
CC-81069,"Vargas, R",M,46,1994-05-09,1994,455,OPEN,214-555-1059
CC-81086,"Morales, V",M,28,2021-04-24,2021,208,OPEN,
CC-81101,"Jenkins, H",M,35,2008-04-25,2008,,CLOSED,214-555-8095
CC-81121,"Ford, T",M,28,1986-07-23,1986,420,OPEN,
CC-81169,"Woods, J",M,4,2001-10-17,2001,246,CLOSED,214-555-1982
CC-81230,"Mendoza, R",M,28,2008-05-19,2008,121,OPEN,
CC-81250,"Gibson, E",M,33,1988-03-10,1988,451,CLOSED,214-555-5684
CC-81315,"Fuentes, V",F,20,1998-03-22,1998,517,OPEN,214-555-0694
CC-81331,"Ramirez, S",M,53,1984-09-26,1984,519,CLOSED,214-555-9229
CC-81334,"Ramos, H",M,12,2013-02-23,2013,630,CLOSED,
CC-81341,"Ward, W",M,,2015-03-28,2015,630,OPEN,214-555-8910
CC-81444,"Patterson, E",F,0,1986-04-18,1986,526,CLOSED,214-555-3317
CC-81472,"Sanders, P",M,37,1981-03-19,1981,409,CLOSED,214-555-9822
CC-81495,"Ford, R",M,6,1991-10-10,1991,521,OPEN,214-555-5479
CC-81516,"Hayes, W",F,48,1990-04-10,1990,153,CLOSED,214-555-3610
CC-81631,"Stewart, W",F,37,2008-12-20,2008,315,OPEN,
CC-81635,"Carter, B",M,12,2008-01-18,2008,438,OPEN,
CC-81651,"Navarro, S",M,42,2013-07-01,2013,517,CLOSED,214-555-5506
CC-81682,"Jenkins, F",M,30,2017-12-04,2017,241,OPEN,
CC-81718,"Walker, M",M,37,1994-08-29,1994,630,CLOSED,
CC-81720,"Perry, N",M,15,2018-03-09,2018,455,CLOSED,
CC-81753,"Porter, B",M,7,1984-11-12,1984,354,CLOSED,
CC-81783,"Williams, B",M,36,2011-06-23,2011,529,CLOSED,
CC-81840,"Williams, N",M,40,2017-03-26,2017,741,OPEN,214-555-9539
CC-81865,"Green, T",M,42,1991-09-06,1991,418,CLOSED,214-555-7677
CC-81866,"Rodriguez, V",M,25,1982-10-22,1982,208,CLOSED,214-555-4805
CC-81899,"Morales, P",M,36,2005-01-22,2005,133,CLOSED,214-555-0515
CC-81916,"Sanchez, R",M,24,1990-04-10,1990,130,CLOSED,214-555-4671
CC-81925,"Nelson, B",M,28,2019-11-19,2019,724,CLOSED,214-555-0194
CC-81932,"Dixon, K",M,12,2014-01-12,2014,451,OPEN,
CC-81939,"Ford, S",M,51,1985-10-13,1985,150,CLOSED,
CC-81949,"Porter, W",M,46,2000-06-01,2000,335,CLOSED,214-555-7865
CC-81995,"Price, P",M,44,2019-11-06,2019,412,CLOSED,214-555-5732
CC-82009,"Malone, V",M,15,2011-02-21,2011,215,CLOSED,214-555-5652
CC-82070,"Torres, E",M,31,1986-08-12,1986,713,OPEN,214-555-6638
CC-82074,"Stewart, B",F,39,1986-04-01,1986,303,CLOSED,214-555-8693
CC-82115,"Gomez, A",M,39,1996-01-05,1996,702,OPEN,214-555-3437
CC-82135,"Garner, T",M,34,2022-12-15,2022,629,OPEN,
CC-82154,"Mccoy, D",M,25,1999-02-02,1999,526,OPEN,214-555-0335
CC-82159,"Nelson, F",M,48,2021-12-11,2021,217,CLOSED,214-555-8586
CC-82165,"Ramirez, C",M,3,2003-09-05,2003,219,CLOSED,214-555-4845
CC-82176,"Ellis, D",M,45,2008-03-16,2008,550,CLOSED,
CC-82181,"Jenkins, L",F,35,2003-05-25,2003,326,CLOSED,214-555-7271
CC-82182,"Tucker, B",M,18,2023-03-15,2023,630,OPEN,214-555-1831
CC-82189,"Nguyen, R",F,23,2007-02-09,2007,429,CLOSED,214-555-9631
CC-82195,"Hill, T",M,23,1991-04-06,1991,553,CLOSED,
CC-82204,"Navarro, R",F,25,1981-07-03,1981,550,CLOSED,214-555-7895
CC-82223,"Lopez, W",M,35,1987-07-09,1987,517,OPEN,
CC-82230,"Espinoza, W",M,33,1989-06-09,1989,133,CLOSED,
CC-82272,"Ross, B",F,23,1992-03-27,1992,629,CLOSED,214-555-0505
CC-82278,"Murphy, A",M,26,2018-03-19,2018,130,OPEN,214-555-8218
CC-82284,"Mitchell, K",M,33,1988-09-02,1988,133,OPEN,
CC-82304,"Miller, R",M,39,1995-03-03,1995,130,OPEN,214-555-5343
CC-82305,"Trammell, W",F,21,1985-03-19,1985,133,OPEN,
CC-82390,"Tucker, J",M,44,2008-09-20,2008,754,CLOSED,214-555-8969
CC-82423,"Thomas, L",M,35,1987-04-23,1987,717,CLOSED,214-555-0406
CC-82453,"Lewis, B",M,34,2019-02-24,2019,429,OPEN,
CC-82470,"Collins, B",M,32,2019-10-23,2019,750,OPEN,214-555-6944
CC-82496,"Johnson, V",M,11,2002-08-29,2002,246,CLOSED,
CC-82538,"Rivera, V",M,33,1999-10-30,1999,702,CLOSED,214-555-7436
CC-82558,"Howard, L",F,42,1992-04-11,1992,455,OPEN,
CC-82577,"Fields, J",F,39,2017-02-03,2017,517,OPEN,214-555-6690
CC-82579,"Richardson, P",M,31,1984-12-13,1984,150,CLOSED,
CC-82580,"Dixon, A",M,23,2001-10-10,2001,335,OPEN,
CC-82598,"Spencer, E",M,31,2017-02-13,2017,624,CLOSED,214-555-9357
CC-82605,"Smith, M",M,52,1998-04-16,1998,241,CLOSED,214-555-1127
CC-82610,"Graham, H",M,24,1987-10-19,1987,359,CLOSED,
CC-82626,"Webb, A",M,46,1981-09-24,1981,455,CLOSED,214-555-4058
CC-82636,"Vargas, M",M,34,2016-11-28,2016,629,OPEN,214-555-7456
CC-82662,"Herrera, K",F,44,1998-10-24,1998,418,CLOSED,214-555-8439
CC-82674,"Perry, R",M,5,1986-12-03,1986,438,OPEN,
CC-82695,"Edwards, A",F,46,1990-03-11,1990,326,OPEN,214-555-8844
CC-82698,"Ford, P",M,51,1994-08-30,1994,216,OPEN,
CC-82709,"Parker, H",M,29,2016-12-23,2016,455,OPEN,
CC-82728,"Ruiz, T",M,43,2018-04-16,2018,420,OPEN,214-555-5805
CC-82773,"Grant, W",M,30,2015-02-12,2015,335,OPEN,
CC-82780,"Nelson, K",M,28,2009-10-13,2009,,CLOSED,
CC-82790,"Murphy, C",M,40,1983-11-26,1983,713,CLOSED,214-555-5000
CC-82795,"Murphy, F",M,24,1987-02-19,1987,241,CLOSED,214-555-7463
CC-82800,"Washington, A",M,19,1993-03-04,1993,724,CLOSED,
CC-82821,"Lane, C",M,29,2011-04-18,2011,717,CLOSED,214-555-3946
CC-82845,"Cruz, H",F,53,2020-02-22,2020,651,OPEN,
CC-82865,"Holland, W",M,37,2012-12-05,2012,152,OPEN,214-555-8323
CC-82866,"Tucker, G",M,40,2000-03-25,2000,217,OPEN,214-555-7959
CC-82900,"Lewis, V",M,42,1999-08-22,1999,246,OPEN,214-555-0107
CC-82902,"Fuentes, F",F,7,2024-06-13,2024,550,OPEN,
CC-82924,"Bryant, D",F,41,2018-05-01,2018,750,OPEN,
CC-82925,"Sims, E",M,41,2023-02-16,2023,152,CLOSED,214-555-8368
CC-82934,"Ramirez, C",M,26,2007-10-21,2007,724,OPEN,
CC-82959,"Wallace, M",F,41,2021-04-15,2021,717,OPEN,214-555-8862
CC-82979,"Vargas, N",M,33,2008-11-20,2008,631,OPEN,214-555-8280
CC-82988,"Nguyen, M",M,32,2014-11-06,2014,517,OPEN,214-555-1204
CC-82997,"Reed, H",M,22,1995-03-10,1995,,CLOSED,214-555-4405
CC-83024,"James, P",F,,1997-01-20,1997,455,OPEN,214-555-0970
CC-83026,"Rivera, C",M,45,1989-11-13,1989,754,OPEN,214-555-5922
CC-83060,"Simmons, A",F,44,1996-03-26,1996,438,CLOSED,
CC-83065,"Okafor, L",M,33,1991-09-19,1991,750,OPEN,
CC-83082,"Alvarez, P",M,40,1994-02-22,1994,242,CLOSED,214-555-7375
CC-83086,"Howard, E",M,15,2025-12-05,2025,429,OPEN,
CC-83114,"Reed, A",M,20,1989-04-12,1989,216,OPEN,
CC-83124,"Pruitt, W",M,34,1995-08-14,1995,121,OPEN,
CC-83125,"Hill, B",M,17,1987-12-24,1987,505,CLOSED,
CC-83156,"Morales, C",M,24,2022-06-07,2022,526,OPEN,214-555-9860
CC-83210,"Simmons, T",M,29,2007-10-21,2007,517,OPEN,
CC-83244,"Johnson, P",M,47,2019-08-13,2019,418,OPEN,
CC-83262,"Rodriguez, A",M,42,1986-11-01,1986,217,CLOSED,214-555-2167
CC-83266,"Green, W",M,30,1994-09-29,1994,625,CLOSED,
CC-83270,"Castillo, H",M,24,1992-11-19,1992,219,CLOSED,
CC-83282,"Perez, F",F,40,2008-04-26,2008,420,OPEN,214-555-1506
CC-83320,"Ellis, C",M,18,1997-05-17,1997,438,OPEN,
CC-83322,"Perry, R",M,37,1993-05-25,1993,335,OPEN,
CC-83335,"Booker, L",M,37,1998-12-26,1998,553,CLOSED,214-555-1618
CC-83346,"Patterson, T",M,23,1995-11-30,1995,717,CLOSED,
CC-83503,"Scott, L",M,36,1989-08-26,1989,234,CLOSED,214-555-7746
CC-83504,"Porter, F",M,37,1986-02-08,1986,517,CLOSED,
CC-83527,"Harris, N",F,15,2016-07-30,2016,242,CLOSED,
CC-83546,"Flores, N",U,37,1991-08-03,1991,550,CLOSED,
CC-83553,"Hayes, L",M,14,2021-10-31,2021,121,CLOSED,214-555-2717
CC-83595,"Martin, J",F,13,2021-08-24,2021,217,OPEN,214-555-7715
CC-83600,"Walker, L",F,52,1992-03-17,1992,717,CLOSED,
CC-83642,"Fields, H",M,0,1999-09-04,1999,303,OPEN,214-555-5754
CC-83651,"Smith, C",M,19,2010-09-04,2010,430,CLOSED,
CC-83664,"Gomez, V",M,32,2015-11-12,2015,625,OPEN,214-555-8370
CC-83679,"Malone, P",M,30,1994-06-07,1994,418,CLOSED,214-555-1027
CC-83695,"Smith, F",M,16,2005-06-23,2005,354,CLOSED,214-555-5876
CC-83743,"Nguyen, G",M,20,1985-11-24,1985,328,CLOSED,
CC-83749,"Carter, D",M,25,1996-06-02,1996,215,CLOSED,214-555-6619
CC-83764,"Martin, E",F,49,1991-04-13,1991,133,CLOSED,
CC-83768,"Medina, L",M,41,1992-01-05,1992,526,CLOSED,
CC-83782,"Herrera, H",F,15,1984-02-15,1984,335,CLOSED,214-555-7557
CC-83784,"Coleman, P",M,38,2016-01-30,2016,335,CLOSED,214-555-2107
CC-83827,"Jenkins, K",M,34,2005-11-26,2005,519,OPEN,
CC-83834,"Ruiz, C",M,28,1991-05-09,1991,412,CLOSED,214-555-0696
CC-83845,"Phillips, R",M,5,2008-08-11,2008,219,OPEN,214-555-2269
CC-83853,"Malone, R",M,14,1988-10-05,1988,215,CLOSED,214-555-9355
CC-83861,"Thomas, J",F,50,1994-07-25,1994,439,CLOSED,
CC-83871,"Wilson, J",M,20,2022-02-01,2022,555,CLOSED,
CC-83891,"Nguyen, G",M,34,2011-11-25,2011,702,CLOSED,
CC-83900,"Marsh, J",F,44,2021-10-18,2021,624,CLOSED,214-555-5916
CC-83909,"Smith, S",M,27,1988-09-28,1988,429,CLOSED,214-555-0876
CC-83914,"Morales, C",M,23,2019-01-28,2019,529,CLOSED,214-555-1653
CC-83918,"Gomez, N",M,50,2005-04-04,2005,754,OPEN,214-555-5870
CC-83959,"Evans, D",M,35,2023-01-18,2023,202,CLOSED,
CC-83983,"Guerrero, V",M,19,2013-11-07,2013,724,OPEN,
CC-84025,"Sanchez, H",F,27,2023-07-03,2023,629,CLOSED,
CC-84075,"Evans, K",M,21,1986-12-05,1986,438,OPEN,
CC-84088,"Porter, W",M,27,2014-10-25,2014,521,OPEN,214-555-0255
CC-84122,"Richardson, M",M,36,1986-10-07,1986,526,CLOSED,214-555-1869
CC-84141,"Mitchell, K",F,23,1995-09-05,1995,246,CLOSED,214-555-0643
CC-84178,"Henderson, P",M,47,1991-05-27,1991,717,OPEN,
CC-84190,"Webb, N",M,,2000-05-27,2000,455,CLOSED,214-555-9434
CC-84214,"Fuentes, H",M,38,2006-10-18,2006,439,CLOSED,214-555-1049
CC-84230,"Hayes, R",M,27,1995-11-23,1995,555,CLOSED,
CC-84251,"Ruiz, J",F,18,2023-04-26,2023,354,OPEN,214-555-3831
CC-84254,"Carter, P",M,12,1981-12-16,1981,409,OPEN,
CC-84264,"Herrera, J",U,30,1986-09-08,1986,216,CLOSED,214-555-9848
CC-84276,"Norris, M",M,43,1998-05-29,1998,457,CLOSED,
CC-84294,"Baker, R",M,49,2022-02-19,2022,219,CLOSED,
CC-84296,"Okafor, G",M,8,2023-07-23,2023,630,OPEN,
CC-84313,"Fuentes, V",M,39,2009-03-14,2009,438,CLOSED,214-555-7483
CC-84325,"Parker, N",M,19,2016-05-11,2016,702,CLOSED,214-555-6398
CC-84334,"Fields, V",M,26,2025-04-22,2025,242,CLOSED,
CC-84339,"Wilson, A",F,,2011-08-29,2011,418,CLOSED,
CC-84341,"Collins, G",M,30,1989-07-13,1989,153,CLOSED,
CC-84346,"Hayes, G",M,28,2001-11-11,2001,555,CLOSED,
CC-84355,"Phillips, R",F,51,2019-05-15,2019,418,CLOSED,214-555-0211
CC-84385,"Porter, K",M,30,1998-09-22,1998,439,OPEN,
CC-84387,"Okafor, W",M,21,2006-07-02,2006,246,CLOSED,
CC-84396,"Sullivan, L",M,24,1993-03-19,1993,150,CLOSED,
CC-84404,"Parker, N",M,50,2004-02-22,2004,202,CLOSED,214-555-1528
CC-84429,"Baker, M",M,25,1986-09-10,1986,519,OPEN,214-555-5179
CC-84478,"Wells, K",M,17,2012-05-29,2012,359,CLOSED,214-555-3753
CC-84502,"Jenkins, V",F,41,1998-08-03,1998,315,CLOSED,214-555-1740
CC-84521,"Henderson, N",M,25,2013-11-25,2013,451,OPEN,
CC-84530,"Watson, S",M,10,1982-04-10,1982,153,CLOSED,
CC-84548,"Guerrero, F",M,,2010-12-01,2010,242,OPEN,214-555-0868
CC-84558,"Bryant, P",M,36,2007-05-24,2007,624,CLOSED,214-555-8161
CC-84571,"Perez, J",M,25,2008-11-20,2008,153,CLOSED,214-555-0976
CC-84583,"Flores, J",M,10,1992-11-19,1992,750,CLOSED,
CC-84600,"Parker, F",M,23,2015-01-07,2015,119,CLOSED,214-555-1382
CC-84601,"Gomez, F",M,52,1989-08-04,1989,409,CLOSED,214-555-2710
CC-84607,"Ramirez, D",M,33,2006-06-26,2006,517,OPEN,214-555-8921
CC-84616,"Thompson, D",M,10,2024-10-29,2024,553,CLOSED,
CC-84629,"Webb, W",M,61,2007-10-01,2007,130,CLOSED,214-555-3782
CC-84643,"Henderson, P",M,49,1983-07-10,1983,418,CLOSED,214-555-5209
CC-84658,"Ramirez, G",M,0,2003-05-22,2003,247,OPEN,214-555-7408
CC-84690,"Davis, G",M,28,1997-10-10,1997,519,CLOSED,214-555-5290
CC-84695,"Grant, C",M,51,1991-09-24,1991,219,OPEN,
CC-84700,"Ross, L",F,27,2018-05-28,2018,152,OPEN,214-555-3849
CC-84708,"Vargas, A",M,47,1991-02-16,1991,256,OPEN,
CC-84718,"Henderson, P",M,33,1991-04-23,1991,529,CLOSED,
CC-84738,"Nguyen, E",F,31,1991-04-15,1991,215,CLOSED,
CC-84762,"Young, N",M,34,2015-07-16,2015,717,CLOSED,214-555-1580
CC-84821,"Walker, M",F,39,2009-11-13,2009,208,CLOSED,214-555-2644
CC-84836,"Medina, C",F,22,2023-01-25,2023,651,CLOSED,214-555-8182
CC-84847,"Bell, K",F,44,1981-08-08,1981,612,CLOSED,214-555-5570
CC-84849,"Murphy, L",M,17,1986-09-09,1986,338,CLOSED,214-555-2475
CC-84862,"Howard, W",M,24,2018-10-13,2018,651,OPEN,214-555-3085
CC-84890,"Turner, M",M,33,1993-04-06,1993,519,CLOSED,214-555-6179
CC-84944,"Martin, H",M,21,2024-12-01,2024,550,OPEN,214-555-4009
CC-84972,"Robinson, G",M,38,1995-03-25,1995,631,CLOSED,214-555-2455
CC-84973,"Ramos, A",M,28,1997-08-30,1997,121,OPEN,214-555-4841
CC-84974,"Ellis, K",M,23,2001-09-01,2001,215,CLOSED,
CC-84976,"Dixon, C",M,26,1999-12-18,1999,,CLOSED,214-555-8121
CC-85003,"Morales, W",M,26,1996-01-24,1996,247,CLOSED,
CC-85010,"Booker, L",M,19,2006-04-08,2006,526,CLOSED,214-555-4363
CC-85073,"Phillips, F",M,41,1999-09-10,1999,354,CLOSED,
CC-85098,"Harris, K",F,15,1990-11-18,1990,410,OPEN,214-555-6513
CC-85115,"Delgado, W",M,43,1992-10-03,1992,418,OPEN,
CC-85120,"Trammell, G",M,51,2019-06-24,2019,247,CLOSED,214-555-3355
CC-85131,"Adams, T",M,22,1987-08-27,1987,519,CLOSED,214-555-9298
CC-85133,"Scott, D",M,34,2019-02-21,2019,328,CLOSED,
CC-85144,"Foster, R",M,14,1991-02-14,1991,247,CLOSED,
CC-85163,"Garcia, J",M,24,1989-03-30,1989,612,OPEN,
CC-85164,"Foster, T",F,53,1991-10-23,1991,409,CLOSED,214-555-0682
CC-85175,"Gibson, V",M,4,2022-08-25,2022,303,CLOSED,214-555-8467
CC-85221,"Hawkins, H",U,37,2003-10-29,2003,242,CLOSED,214-555-2814
CC-85254,"Cruz, J",M,11,1988-08-18,1988,555,CLOSED,214-555-6837
CC-85260,"Evans, P",M,52,2018-10-11,2018,412,OPEN,
CC-85307,"Martin, G",M,37,1989-04-11,1989,420,CLOSED,214-555-0069
CC-85330,"Baker, B",M,35,1988-12-17,1988,208,OPEN,
CC-85355,"Garcia, A",M,36,1997-06-07,1997,553,CLOSED,214-555-5028
CC-85357,"Coleman, N",M,21,1986-10-20,1986,335,OPEN,
CC-85360,"Norris, S",M,37,2002-10-09,2002,219,CLOSED,214-555-3199
CC-85372,"Baker, M",M,24,1988-10-09,1988,412,OPEN,
CC-85386,"Jenkins, S",M,21,1984-07-05,1984,451,OPEN,
CC-85406,"Ruiz, L",M,12,1990-02-03,1990,429,CLOSED,
CC-85415,"Martinez, A",M,30,1982-11-09,1982,153,CLOSED,
CC-85420,"Moore, K",M,42,1986-11-13,1986,455,CLOSED,
CC-85445,"Collins, J",M,45,1997-10-31,1997,555,CLOSED,214-555-8439
CC-85483,"Reed, T",M,40,1994-03-21,1994,242,CLOSED,
CC-85510,"Young, E",M,9,1993-05-07,1993,625,CLOSED,
CC-85540,"Wright, V",M,35,1986-09-03,1986,713,CLOSED,
CC-85571,"Collins, N",M,42,1994-02-14,1994,519,CLOSED,
CC-85580,"Wells, W",F,14,2017-11-10,2017,505,CLOSED,
CC-85605,"Washington, K",M,33,1998-12-08,1998,256,OPEN,
CC-85628,"Baker, F",M,19,2003-12-14,2003,246,OPEN,
CC-85665,"Scott, J",M,51,1985-12-22,1985,242,OPEN,
CC-85690,"Dixon, D",M,46,2025-11-15,2025,420,OPEN,214-555-0485
CC-85701,"Carter, R",M,48,2019-01-09,2019,219,CLOSED,214-555-1797
CC-85719,"Turner, L",M,1,2000-02-29,2000,354,OPEN,214-555-1234
CC-85732,"Carter, F",M,10,2012-01-07,2012,121,OPEN,214-555-6675
CC-85744,"Gomez, H",M,32,1986-06-19,1986,553,CLOSED,214-555-7633
CC-85780,"Morales, A",M,21,2009-03-04,2009,439,CLOSED,
CC-85801,"Ward, A",M,1,1987-07-31,1987,359,CLOSED,214-555-9224
CC-85806,"Fields, L",F,33,2014-11-02,2014,315,OPEN,
CC-85813,"Bell, T",F,18,1994-11-19,1994,455,CLOSED,214-555-6373
CC-85827,"Baker, M",M,,1992-11-30,1992,412,OPEN,214-555-9937
CC-85857,"Lane, H",M,47,1996-12-11,1996,724,OPEN,
CC-85859,"Ramos, R",M,61,2007-03-17,2007,,CLOSED,214-555-0453
CC-85892,"Owens, J",F,52,1997-02-22,1997,505,CLOSED,
CC-85895,"Coleman, V",F,24,2005-04-06,2005,451,OPEN,214-555-5101
CC-85899,"Coleman, A",M,,2004-10-24,2004,451,OPEN,214-555-0970
CC-85904,"Booker, G",F,23,2021-09-27,2021,247,OPEN,
CC-85905,"Jackson, S",F,25,2006-07-07,2006,150,OPEN,
CC-85911,"Patterson, J",M,16,2010-02-26,2010,216,OPEN,
CC-85933,"Torres, T",M,33,2009-05-28,2009,526,OPEN,
CC-85945,"Pruitt, S",F,24,1986-02-09,1986,501,CLOSED,214-555-2746
CC-85957,"Richardson, T",M,28,1998-09-20,1998,328,CLOSED,
CC-85976,"Mccoy, D",M,20,2020-07-14,2020,410,OPEN,214-555-5270
CC-85986,"Jordan, B",F,,2010-03-04,2010,438,OPEN,214-555-7043
CC-86006,"Osei, R",M,51,2010-08-07,2010,208,OPEN,
CC-86018,"Simmons, R",M,40,1987-06-11,1987,328,CLOSED,
CC-86036,"Jackson, A",F,16,2011-07-24,2011,418,CLOSED,214-555-9748
CC-86053,"Davis, T",M,5,1992-08-04,1992,153,CLOSED,
CC-86061,"White, G",M,27,2022-05-03,2022,354,CLOSED,214-555-9537
CC-86086,"Tate, T",M,15,2017-08-16,2017,521,OPEN,214-555-2126
CC-86105,"Porter, S",M,12,1985-08-08,1985,412,OPEN,
CC-86109,"Thompson, N",M,,1995-05-27,1995,717,CLOSED,214-555-7693
CC-86111,"Gibson, S",F,42,1997-05-02,1997,119,CLOSED,214-555-4028
CC-86152,"Washington, D",F,23,1991-02-16,1991,555,CLOSED,214-555-8014
CC-86184,"Parker, T",F,0,1992-02-18,1992,328,OPEN,
CC-86186,"Delgado, F",F,31,2023-06-16,2023,150,CLOSED,214-555-9330
CC-86199,"Payne, L",M,50,1991-11-03,1991,152,CLOSED,
CC-86223,"Parker, S",F,44,2010-08-10,2010,247,OPEN,
CC-86230,"James, J",M,20,2022-06-02,2022,550,OPEN,214-555-4375
CC-86255,"Scott, D",M,20,2001-03-08,2001,629,OPEN,214-555-2398
CC-86259,"Marsh, D",F,54,1994-07-09,1994,410,OPEN,214-555-0173
CC-86260,"Davis, C",M,23,1988-01-26,1988,717,CLOSED,
CC-86275,"Robinson, L",M,13,1981-01-14,1981,519,CLOSED,214-555-7991
CC-86278,"Reyes, S",M,,1985-12-09,1985,713,CLOSED,
CC-86290,"Fields, N",F,34,1998-07-16,1998,519,CLOSED,214-555-1761
CC-86298,"Henderson, L",M,45,2023-05-20,2023,430,CLOSED,
CC-86300,"Banks, F",F,45,2023-01-17,2023,119,OPEN,
CC-86308,"Perry, W",M,15,1988-08-12,1988,741,CLOSED,
CC-86310,"Jordan, F",M,,1990-01-31,1990,624,OPEN,214-555-3581
CC-86317,"Wallace, D",F,45,2000-07-13,2000,612,CLOSED,
CC-86327,"Owens, K",M,55,1997-07-23,1997,553,CLOSED,
CC-86347,"Wright, J",M,36,2021-10-08,2021,451,OPEN,
CC-86382,"Pruitt, E",M,18,2008-02-09,2008,741,CLOSED,
CC-86386,"Sims, R",F,45,1989-01-15,1989,354,CLOSED,214-555-0537
CC-86395,"Hall, F",M,42,1998-06-10,1998,625,CLOSED,214-555-1824
CC-86399,"Evans, C",M,0,2023-10-09,2023,629,OPEN,214-555-0922
CC-86421,"Moore, S",M,48,1993-06-27,1993,256,OPEN,214-555-5538
CC-86426,"Hawkins, P",M,1,1986-12-12,1986,553,OPEN,
CC-86442,"Grant, G",M,33,2012-07-04,2012,455,OPEN,214-555-3007
CC-86463,"Davis, F",M,46,1991-11-28,1991,217,OPEN,
CC-86607,"Castillo, K",M,2,1983-07-21,1983,429,CLOSED,214-555-1617
CC-86629,"Ruiz, W",M,,2020-01-08,2020,150,CLOSED,214-555-0073
CC-86652,"White, P",M,42,1993-10-18,1993,713,CLOSED,214-555-9779
CC-86695,"Pruitt, E",M,35,2005-01-02,2005,326,CLOSED,
CC-86712,"White, G",M,29,2004-08-22,2004,256,CLOSED,214-555-1520
CC-86717,"Scott, S",F,,1993-08-20,1993,,CLOSED,
CC-86740,"Garner, L",M,39,2022-02-18,2022,724,OPEN,
CC-86744,"Howard, D",M,50,2010-10-07,2010,202,CLOSED,
CC-86753,"Thomas, E",M,48,1989-03-04,1989,529,CLOSED,214-555-1993
CC-86798,"Brooks, F",M,29,1986-09-24,1986,651,OPEN,
CC-86804,"Garner, D",M,13,1981-08-07,1981,754,CLOSED,214-555-3828
CC-86810,"Ford, S",M,29,2004-09-09,2004,438,CLOSED,214-555-8458
CC-86814,"Scott, H",M,39,2015-06-11,2015,713,CLOSED,214-555-3853
CC-86819,"Trammell, E",M,5,1987-08-03,1987,359,CLOSED,214-555-6471
CC-86908,"Jackson, C",M,30,2014-10-08,2014,208,OPEN,
CC-86957,"Alvarez, V",M,28,1992-04-18,1992,215,CLOSED,
CC-86980,"Harris, T",F,41,1984-07-26,1984,326,CLOSED,214-555-0042
CC-86981,"Hawkins, J",F,27,2000-01-04,2000,246,CLOSED,214-555-5075
CC-86984,"Lane, J",F,24,2013-11-26,2013,202,OPEN,
CC-87025,"Caldwell, R",M,6,2020-04-30,2020,741,CLOSED,214-555-0401
CC-87032,"Henderson, P",M,55,1992-07-09,1992,150,CLOSED,214-555-3857
CC-87038,"Cruz, S",M,23,2018-06-23,2018,328,CLOSED,
CC-87084,"Perez, F",M,11,2013-12-31,2013,303,CLOSED,
CC-87100,"Mendoza, P",F,32,1992-09-20,1992,501,CLOSED,
CC-87180,"Porter, K",M,29,1992-03-25,1992,219,CLOSED,214-555-4988
CC-87222,"Coleman, H",M,46,2015-04-01,2015,451,OPEN,
CC-87228,"Hayes, B",M,49,2017-07-18,2017,119,CLOSED,
CC-87234,"Rodriguez, R",M,,2025-11-05,2025,217,CLOSED,214-555-4909
CC-87291,"Edwards, E",M,37,2012-02-17,2012,256,CLOSED,214-555-4847
CC-87294,"Hayes, A",M,43,1991-02-23,1991,153,CLOSED,
CC-87296,"Rivera, A",M,29,1995-01-26,1995,335,OPEN,214-555-5771
CC-87312,"Nguyen, C",M,52,1992-09-04,1992,451,CLOSED,214-555-6017
CC-87328,"Malone, C",F,13,1981-02-26,1981,754,OPEN,214-555-8393
CC-87332,"Espinoza, K",M,25,1994-01-27,1994,208,OPEN,214-555-7913
CC-87366,"Reed, B",M,49,2009-02-10,2009,651,CLOSED,
CC-87375,"Brooks, A",M,29,1983-04-17,1983,501,OPEN,214-555-6749
CC-87402,"Okafor, R",M,11,1982-02-13,1982,153,CLOSED,214-555-1693
CC-87420,"Fields, K",M,32,1998-10-19,1998,451,OPEN,
CC-87437,"White, L",F,23,1985-01-29,1985,119,CLOSED,
CC-87450,"Fields, V",M,,1997-01-02,1997,455,CLOSED,
CC-87453,"Robinson, F",M,36,2018-10-11,2018,247,OPEN,214-555-9940
CC-87478,"Sullivan, W",M,0,2017-01-10,2017,241,OPEN,214-555-0907
CC-87494,"Reyes, S",F,37,2007-07-31,2007,241,CLOSED,214-555-8930
CC-87513,"Ellis, E",F,26,1990-02-23,1990,217,OPEN,214-555-1486
CC-87532,"Mccoy, P",M,50,2017-12-24,2017,457,CLOSED,214-555-7272
CC-87540,"Wallace, B",M,,2003-04-21,2003,326,CLOSED,
CC-87545,"Delgado, P",M,59,1985-05-08,1985,439,CLOSED,214-555-6144
CC-87563,"Bell, V",M,27,1987-06-03,1987,152,CLOSED,214-555-5135
CC-87607,"Castillo, D",F,19,2008-11-12,2008,629,OPEN,214-555-1539
CC-87610,"King, D",M,11,2023-12-14,2023,754,OPEN,
CC-87614,"Hawkins, N",M,26,2011-11-04,2011,219,OPEN,
CC-87638,"Rodriguez, W",M,44,1989-05-17,1989,303,OPEN,
CC-87643,"Bryant, H",M,47,2000-09-11,2000,256,OPEN,
CC-87664,"Banks, E",M,,1999-12-29,1999,150,CLOSED,214-555-0738
CC-87671,"Long, G",M,47,1981-06-29,1981,429,CLOSED,214-555-2996
CC-87673,"Sullivan, J",M,26,1983-07-19,1983,724,CLOSED,
CC-87676,"Walker, M",M,32,2025-11-20,2025,529,OPEN,
CC-87682,"Espinoza, F",M,19,1995-03-04,1995,420,OPEN,214-555-0981
CC-87686,"Medina, V",M,37,1996-09-11,1996,247,CLOSED,214-555-3045
CC-87754,"Booker, V",F,40,1993-01-03,1993,612,CLOSED,
CC-87819,"Martin, H",M,48,1996-05-19,1996,315,CLOSED,
CC-87821,"Espinoza, F",M,27,2005-04-13,2005,152,CLOSED,
CC-87831,"Hill, E",M,20,1993-05-16,1993,354,CLOSED,
CC-87833,"Brooks, F",M,38,2002-07-24,2002,150,CLOSED,
CC-87864,"Scott, B",M,16,2008-02-01,2008,241,CLOSED,214-555-5771
CC-87872,"Fuentes, P",F,19,1990-06-15,1990,335,OPEN,
CC-87905,"Malone, C",M,26,2014-12-18,2014,152,CLOSED,
CC-87906,"Garner, L",M,32,1996-12-26,1996,750,CLOSED,
CC-87951,"Ortiz, B",M,27,2019-04-24,2019,409,OPEN,
CC-87985,"Douglas, C",F,42,2023-11-29,2023,150,CLOSED,214-555-2526
CC-87994,"Nguyen, F",F,29,2024-04-11,2024,526,OPEN,214-555-2931
CC-87995,"Hill, M",M,38,1991-06-16,1991,754,OPEN,214-555-8732
CC-88004,"Perry, N",M,46,1998-07-18,1998,555,CLOSED,214-555-3576
CC-88014,"Ramirez, G",U,29,2002-07-14,2002,629,CLOSED,214-555-0601
CC-88096,"Grant, M",M,0,2000-09-29,2000,713,CLOSED,214-555-6870
CC-88116,"Bell, S",M,31,1986-12-18,1986,457,CLOSED,214-555-3340
CC-88149,"James, P",M,29,1993-10-18,1993,429,OPEN,
CC-88151,"Robinson, W",F,17,2014-09-20,2014,455,CLOSED,214-555-9938
CC-88154,"Walker, F",M,32,2006-02-11,2006,354,CLOSED,214-555-4313
CC-88162,"Davis, L",F,32,2025-11-26,2025,631,OPEN,214-555-8855
CC-88202,"Gomez, B",M,22,2011-01-15,2011,702,OPEN,
CC-88225,"Martin, M",M,42,2000-04-11,2000,119,CLOSED,214-555-5665
CC-88226,"Hughes, K",M,41,1993-12-22,1993,217,OPEN,
CC-88262,"Thompson, M",M,42,1985-01-29,1985,438,CLOSED,214-555-9023
CC-88263,"Rivera, G",M,48,1982-07-13,1982,455,OPEN,
CC-88293,"Wells, G",M,34,1993-07-16,1993,217,CLOSED,214-555-2249
CC-88306,"Parker, A",M,,2019-09-08,2019,455,OPEN,
CC-88312,"Walker, H",M,6,2022-05-19,2022,202,OPEN,
CC-88337,"Robinson, D",M,53,1990-07-03,1990,630,OPEN,214-555-1789
CC-88350,"Owens, A",F,38,2007-12-10,2007,702,CLOSED,214-555-7344
CC-88381,"Lewis, V",M,31,1993-01-03,1993,150,CLOSED,214-555-5699
CC-88391,"Pruitt, F",M,32,2021-08-01,2021,429,OPEN,
CC-88440,"Mendoza, N",F,22,1997-12-09,1997,750,CLOSED,214-555-9362
CC-88483,"Garner, E",M,14,2011-09-02,2011,631,CLOSED,
CC-88489,"Phillips, J",F,32,2000-05-10,2000,359,CLOSED,
CC-88495,"Webb, H",M,47,1981-04-21,1981,328,CLOSED,214-555-1955
CC-88506,"Fuentes, T",F,39,1982-05-04,1982,501,CLOSED,214-555-8962
CC-88514,"Parker, J",M,25,1994-12-16,1994,754,OPEN,214-555-4853
CC-88590,"Spencer, C",M,32,2024-12-28,2024,501,OPEN,
CC-88595,"Mccoy, L",M,8,2012-12-08,2012,625,OPEN,
CC-88596,"Jordan, S",F,42,1988-12-11,1988,717,CLOSED,
CC-88613,"Garner, C",M,33,2017-02-01,2017,328,CLOSED,214-555-3641
CC-88650,"Castillo, L",M,27,2020-10-03,2020,328,OPEN,
CC-88680,"Walker, L",M,39,1990-07-26,1990,234,CLOSED,214-555-8416
CC-88699,"Ellis, F",M,39,2023-03-08,2023,631,OPEN,214-555-1157
CC-88723,"Perez, T",M,26,2017-04-01,2017,455,OPEN,214-555-1085
CC-88734,"White, K",M,34,2010-12-05,2010,501,OPEN,214-555-5421
CC-88740,"Turner, W",M,31,2001-06-24,2001,717,OPEN,
CC-88758,"Douglas, L",M,15,2015-03-01,2015,335,OPEN,214-555-3938
CC-88772,"Osei, M",F,21,2003-04-23,2003,409,CLOSED,214-555-0877
CC-88791,"Bryant, M",F,67,1987-12-20,1987,629,OPEN,
CC-88792,"Hayes, D",M,41,1991-06-21,1991,242,OPEN,
CC-88820,"Wallace, N",M,38,2015-11-07,2015,418,CLOSED,214-555-7159
CC-88824,"Rivera, G",M,38,2007-06-22,2007,315,OPEN,214-555-9668
CC-88848,"Johnson, L",M,31,1999-08-04,1999,429,CLOSED,
CC-88878,"Turner, K",M,24,2012-03-21,2012,724,CLOSED,214-555-3632
CC-88882,"Watson, D",M,19,1986-04-18,1986,429,OPEN,
CC-88886,"Perez, D",F,22,2005-07-02,2005,630,CLOSED,214-555-5624
CC-88912,"Jenkins, R",M,47,1994-01-17,1994,315,CLOSED,214-555-9274
CC-88946,"Gomez, B",M,28,1992-12-10,1992,717,CLOSED,214-555-7140
CC-88947,"Smith, W",F,22,1988-04-07,1988,501,OPEN,214-555-3660
CC-88958,"Lopez, M",M,35,1992-04-24,1992,303,OPEN,
CC-89015,"Watson, B",M,32,2025-09-30,2025,439,OPEN,214-555-1336
CC-89017,"Espinoza, K",M,28,2002-11-19,2002,505,OPEN,214-555-7596
CC-89018,"Fields, J",M,8,1984-03-13,1984,555,CLOSED,
CC-89019,"Fields, H",M,25,1984-09-05,1984,,CLOSED,214-555-1194
CC-89027,"Phillips, B",M,15,1987-01-26,1987,717,CLOSED,214-555-6978
CC-89036,"Webb, P",F,34,2021-05-29,2021,241,OPEN,
CC-89040,"Ellis, A",M,,2022-09-25,2022,526,CLOSED,214-555-0309
CC-89055,"Evans, L",F,52,1985-07-12,1985,519,CLOSED,214-555-7892
CC-89077,"Jackson, N",F,39,2022-03-31,2022,246,OPEN,214-555-9749
CC-89086,"Payne, T",M,53,1993-08-21,1993,750,CLOSED,214-555-4259
CC-89115,"Lewis, F",M,35,2022-02-16,2022,438,OPEN,214-555-7523
CC-89121,"Edwards, M",M,26,1990-07-21,1990,750,OPEN,214-555-3803
CC-89154,"Espinoza, P",M,36,1987-11-14,1987,157,CLOSED,214-555-9501
CC-89164,"Brooks, H",F,39,1993-10-14,1993,455,CLOSED,214-555-6695
CC-89176,"Guerrero, L",M,35,2000-03-04,2000,521,OPEN,
CC-89182,"Wells, J",M,31,1989-04-03,1989,150,CLOSED,214-555-4335
CC-89213,"Ortiz, F",M,30,1993-11-24,1993,150,CLOSED,
CC-89215,"Jackson, T",M,31,1989-06-12,1989,713,CLOSED,
CC-89220,"Turner, E",M,,2019-07-08,2019,303,OPEN,
CC-89226,"Nelson, W",M,33,2009-10-03,2009,359,OPEN,
CC-89227,"Moore, G",M,28,2006-04-12,2006,242,OPEN,214-555-1244
CC-89244,"Navarro, M",F,31,2018-11-23,2018,612,CLOSED,
CC-89300,"Phillips, V",M,33,2010-08-13,2010,553,CLOSED,
CC-89307,"Mccoy, E",M,30,2001-10-11,2001,202,CLOSED,
CC-89316,"Trammell, H",F,48,1992-10-26,1992,713,CLOSED,214-555-3790
CC-89331,"Okafor, P",M,38,2021-01-09,2021,555,OPEN,214-555-8904
CC-89337,"Stewart, G",M,32,1994-04-16,1994,526,OPEN,
CC-89363,"Norris, P",M,43,2013-07-26,2013,455,CLOSED,
CC-89368,"Tucker, D",F,16,2004-11-30,2004,651,OPEN,
CC-89423,"Carter, S",M,14,1993-02-13,1993,439,OPEN,214-555-0789
CC-89437,"Coleman, G",M,62,1988-03-13,1988,526,CLOSED,214-555-6775
CC-89458,"Tucker, L",M,35,1994-09-10,1994,455,CLOSED,214-555-1574
CC-89459,"Harris, A",F,37,1992-09-01,1992,457,CLOSED,
CC-89474,"Ellis, M",M,27,1993-08-24,1993,457,CLOSED,
CC-89487,"Watson, A",M,23,2022-07-12,2022,303,OPEN,214-555-5174
CC-89553,"Garcia, P",F,23,1993-08-10,1993,216,CLOSED,
CC-89556,"Ramirez, T",M,34,1991-01-15,1991,410,CLOSED,214-555-9347
CC-89582,"Garcia, R",M,28,2006-05-19,2006,651,OPEN,
CC-89586,"Holland, V",M,51,1995-01-07,1995,359,CLOSED,214-555-2392
CC-89632,"Howard, T",F,27,2005-05-20,2005,202,CLOSED,214-555-1342
CC-89639,"Flores, C",M,,1988-08-05,1988,420,CLOSED,
CC-89647,"Osei, D",M,46,2011-01-30,2011,246,CLOSED,214-555-4682
CC-89692,"Young, D",M,27,2000-08-09,2000,553,CLOSED,214-555-8630
CC-89702,"Banks, L",M,37,1996-04-10,1996,517,CLOSED,214-555-9746
CC-89720,"Osei, G",F,22,1996-08-25,1996,630,CLOSED,214-555-8034
CC-89740,"Douglas, H",F,24,2008-05-23,2008,315,CLOSED,214-555-4793
CC-89750,"Alvarez, M",F,39,1989-05-24,1989,553,CLOSED,214-555-0663
CC-89788,"Spencer, E",M,34,2003-12-10,2003,410,CLOSED,
CC-89791,"Jenkins, C",F,22,2001-10-30,2001,529,CLOSED,214-555-3109
CC-89828,"Jordan, D",M,22,1986-07-04,1986,409,CLOSED,214-555-4414
CC-89900,"Carter, W",M,8,1983-04-17,1983,429,CLOSED,214-555-7346
CC-89917,"Sanchez, S",M,20,1993-05-28,1993,409,OPEN,
CC-89921,"Navarro, D",M,9,2013-11-23,2013,529,CLOSED,214-555-7413
CC-89939,"Harris, B",M,,1999-07-03,1999,553,CLOSED,
CC-89951,"Malone, B",M,23,2011-01-19,2011,555,OPEN,
CC-89952,"Fuentes, A",M,47,1991-02-08,1991,315,OPEN,214-555-9401
CC-89959,"Torres, E",M,21,1999-09-26,1999,121,CLOSED,214-555-6070
CC-89963,"Phillips, H",F,30,1991-11-28,1991,,CLOSED,214-555-3610
CC-89996,"Davis, M",M,28,2022-06-11,2022,208,OPEN,214-555-2974
CC-90007,"Price, N",M,13,2009-01-09,2009,754,OPEN,214-555-6968
CC-90014,"Young, J",M,26,1993-02-27,1993,130,OPEN,214-555-1705
CC-90026,"Hawkins, A",M,30,2014-12-01,2014,,OPEN,
CC-90027,"Garcia, M",M,45,1985-02-15,1985,157,CLOSED,214-555-2649
CC-90081,"Harris, L",U,23,2006-04-10,2006,505,OPEN,
CC-90100,"Wilson, G",F,38,2003-06-20,2003,,CLOSED,214-555-1617
CC-90113,"Simmons, C",F,6,1990-09-19,1990,451,OPEN,
CC-90116,"Wells, R",M,17,1994-11-28,1994,457,CLOSED,214-555-5115
CC-90127,"Wells, H",M,39,2025-03-22,2025,,OPEN,
CC-90130,"Reyes, B",M,7,2005-04-09,2005,338,CLOSED,214-555-6056
CC-90163,"Rivera, V",M,30,1990-05-26,1990,505,CLOSED,
CC-90185,"Moore, N",M,47,1992-09-22,1992,119,CLOSED,214-555-0215
CC-90188,"Ellis, S",M,31,2000-05-13,2000,630,OPEN,
CC-90198,"Jackson, R",M,27,1994-02-25,1994,219,OPEN,
CC-90254,"Trammell, J",M,26,2006-05-08,2006,,CLOSED,
CC-90274,"Thomas, N",U,40,1989-07-01,1989,629,CLOSED,214-555-7505
CC-90357,"Hawkins, A",M,53,1988-08-14,1988,521,OPEN,214-555-6517
CC-90409,"Ramirez, A",M,28,2002-02-12,2002,412,CLOSED,214-555-2820
CC-90415,"Ellis, C",M,33,2019-01-30,2019,717,CLOSED,214-555-4535
CC-90425,"Smith, V",M,20,1985-08-01,1985,133,CLOSED,214-555-1768
CC-90447,"Bell, V",M,39,1983-10-18,1983,555,CLOSED,
CC-90464,"Booker, W",M,35,2014-04-22,2014,624,OPEN,
CC-90481,"Scott, C",F,14,1993-04-22,1993,724,CLOSED,214-555-4494
CC-90510,"Harris, E",F,39,1996-02-01,1996,651,CLOSED,214-555-2740
CC-90559,"Hill, F",F,28,1983-09-18,1983,429,CLOSED,214-555-7428
CC-90606,"Rivera, R",M,59,2002-10-27,2002,328,CLOSED,214-555-6753
CC-90609,"Reyes, D",M,35,2025-07-30,2025,624,CLOSED,
CC-90614,"Walker, D",M,28,1994-02-27,1994,625,CLOSED,214-555-7807
CC-90627,"Collins, C",M,35,1989-08-20,1989,409,CLOSED,214-555-3875
CC-90642,"Pruitt, V",M,28,1990-07-20,1990,150,CLOSED,214-555-8390
CC-90655,"Parker, D",M,12,2000-11-20,2000,215,CLOSED,
CC-90670,"Perry, T",M,41,2001-01-21,2001,326,OPEN,
CC-90675,"Tucker, B",M,50,2023-04-17,2023,247,OPEN,214-555-1283
CC-90687,"Mccoy, W",M,38,1992-03-11,1992,152,OPEN,
CC-90706,"Sanders, N",M,22,2014-07-21,2014,420,OPEN,
CC-90708,"Howard, M",M,56,1988-03-01,1988,529,CLOSED,
CC-90730,"Navarro, A",M,40,2021-01-17,2021,451,CLOSED,214-555-3018
CC-90805,"Guerrero, M",F,47,1991-11-23,1991,152,CLOSED,214-555-3101
CC-90890,"Evans, G",M,27,2018-10-13,2018,451,OPEN,214-555-4497
CC-90949,"Phillips, T",M,1,2025-01-07,2025,455,OPEN,
CC-90972,"Espinoza, F",M,32,1997-05-04,1997,521,CLOSED,214-555-1833
CC-90985,"Richardson, F",M,47,2018-10-02,2018,741,CLOSED,214-555-0008
CC-90994,"Green, V",M,27,1981-08-12,1981,451,CLOSED,
CC-91051,"Price, F",M,41,2003-05-07,2003,241,OPEN,
CC-91068,"Garcia, B",M,14,2017-12-02,2017,521,CLOSED,
CC-91072,"Payne, H",M,15,2009-09-28,2009,505,CLOSED,
CC-91075,"Green, W",M,14,1992-01-03,1992,338,OPEN,214-555-5663
CC-91077,"Mendoza, A",F,33,1997-03-17,1997,410,OPEN,214-555-6355
CC-91093,"Harris, K",F,29,1991-06-18,1991,335,CLOSED,214-555-0708
CC-91139,"Williams, R",M,28,2022-04-06,2022,624,OPEN,214-555-7842
CC-91193,"Lopez, A",F,46,1991-05-16,1991,410,CLOSED,
CC-91226,"Long, J",M,32,1994-07-20,1994,303,CLOSED,
CC-91235,"Howard, F",M,35,1989-06-01,1989,215,CLOSED,214-555-0109
CC-91236,"Moore, K",M,39,2011-03-19,2011,457,OPEN,
CC-91238,"Edwards, M",M,34,1988-04-30,1988,741,CLOSED,214-555-9726
CC-91247,"Long, D",M,49,2025-01-06,2025,241,OPEN,214-555-9405
CC-91277,"Fuentes, B",M,13,1998-06-15,1998,338,OPEN,
CC-91304,"Simmons, E",F,0,2013-03-18,2013,256,CLOSED,214-555-9375
CC-91366,"Douglas, F",F,18,2025-11-05,2025,713,CLOSED,214-555-5849
CC-91393,"Thomas, S",M,36,1984-03-07,1984,219,OPEN,214-555-7031
CC-91399,"King, R",M,27,1990-07-20,1990,133,CLOSED,
CC-91412,"Williams, P",M,38,1990-06-27,1990,152,CLOSED,214-555-0666
CC-91432,"Hawkins, J",M,13,2004-06-17,2004,242,CLOSED,
CC-91442,"Lopez, M",M,26,1991-01-10,1991,130,CLOSED,214-555-1133
CC-91456,"Young, V",M,18,1982-11-30,1982,612,CLOSED,214-555-4311
CC-91462,"Wright, C",F,51,1987-11-13,1987,216,CLOSED,
CC-91519,"Ward, G",F,37,1996-10-19,1996,439,OPEN,214-555-2172
CC-91522,"Medina, P",M,29,1985-12-28,1985,501,CLOSED,214-555-8702
CC-91532,"Thomas, A",F,43,2001-10-31,2001,625,CLOSED,214-555-0138
CC-91539,"Scott, S",M,21,1991-12-19,1991,,OPEN,214-555-0032
CC-91557,"Sims, K",M,23,1985-12-16,1985,335,OPEN,214-555-1058
CC-91560,"Banks, A",M,45,2002-04-28,2002,713,CLOSED,214-555-7157
CC-91619,"Martinez, V",M,31,1987-01-05,1987,121,OPEN,
CC-91666,"Jackson, L",M,37,2000-10-27,2000,438,OPEN,214-555-5993
CC-91722,"Gomez, C",M,27,2016-08-03,2016,338,OPEN,214-555-6602
CC-91729,"Ramos, N",M,42,1994-08-06,1994,256,OPEN,214-555-4046
CC-91763,"Pruitt, F",F,27,2015-11-24,2015,,OPEN,
CC-91768,"Lewis, L",M,32,2019-02-16,2019,410,CLOSED,
CC-91777,"Dixon, C",M,48,2020-12-27,2020,439,CLOSED,
CC-91799,"Smith, V",M,34,1994-04-27,1994,517,OPEN,214-555-7186
CC-91805,"Norris, C",M,40,2017-07-05,2017,338,OPEN,214-555-9945
CC-91836,"Wilson, H",M,57,1993-08-21,1993,457,OPEN,
CC-91842,"Wallace, V",F,35,1999-10-28,1999,410,CLOSED,
CC-91844,"King, B",M,24,2007-05-19,2007,215,CLOSED,214-555-8682
CC-91865,"Garner, K",M,33,2018-09-04,2018,359,CLOSED,
CC-91913,"Morales, L",M,25,2002-11-30,2002,412,CLOSED,214-555-7816
CC-91954,"Hughes, R",M,40,2019-05-21,2019,505,CLOSED,214-555-1814
CC-91991,"Caldwell, C",F,,2014-02-17,2014,521,OPEN,214-555-7013
CC-92015,"Payne, H",M,31,1992-01-09,1992,702,CLOSED,214-555-8686
CC-92072,"Wallace, H",M,37,1981-09-21,1981,359,CLOSED,
CC-92075,"Jenkins, H",M,50,1997-10-13,1997,713,CLOSED,214-555-6255
CC-92081,"Guerrero, M",M,52,2019-12-30,2019,219,CLOSED,214-555-9083
CC-92091,"Thomas, S",M,41,1994-09-10,1994,359,CLOSED,
CC-92100,"Edwards, D",M,5,2023-01-31,2023,624,OPEN,214-555-2364
CC-92106,"Collins, C",M,27,1989-08-24,1989,412,CLOSED,214-555-4873
CC-92113,"Mccoy, G",M,46,2000-12-13,2000,303,CLOSED,214-555-4172
CC-92115,"Torres, V",F,35,1987-01-13,1987,629,CLOSED,
CC-92129,"Mendoza, H",M,20,1990-03-03,1990,631,CLOSED,
CC-92131,"Adams, T",M,33,1990-11-11,1990,553,CLOSED,
CC-92144,"Wilson, P",M,21,2000-07-28,2000,241,CLOSED,214-555-7749
CC-92152,"Patterson, C",M,0,2025-10-17,2025,713,CLOSED,214-555-6364
CC-92185,"Porter, C",M,37,1997-04-08,1997,429,CLOSED,
CC-92196,"Perez, R",M,13,2022-11-14,2022,315,OPEN,
CC-92199,"Hughes, D",M,43,1983-08-02,1983,328,OPEN,214-555-7497
CC-92208,"Howard, C",M,23,1989-12-22,1989,418,CLOSED,214-555-5306
CC-92286,"Howard, R",M,38,2017-09-22,2017,717,CLOSED,
CC-92299,"Mitchell, D",M,,1998-09-12,1998,630,OPEN,
CC-92321,"Okafor, K",M,2,1995-04-21,1995,359,OPEN,
CC-92323,"Trammell, C",M,39,1996-06-28,1996,521,OPEN,214-555-6472
CC-92394,"Delgado, H",M,19,1993-07-19,1993,517,OPEN,214-555-6307
CC-92456,"Douglas, B",M,15,1991-10-28,1991,328,OPEN,214-555-3464
CC-92472,"James, D",M,17,1988-01-03,1988,246,OPEN,
CC-92476,"Murphy, V",M,14,1988-05-07,1988,328,CLOSED,214-555-7277
CC-92487,"Morales, J",M,10,2002-03-01,2002,153,OPEN,
CC-92511,"Douglas, J",F,57,2005-08-10,2005,410,OPEN,214-555-8093
CC-92518,"Washington, P",M,14,1986-03-12,1986,724,CLOSED,
CC-92545,"Owens, G",F,63,2004-11-20,2004,438,CLOSED,214-555-6635
CC-92570,"Jenkins, V",F,5,2010-07-07,2010,430,CLOSED,214-555-2741
CC-92605,"Delgado, A",M,41,2010-01-29,2010,133,OPEN,
CC-92634,"Ellis, D",M,29,2017-05-15,2017,328,CLOSED,214-555-0215
CC-92647,"White, H",M,34,2022-04-10,2022,529,OPEN,
CC-92656,"Owens, D",M,26,2012-05-02,2012,202,CLOSED,214-555-8353
CC-92663,"Payne, H",M,25,1983-01-19,1983,418,CLOSED,214-555-3539
CC-92686,"Herrera, D",M,19,2018-10-25,2018,359,CLOSED,214-555-3155
CC-92701,"Holland, N",M,41,2024-07-10,2024,717,OPEN,214-555-4378
CC-92734,"Wallace, V",F,35,1981-03-10,1981,629,CLOSED,
CC-92739,"Norris, R",M,28,2004-09-22,2004,717,CLOSED,214-555-8313
CC-92743,"Washington, F",M,28,1988-08-14,1988,555,CLOSED,
CC-92746,"Ross, V",F,4,1991-11-27,1991,420,CLOSED,214-555-9672
CC-92748,"Lane, L",F,51,1986-01-24,1986,439,CLOSED,
CC-92757,"Simmons, N",M,19,1982-05-12,1982,303,CLOSED,214-555-8101
CC-92761,"Malone, F",M,40,2015-02-23,2015,338,CLOSED,214-555-9196
CC-92778,"Nelson, H",M,32,2005-01-18,2005,418,OPEN,214-555-7434
CC-92800,"James, H",M,27,1996-03-21,1996,119,OPEN,
CC-92801,"Howard, V",F,37,2009-09-11,2009,612,CLOSED,
CC-92810,"King, E",M,15,2017-03-31,2017,246,CLOSED,214-555-0119
CC-92839,"Green, K",M,46,2000-02-14,2000,202,OPEN,214-555-1999
CC-92852,"Johnson, C",M,44,1998-01-10,1998,724,CLOSED,214-555-1390
CC-92858,"Henderson, H",M,19,2019-11-08,2019,750,OPEN,214-555-1573
CC-92859,"Perez, M",M,,1985-12-13,1985,119,OPEN,214-555-9796
CC-92910,"Mitchell, P",M,18,1999-07-11,1999,133,CLOSED,214-555-2268
CC-92932,"Reed, P",M,43,2018-02-26,2018,429,CLOSED,
CC-92992,"Hawkins, N",M,4,2020-05-08,2020,335,CLOSED,214-555-3442
CC-93000,"Harris, M",F,46,1990-05-26,1990,754,OPEN,
CC-93008,"Banks, M",U,44,2015-05-07,2015,130,OPEN,214-555-9154
CC-93054,"Jordan, R",M,25,1997-07-27,1997,153,OPEN,
CC-93076,"Henderson, K",M,20,1991-11-09,1991,455,CLOSED,214-555-1789
CC-93081,"James, A",F,40,1989-10-19,1989,418,CLOSED,214-555-1580
CC-93082,"Jenkins, S",M,39,2005-12-18,2005,702,CLOSED,214-555-7903
CC-93090,"Ortiz, G",F,18,1986-04-28,1986,121,CLOSED,214-555-1093
CC-93135,"Fuentes, T",M,27,2013-08-04,2013,629,OPEN,214-555-0310
CC-93226,"Lewis, S",M,30,1993-03-12,1993,412,CLOSED,
CC-93227,"Smith, K",M,30,1999-11-15,1999,451,CLOSED,214-555-3851
CC-93293,"Spencer, T",M,9,2022-11-30,2022,717,CLOSED,
CC-93326,"Garner, C",F,30,2018-09-21,2018,624,OPEN,214-555-1603
CC-93332,"Brooks, K",F,31,2023-04-24,2023,315,OPEN,214-555-6581
CC-93372,"Nelson, W",M,57,1995-08-04,1995,717,CLOSED,
CC-93380,"Woods, B",M,9,2007-08-14,2007,217,OPEN,214-555-0739
CC-93415,"Nguyen, J",F,49,1986-12-27,1986,505,CLOSED,
CC-93424,"Edwards, M",F,38,1985-12-09,1985,216,CLOSED,214-555-1824
CC-93432,"Mccoy, K",F,,2013-03-04,2013,519,OPEN,214-555-8431
CC-93464,"Hall, K",F,54,1994-08-16,1994,150,OPEN,
CC-93465,"Murphy, C",M,,2023-03-10,2023,517,CLOSED,214-555-6792
CC-93484,"Jenkins, A",F,31,1997-06-23,1997,418,CLOSED,
CC-93536,"Gomez, W",M,33,1997-02-10,1997,724,OPEN,214-555-5025
CC-93545,"Ramirez, C",M,25,1985-03-31,1985,215,CLOSED,214-555-5795
CC-93594,"Williams, C",M,49,2009-12-27,2009,153,CLOSED,214-555-1972
CC-93601,"Price, R",F,5,1996-12-19,1996,438,CLOSED,214-555-5512
CC-93606,"Ortiz, T",M,50,2006-06-30,2006,517,OPEN,214-555-4816
CC-93619,"Porter, R",F,52,2016-12-22,2016,133,CLOSED,214-555-5418
CC-93635,"Ortiz, J",M,54,2001-05-11,2001,555,CLOSED,214-555-5647
CC-93653,"Booker, H",M,27,2014-07-30,2014,157,OPEN,
CC-93666,"Osei, D",M,21,2002-04-17,2002,529,OPEN,
CC-93699,"Webb, W",M,37,1994-10-20,1994,438,OPEN,214-555-5194
CC-93719,"Turner, C",M,41,1998-08-01,1998,438,OPEN,
CC-93810,"Mccoy, J",M,22,1985-09-29,1985,256,CLOSED,214-555-1988
CC-93816,"Mitchell, D",F,18,2015-11-10,2015,152,OPEN,
CC-93827,"Sanders, V",M,38,2023-06-04,2023,335,OPEN,214-555-2078
CC-93831,"Robinson, V",M,35,2001-04-04,2001,241,OPEN,
CC-93847,"Espinoza, B",M,15,2023-07-21,2023,724,OPEN,214-555-2434
CC-93866,"Stewart, D",M,31,2013-07-09,2013,702,OPEN,
CC-93916,"Chavez, S",M,35,1997-01-29,1997,303,CLOSED,
CC-93936,"Evans, T",M,26,1985-01-25,1985,152,OPEN,
CC-93984,"Mitchell, G",M,14,2020-12-10,2020,202,OPEN,214-555-9612
CC-93986,"Holland, A",M,36,2024-05-26,2024,338,OPEN,
CC-94006,"Ellis, V",M,13,2000-06-25,2000,519,CLOSED,
CC-94009,"Washington, R",M,25,2019-04-17,2019,625,CLOSED,
CC-94017,"Washington, D",M,0,1990-03-24,1990,,CLOSED,214-555-2247
CC-94027,"Young, W",F,26,1991-05-14,1991,202,CLOSED,
CC-94032,"Turner, V",M,,2012-03-28,2012,631,CLOSED,214-555-9871
CC-94123,"Tucker, A",M,29,1997-10-30,1997,326,CLOSED,
CC-94171,"Watson, T",M,60,1999-02-26,1999,328,CLOSED,
CC-94178,"James, P",M,21,1991-04-09,1991,631,OPEN,214-555-1707
CC-94182,"Payne, M",M,28,1981-11-14,1981,418,CLOSED,
CC-94207,"Gomez, N",M,40,1998-08-21,1998,338,CLOSED,214-555-8021
CC-94220,"Nguyen, W",F,36,1986-12-09,1986,519,CLOSED,214-555-9021
CC-94244,"Sullivan, W",F,34,2000-02-07,2000,,CLOSED,214-555-2966
CC-94267,"Pruitt, T",M,37,1982-09-15,1982,335,OPEN,
CC-94275,"Murphy, S",U,22,1987-08-28,1987,457,CLOSED,214-555-4716
CC-94282,"Ortiz, S",F,17,2010-04-04,2010,451,CLOSED,
CC-94287,"Osei, J",F,,2004-10-26,2004,750,OPEN,
CC-94292,"Lewis, D",M,29,2011-01-01,2011,438,OPEN,
CC-94297,"Stewart, K",U,52,2022-05-24,2022,501,OPEN,
CC-94316,"Malone, T",M,21,2022-12-13,2022,359,CLOSED,
CC-94333,"Harris, V",M,21,2006-05-01,2006,152,CLOSED,214-555-1784
CC-94342,"Williams, V",M,0,2008-06-02,2008,326,CLOSED,
CC-94346,"Hayes, B",F,33,2006-12-11,2006,208,OPEN,214-555-5259
CC-94375,"Douglas, S",M,29,1986-01-27,1986,519,CLOSED,
CC-94389,"Payne, J",F,32,1983-06-28,1983,455,CLOSED,214-555-0908
CC-94408,"Reed, R",M,15,2021-07-18,2021,354,CLOSED,214-555-4578
CC-94438,"Williams, R",M,11,1992-02-29,1992,150,CLOSED,214-555-4186
CC-94449,"Delgado, R",M,25,2001-05-02,2001,724,CLOSED,
CC-94464,"Sims, H",M,18,2011-12-23,2011,246,CLOSED,
CC-94480,"Price, W",M,33,1998-09-08,1998,217,CLOSED,
CC-94496,"Stewart, L",M,11,1988-06-30,1988,133,CLOSED,
CC-94504,"Scott, D",M,43,1989-02-23,1989,234,CLOSED,
CC-94518,"Ellis, T",M,27,1997-08-31,1997,157,CLOSED,214-555-0905
CC-94520,"Payne, M",M,48,1997-11-08,1997,,CLOSED,
CC-94522,"Tate, D",M,28,1994-03-24,1994,438,OPEN,214-555-6945
CC-94561,"Tucker, L",M,33,1990-05-11,1990,420,CLOSED,214-555-6729
CC-94572,"Cruz, W",M,24,1997-01-26,1997,550,OPEN,
CC-94594,"Murphy, C",M,35,1990-04-23,1990,150,CLOSED,214-555-8721
CC-94613,"Thompson, S",M,31,2025-12-21,2025,717,OPEN,214-555-2191
CC-94632,"Rodriguez, H",M,27,2004-01-29,2004,717,CLOSED,
CC-94636,"Ortiz, K",M,30,1992-07-10,1992,247,OPEN,
CC-94637,"Perez, T",M,32,2018-02-03,2018,439,CLOSED,214-555-8514
CC-94681,"Phillips, S",M,62,2000-09-06,2000,150,OPEN,214-555-5585
CC-94698,"Bryant, C",M,18,2010-02-20,2010,208,CLOSED,214-555-3076
CC-94702,"Lane, K",M,29,1992-03-12,1992,242,OPEN,214-555-6599
CC-94757,"Porter, J",M,17,2011-07-20,2011,429,CLOSED,214-555-8872
CC-94769,"Porter, W",M,60,1986-04-02,1986,208,CLOSED,214-555-3549
CC-94802,"Smith, V",M,38,1998-07-29,1998,152,OPEN,
CC-94803,"Ramos, B",M,36,1983-04-02,1983,439,OPEN,
CC-94846,"Martinez, D",F,38,1992-04-11,1992,451,CLOSED,214-555-4685
CC-94852,"Brooks, P",M,43,2012-09-10,2012,754,OPEN,214-555-7713
CC-94859,"Torres, W",M,14,1991-04-02,1991,338,CLOSED,214-555-8061
CC-94911,"Henderson, H",M,31,2005-08-05,2005,241,OPEN,214-555-0562
CC-94914,"Carter, M",F,54,1984-11-24,1984,328,CLOSED,
CC-94922,"Coleman, G",M,39,2021-03-27,2021,717,CLOSED,214-555-9324
CC-94936,"Webb, A",M,24,1988-12-11,1988,234,OPEN,
CC-94960,"Booker, T",M,28,1987-09-05,1987,119,OPEN,
CC-94970,"Douglas, F",M,47,2012-01-08,2012,121,OPEN,
CC-94975,"Young, R",M,23,2009-05-23,2009,501,OPEN,
CC-94992,"Caldwell, J",F,43,2019-10-24,2019,529,CLOSED,214-555-5095
CC-94994,"Holland, E",M,26,1991-12-23,1991,717,CLOSED,214-555-6966
CC-95059,"Dixon, G",M,30,1991-08-18,1991,717,CLOSED,214-555-5733
CC-95065,"Stewart, A",M,26,1991-04-02,1991,150,CLOSED,214-555-3470
CC-95068,"Perez, R",M,25,1999-01-29,1999,501,CLOSED,214-555-1736
CC-95102,"Sims, G",M,26,2007-11-14,2007,521,OPEN,214-555-7500
CC-95115,"Guerrero, M",M,31,2012-02-20,2012,429,OPEN,214-555-3973
CC-95153,"Banks, V",M,10,1994-11-14,1994,216,CLOSED,214-555-7770
CC-95166,"Fuentes, C",F,40,1984-06-03,1984,750,CLOSED,214-555-2768
CC-95167,"Okafor, A",F,34,1990-03-28,1990,717,CLOSED,214-555-1414
CC-95174,"Navarro, P",M,21,1996-08-27,1996,241,OPEN,
CC-95190,"Perry, W",M,19,1994-04-07,1994,439,CLOSED,
CC-95193,"Fields, N",M,8,2014-04-08,2014,429,CLOSED,
CC-95202,"Spencer, S",M,32,2010-02-18,2010,,OPEN,
CC-95206,"Ross, G",M,,1995-05-16,1995,215,CLOSED,
CC-95210,"Watson, C",F,28,2024-11-16,2024,501,CLOSED,
CC-95214,"Ramos, J",M,25,1984-10-28,1984,242,CLOSED,
CC-95216,"Wright, R",M,68,2021-10-11,2021,713,OPEN,
CC-95221,"Mendoza, D",M,27,2007-06-23,2007,455,CLOSED,
CC-95225,"Coleman, D",M,53,2011-08-25,2011,202,CLOSED,214-555-5249
CC-95242,"Delgado, N",M,22,2014-09-27,2014,359,CLOSED,
CC-95245,"Martinez, P",F,47,1983-09-03,1983,724,CLOSED,214-555-1987
CC-95253,"Long, M",F,29,2014-10-23,2014,717,CLOSED,
CC-95268,"Fields, K",F,31,2007-07-24,2007,133,CLOSED,
CC-95273,"Young, B",M,27,2002-06-05,2002,438,OPEN,214-555-7367
CC-95274,"Ross, V",F,44,1995-01-20,1995,505,CLOSED,214-555-1033
CC-95352,"Simmons, H",M,26,1991-06-08,1991,208,CLOSED,
CC-95357,"Chavez, L",M,27,2018-02-18,2018,153,CLOSED,214-555-7348
CC-95380,"Miller, V",F,22,2022-10-18,2022,629,CLOSED,
CC-95441,"Hill, W",F,23,2017-03-13,2017,130,CLOSED,
CC-95463,"Vargas, L",M,31,1994-06-25,1994,702,CLOSED,214-555-4444
CC-95480,"Medina, J",M,40,2020-05-20,2020,553,CLOSED,214-555-5128
CC-95513,"Thomas, A",M,32,1986-03-18,1986,242,CLOSED,
CC-95522,"Chavez, T",M,39,2004-12-13,2004,451,OPEN,214-555-3851
CC-95536,"King, E",M,52,2016-09-17,2016,526,OPEN,214-555-0609
CC-95563,"Baker, R",M,25,1988-10-25,1988,418,OPEN,
CC-95569,"Delgado, V",M,35,2021-10-11,2021,412,OPEN,214-555-7332
CC-95583,"Foster, C",M,24,2004-11-02,2004,,CLOSED,214-555-7599
CC-95609,"Nelson, A",M,29,1996-05-25,1996,133,CLOSED,214-555-1096
CC-95620,"Scott, A",F,47,1990-07-29,1990,553,CLOSED,214-555-5633
CC-95643,"Castillo, B",M,33,1982-02-12,1982,420,CLOSED,
CC-95647,"Tate, D",M,35,1994-09-25,1994,202,OPEN,
CC-95685,"Wallace, T",M,20,2003-12-05,2003,150,OPEN,
CC-95701,"Evans, C",M,57,1982-09-30,1982,631,CLOSED,214-555-6261
CC-95710,"Green, W",M,43,1981-08-04,1981,451,CLOSED,214-555-1890
CC-95752,"Smith, H",M,15,1992-07-29,1992,526,CLOSED,
CC-95786,"Grant, G",M,31,2011-02-15,2011,202,CLOSED,214-555-9513
CC-95800,"Reyes, J",M,14,2010-06-25,2010,359,OPEN,
CC-95864,"Pruitt, T",M,,1991-08-20,1991,326,CLOSED,214-555-3732
CC-95880,"Green, V",F,20,2023-04-15,2023,630,OPEN,214-555-1623
CC-95900,"Trammell, G",F,17,2011-03-25,2011,651,CLOSED,214-555-8701
CC-95926,"Adams, S",M,13,1992-12-05,1992,521,CLOSED,214-555-3650
CC-95938,"Turner, C",M,22,1999-09-23,1999,150,OPEN,
CC-95947,"Norris, L",M,38,1985-10-09,1985,219,CLOSED,214-555-5239
CC-95976,"Grant, C",M,41,1983-07-08,1983,741,CLOSED,214-555-8272
CC-95985,"Baker, E",M,40,2017-10-27,2017,216,CLOSED,214-555-5979
CC-95987,"Trammell, N",M,26,2020-03-29,2020,412,CLOSED,214-555-9346
CC-95989,"Cruz, K",F,40,1999-02-02,1999,553,CLOSED,
CC-96015,"Ramos, R",F,27,2007-02-20,2007,517,OPEN,
CC-96038,"Collins, E",M,35,2013-11-28,2013,208,CLOSED,
CC-96045,"Booker, J",M,32,1981-06-13,1981,241,CLOSED,
CC-96084,"Collins, E",M,24,1988-04-10,1988,216,CLOSED,214-555-0931
CC-96088,"Jenkins, T",F,38,2006-12-23,2006,315,OPEN,
CC-96099,"Turner, C",M,42,1998-03-24,1998,505,CLOSED,
CC-96101,"King, P",M,40,2023-12-04,2023,702,CLOSED,214-555-9640
CC-96115,"Banks, K",M,36,2021-08-21,2021,505,CLOSED,214-555-2394
CC-96119,"Bryant, J",M,32,1985-04-05,1985,754,CLOSED,
CC-96137,"Mitchell, M",M,35,1993-05-02,1993,529,CLOSED,
CC-96144,"Richardson, G",M,2,1984-02-19,1984,702,CLOSED,214-555-3632
CC-96145,"Moore, G",M,21,1987-01-05,1987,624,CLOSED,
CC-96160,"Miller, P",F,16,1998-02-28,1998,455,OPEN,
CC-96161,"Johnson, D",U,50,1994-03-21,1994,457,OPEN,214-555-4470
CC-96194,"Thompson, M",U,36,2019-12-17,2019,202,OPEN,214-555-3669
CC-96198,"Navarro, H",M,44,2017-12-30,2017,338,CLOSED,214-555-5667
CC-96199,"Morales, R",F,41,2021-01-03,2021,517,CLOSED,214-555-9871
CC-96236,"Scott, J",F,33,1990-01-02,1990,519,CLOSED,214-555-4945
CC-96308,"Ramos, B",M,40,2018-08-16,2018,429,CLOSED,214-555-6091
CC-96310,"Foster, W",M,22,1991-10-01,1991,247,CLOSED,
CC-96314,"Walker, J",M,43,2008-05-28,2008,121,OPEN,214-555-8324
CC-96315,"Woods, F",M,6,2014-01-05,2014,754,OPEN,214-555-9359
CC-96321,"Hawkins, B",F,22,1994-03-12,1994,354,CLOSED,214-555-5883
CC-96325,"Reed, R",M,40,2012-01-20,2012,717,OPEN,
CC-96344,"Robinson, M",M,35,1992-02-07,1992,418,OPEN,
CC-96371,"Bell, M",M,34,1997-03-22,1997,354,CLOSED,
CC-96375,"Jenkins, E",M,18,2012-04-26,2012,410,CLOSED,
CC-96389,"Delgado, C",F,38,2013-08-23,2013,651,OPEN,214-555-0021
CC-96405,"Morales, T",M,51,1983-01-20,1983,303,CLOSED,
CC-96471,"Smith, B",M,18,2008-04-21,2008,,CLOSED,214-555-4053
CC-96483,"Rivera, B",M,42,2021-03-30,2021,328,CLOSED,214-555-4911
CC-96524,"Davis, V",M,47,1994-09-08,1994,526,CLOSED,214-555-1977
CC-96537,"Herrera, S",M,13,1985-07-05,1985,624,CLOSED,
CC-96576,"Payne, E",M,32,2000-07-07,2000,152,OPEN,
CC-96583,"Caldwell, R",M,6,1987-05-13,1987,152,OPEN,
CC-96584,"Mccoy, S",M,40,1993-11-08,1993,409,CLOSED,214-555-6170
CC-96586,"Thomas, N",M,42,2020-01-20,2020,429,CLOSED,214-555-1480
CC-96600,"Herrera, C",U,16,1993-12-23,1993,519,OPEN,214-555-9953
CC-96605,"Miller, E",M,20,1993-02-25,1993,519,OPEN,
CC-96629,"Wright, F",M,19,1988-11-23,1988,519,CLOSED,
CC-96650,"Williams, A",F,40,1990-03-14,1990,555,CLOSED,
CC-96669,"Scott, S",M,40,1987-07-17,1987,152,OPEN,214-555-0743
CC-96731,"Murphy, M",M,35,1989-01-06,1989,,CLOSED,214-555-6376
CC-96732,"Castillo, N",M,2,2016-03-21,2016,418,CLOSED,
CC-96734,"Bell, C",M,43,2004-07-31,2004,,CLOSED,
CC-96755,"Jordan, W",M,24,2003-03-25,2003,157,CLOSED,214-555-6122
CC-96796,"Bryant, C",M,20,2004-12-22,2004,335,CLOSED,
CC-96803,"Perry, F",M,15,2017-06-22,2017,335,CLOSED,214-555-5371
CC-96832,"Lewis, C",M,,1983-07-24,1983,430,CLOSED,214-555-9297
CC-96840,"Mitchell, H",F,,2001-12-15,2001,241,CLOSED,214-555-0625
CC-96858,"King, N",M,2,1987-03-30,1987,455,CLOSED,214-555-7769
CC-96861,"Mccoy, H",M,21,1983-12-26,1983,754,CLOSED,214-555-7008
CC-96868,"Ross, E",M,36,2017-10-24,2017,130,CLOSED,
CC-96947,"Harris, T",M,11,1994-11-27,1994,717,CLOSED,214-555-4093
CC-96953,"Hawkins, S",M,43,2016-04-22,2016,754,OPEN,214-555-6697
CC-96967,"Scott, K",M,29,1990-02-22,1990,750,OPEN,214-555-6103
CC-96993,"Smith, J",M,35,1995-12-30,1995,202,CLOSED,214-555-8698
CC-96998,"Evans, J",F,39,2019-02-07,2019,420,OPEN,214-555-9691
CC-97003,"Webb, V",M,16,1992-10-26,1992,202,OPEN,214-555-5827
CC-97032,"Fields, S",M,12,2009-11-26,2009,315,CLOSED,214-555-5829
CC-97045,"Herrera, V",M,23,2013-07-23,2013,429,OPEN,214-555-8078
CC-97052,"Hill, P",M,49,2007-09-27,2007,631,CLOSED,
CC-97090,"Delgado, C",M,39,1989-01-23,1989,208,CLOSED,214-555-2950
CC-97149,"Bryant, A",F,12,1995-01-28,1995,246,CLOSED,
CC-97159,"Flores, R",M,26,1985-02-22,1985,219,CLOSED,214-555-0752
CC-97193,"Davis, C",F,25,1999-03-15,1999,717,OPEN,214-555-1218
CC-97195,"Ford, F",M,37,2024-02-07,2024,354,OPEN,214-555-2066
CC-97204,"Owens, A",F,41,2006-10-28,2006,438,OPEN,
CC-97269,"Fuentes, G",M,12,1998-05-08,1998,529,CLOSED,
CC-97304,"Henderson, H",M,24,1986-09-09,1986,202,OPEN,
CC-97322,"Ortiz, E",M,14,2014-04-19,2014,338,CLOSED,214-555-8168
CC-97331,"Morales, N",M,32,2009-01-30,2009,420,CLOSED,214-555-8874
CC-97358,"Garcia, N",M,30,2001-06-21,2001,152,OPEN,214-555-3484
CC-97368,"Martin, E",F,64,1981-09-14,1981,625,CLOSED,214-555-3804
CC-97411,"Stewart, H",F,26,1999-02-20,1999,412,OPEN,
CC-97419,"Medina, N",M,32,1993-09-21,1993,133,CLOSED,
CC-97444,"Howard, P",M,42,2020-11-11,2020,553,OPEN,
CC-97457,"Collins, N",M,15,2014-02-04,2014,338,OPEN,
CC-97460,"James, G",M,31,2011-12-18,2011,418,OPEN,
CC-97511,"Webb, L",M,30,2012-07-31,2012,429,OPEN,214-555-6218
CC-97518,"Ortiz, A",M,54,2011-04-20,2011,256,OPEN,214-555-8446
CC-97521,"Castillo, A",F,31,2012-02-20,2012,,OPEN,
CC-97534,"Vargas, N",M,34,2019-10-25,2019,555,CLOSED,
CC-97536,"Booker, P",F,29,1994-04-13,1994,326,CLOSED,214-555-8231
CC-97538,"Banks, R",M,13,1987-06-09,1987,651,OPEN,214-555-4013
CC-97562,"Williams, P",F,17,2016-05-09,2016,246,CLOSED,214-555-7631
CC-97577,"Patterson, E",M,29,2014-12-16,2014,326,CLOSED,214-555-5346
CC-97587,"Hawkins, W",M,10,2019-08-22,2019,451,OPEN,
CC-97601,"Hayes, G",M,56,1990-06-12,1990,625,CLOSED,214-555-4508
CC-97606,"Young, K",M,18,1998-03-11,1998,256,CLOSED,214-555-9982
CC-97623,"Lane, D",M,,1992-09-14,1992,741,CLOSED,214-555-8205
CC-97625,"Hawkins, P",M,22,1998-03-08,1998,217,CLOSED,
CC-97629,"Lane, C",M,56,2008-12-24,2008,335,OPEN,
CC-97630,"Cruz, E",M,53,2018-06-11,2018,438,CLOSED,214-555-1689
CC-97684,"Trammell, C",M,11,2016-03-16,2016,410,CLOSED,
CC-97691,"Webb, P",F,25,1997-05-12,1997,121,OPEN,
CC-97709,"Marsh, V",M,13,2020-05-19,2020,121,OPEN,214-555-0501
CC-97744,"Ramirez, H",M,21,1989-04-13,1989,315,CLOSED,214-555-2720
CC-97771,"Herrera, W",M,19,1995-06-12,1995,702,CLOSED,
CC-97773,"Vargas, M",M,35,1997-05-06,1997,234,CLOSED,214-555-2180
CC-97789,"Rivera, M",M,21,1997-05-22,1997,451,OPEN,214-555-3561
CC-97800,"Espinoza, J",M,23,1999-05-14,1999,555,CLOSED,214-555-4121
CC-97818,"Martin, F",F,20,2000-09-05,2000,439,CLOSED,214-555-4493
CC-97823,"Hall, D",F,35,1993-01-12,1993,242,CLOSED,214-555-1161
CC-97862,"Stewart, G",M,6,1989-05-14,1989,208,CLOSED,
CC-97896,"Trammell, A",F,35,2022-12-22,2022,430,CLOSED,
CC-97913,"Long, R",M,30,1989-06-25,1989,526,CLOSED,214-555-7800
CC-97949,"Caldwell, M",F,37,1983-02-27,1983,717,CLOSED,214-555-5669
CC-97961,"Moore, B",M,7,2015-03-23,2015,242,CLOSED,214-555-0842
CC-97974,"Smith, W",M,41,1983-04-28,1983,157,CLOSED,214-555-2111
CC-98015,"Martin, B",F,38,1988-10-02,1988,338,OPEN,
CC-98030,"Rivera, W",M,29,1988-05-29,1988,717,OPEN,
CC-98044,"Holland, H",F,33,2013-06-16,2013,241,OPEN,
CC-98101,"Howard, N",M,36,1983-05-31,1983,328,OPEN,
CC-98140,"Phillips, E",M,34,1997-04-01,1997,215,CLOSED,214-555-9335
CC-98160,"Lopez, W",M,,1993-08-24,1993,219,CLOSED,214-555-8061
CC-98163,"Nelson, B",M,31,1985-06-16,1985,612,CLOSED,214-555-7645
CC-98167,"Edwards, R",F,33,2014-01-22,2014,234,CLOSED,214-555-9525
CC-98199,"Murphy, S",M,52,1984-07-28,1984,612,CLOSED,214-555-4429
CC-98200,"Payne, J",M,37,2003-03-31,2003,521,OPEN,214-555-2295
CC-98202,"Grant, W",M,26,2008-02-22,2008,612,CLOSED,
CC-98211,"Miller, B",M,42,2016-04-24,2016,359,CLOSED,
CC-98226,"Washington, K",F,13,2013-03-14,2013,157,OPEN,
CC-98235,"Lane, V",F,30,1989-09-26,1989,420,OPEN,
CC-98281,"Okafor, A",M,44,1982-03-24,1982,246,CLOSED,
CC-98308,"Rodriguez, J",M,43,2012-05-17,2012,457,OPEN,214-555-9701
CC-98329,"Mendoza, T",F,12,1999-12-10,1999,529,CLOSED,
CC-98353,"Jenkins, V",M,33,2020-03-23,2020,359,CLOSED,214-555-3629
CC-98374,"Green, B",M,38,2023-09-13,2023,501,OPEN,214-555-3858
CC-98379,"Edwards, K",U,41,1981-09-24,1981,152,OPEN,214-555-7712
CC-98400,"Jackson, M",M,22,1996-02-09,1996,750,CLOSED,214-555-0650
CC-98401,"Scott, L",M,30,1990-05-06,1990,521,CLOSED,
CC-98407,"Pruitt, M",M,16,1985-08-11,1985,612,CLOSED,
CC-98412,"Price, F",M,37,1999-06-12,1999,130,CLOSED,214-555-5452
CC-98414,"Dixon, G",F,21,1998-06-24,1998,215,OPEN,214-555-5894
CC-98420,"Payne, K",M,38,1990-10-13,1990,241,OPEN,214-555-6818
CC-98423,"Sanders, D",M,28,2021-12-24,2021,430,CLOSED,214-555-6382
CC-98424,"Evans, V",M,38,2008-07-13,2008,724,CLOSED,214-555-5906
CC-98440,"Vargas, C",F,45,1988-05-03,1988,152,CLOSED,
CC-98453,"Nguyen, K",M,42,2004-11-24,2004,451,CLOSED,214-555-3128
CC-98487,"Young, G",M,36,1993-06-14,1993,501,CLOSED,214-555-9030
CC-98504,"Coleman, S",U,16,1995-06-27,1995,430,CLOSED,214-555-7143
CC-98513,"Moore, E",M,27,2024-10-29,2024,724,CLOSED,214-555-8331
CC-98521,"Lane, H",M,28,1996-09-17,1996,750,CLOSED,
CC-98530,"Green, J",M,44,1987-12-15,1987,242,CLOSED,
CC-98547,"Walker, A",F,39,2005-10-13,2005,505,CLOSED,
CC-98573,"Espinoza, V",M,45,1994-10-12,1994,430,OPEN,214-555-2674
CC-98599,"Hayes, G",M,21,2002-09-28,2002,242,CLOSED,214-555-8301
CC-98630,"Martinez, W",M,49,1990-10-01,1990,354,CLOSED,214-555-3354
CC-98631,"Gomez, T",F,26,1991-07-30,1991,750,CLOSED,
CC-98641,"Perez, V",M,22,2016-06-21,2016,,OPEN,
CC-98649,"Lopez, C",M,48,1995-08-05,1995,354,CLOSED,214-555-2979
CC-98670,"Chavez, G",M,23,1984-11-04,1984,315,CLOSED,214-555-5255
CC-98672,"Chavez, H",M,12,1991-05-27,1991,216,CLOSED,
CC-98701,"Evans, F",M,49,1995-10-25,1995,553,CLOSED,214-555-4293
CC-98711,"Torres, D",F,34,2015-03-14,2015,157,CLOSED,214-555-2186
CC-98725,"Mitchell, C",F,42,2012-12-14,2012,410,CLOSED,214-555-9203
CC-98757,"Jenkins, C",M,29,1992-04-07,1992,550,CLOSED,214-555-9710
CC-98759,"Hughes, F",F,22,2011-10-19,2011,133,CLOSED,
CC-98762,"Jordan, B",F,21,2024-07-28,2024,526,OPEN,214-555-4470
CC-98779,"Chavez, W",F,20,1997-05-12,1997,354,CLOSED,214-555-8012
CC-98817,"Okafor, K",M,39,1982-03-28,1982,420,OPEN,
CC-98855,"Howard, R",M,41,2016-10-04,2016,451,CLOSED,
CC-98869,"Foster, B",M,34,2025-12-21,2025,153,OPEN,214-555-8643
CC-98883,"Long, T",U,36,1994-05-11,1994,338,CLOSED,214-555-1768
CC-98902,"Watson, B",M,31,1993-03-18,1993,555,OPEN,
CC-98920,"Hayes, B",M,23,2019-10-15,2019,412,CLOSED,
CC-98947,"Carter, K",F,24,1990-03-04,1990,529,CLOSED,214-555-6011
CC-98950,"Ortiz, N",M,38,1986-05-07,1986,412,OPEN,214-555-1407
CC-98976,"Wallace, F",F,22,1993-09-23,1993,750,OPEN,214-555-4474
CC-98998,"Mitchell, P",M,25,2024-03-09,2024,517,OPEN,
CC-99007,"Hayes, A",M,37,1990-09-02,1990,629,CLOSED,214-555-9426
CC-99044,"Delgado, M",M,42,1999-02-14,1999,550,CLOSED,214-555-4819
CC-99052,"Price, K",M,11,1999-10-26,1999,741,CLOSED,214-555-6247
CC-99055,"Young, K",M,24,1991-07-27,1991,420,OPEN,
CC-99097,"Ford, P",M,36,2015-05-15,2015,133,OPEN,214-555-3335
CC-99100,"Dixon, K",M,15,1999-10-08,1999,303,CLOSED,
CC-99104,"Reyes, M",M,22,2023-07-01,2023,630,CLOSED,214-555-8834
CC-99109,"Brooks, S",F,0,1989-01-07,1989,625,CLOSED,214-555-1053
CC-99113,"Wright, P",M,39,2001-08-20,2001,717,CLOSED,
CC-99126,"Miller, N",M,13,2000-08-28,2000,121,CLOSED,
CC-99127,"Reyes, F",M,4,2014-08-26,2014,328,CLOSED,
CC-99149,"Simmons, M",M,39,2024-01-27,2024,505,OPEN,
CC-99191,"White, G",M,32,1989-11-23,1989,242,OPEN,214-555-2767
CC-99203,"Porter, P",F,51,1983-08-16,1983,717,CLOSED,
CC-99262,"Castillo, P",F,45,1985-04-01,1985,,OPEN,
CC-99290,"Guerrero, M",M,26,2011-12-20,2011,326,OPEN,214-555-0898
CC-99292,"Green, H",M,52,2005-03-12,2005,119,CLOSED,
CC-99297,"Ward, G",M,5,1996-12-18,1996,624,CLOSED,214-555-9285
CC-99316,"Ruiz, C",M,20,1993-02-19,1993,256,CLOSED,214-555-9961
CC-99329,"Parker, C",M,38,1983-11-21,1983,420,OPEN,214-555-4867
CC-99330,"Adams, G",M,35,2018-03-21,2018,629,OPEN,214-555-6488
CC-99345,"Guerrero, H",M,26,2000-12-12,2000,157,CLOSED,
CC-99380,"Spencer, L",M,14,1981-10-16,1981,625,CLOSED,214-555-7303
CC-99386,"Delgado, P",M,47,1990-09-11,1990,303,CLOSED,
CC-99399,"Henderson, E",F,45,2000-05-30,2000,246,OPEN,214-555-7786
CC-99464,"Sanders, R",M,16,2023-06-08,2023,216,OPEN,
CC-99494,"Reed, N",M,6,2006-06-23,2006,150,OPEN,214-555-6837
CC-99497,"Stewart, G",F,14,2001-12-05,2001,519,CLOSED,214-555-8875
CC-99520,"Porter, T",M,34,2023-10-15,2023,202,CLOSED,214-555-3270
CC-99549,"Lopez, P",M,36,2000-09-24,2000,328,CLOSED,214-555-8241
CC-99612,"Murphy, M",M,7,1995-09-15,1995,409,OPEN,
CC-99662,"Navarro, G",M,11,2016-05-24,2016,526,OPEN,214-555-0107
CC-99670,"Adams, G",M,53,1987-12-14,1987,529,CLOSED,214-555-2781
CC-99671,"Green, T",M,36,2021-12-06,2021,409,CLOSED,214-555-6373
CC-99681,"Espinoza, D",M,42,2014-03-26,2014,724,CLOSED,214-555-5180
CC-99696,"Wilson, W",F,42,1997-03-21,1997,724,CLOSED,214-555-0830
CC-99705,"Castillo, V",M,26,2002-03-16,2002,119,OPEN,
CC-99755,"Richardson, J",M,23,1999-03-18,1999,256,CLOSED,214-555-8228
CC-99777,"Pruitt, C",M,29,1994-01-20,1994,256,CLOSED,214-555-2829
CC-99791,"Fuentes, R",M,45,2016-01-22,2016,359,OPEN,214-555-5494
CC-99796,"Jordan, L",M,31,1987-05-01,1987,216,CLOSED,214-555-2294
CC-99802,"Wright, S",F,27,1983-03-21,1983,133,OPEN,214-555-3298
CC-99806,"Parker, C",M,31,1998-03-19,1998,326,CLOSED,
CC-99807,"Hill, A",M,23,2018-10-27,2018,247,OPEN,214-555-7685
CC-99845,"Gibson, S",F,55,1992-09-08,1992,550,CLOSED,214-555-3792
CC-99871,"Wilson, A",M,7,1995-05-18,1995,246,CLOSED,214-555-1975
CC-99882,"Lopez, T",M,30,2002-01-09,2002,242,OPEN,
CC-99923,"Woods, E",M,34,1998-08-11,1998,246,CLOSED,214-555-2008
CC-99928,"Mccoy, G",U,42,2024-07-10,2024,529,CLOSED,214-555-9082
CC-99949,"Davis, C",F,51,2019-08-15,2019,457,CLOSED,214-555-0279
CC-99961,"Green, D",M,29,1986-12-11,1986,242,CLOSED,214-555-3651
CC-99972,"Brooks, L",M,34,2025-03-21,2025,612,CLOSED,
CC-99981,"Nelson, B",M,33,1993-03-17,1993,315,CLOSED,214-555-9938
CC-99983,"Castillo, M",M,14,1990-09-20,1990,215,CLOSED,214-555-2859
CC-99984,"Flores, L",F,66,2010-03-31,2010,410,OPEN,214-555-4055
CC-99993,"Washington, N",M,35,2009-10-23,2009,133,OPEN,
