case_id,victim_name,sex,age,incident_date,address,beat,status,tip_notes
 CC-14731 ,"Mendoza, C",M,38,2013-05-20,7604 Ledbetter Dr,328,CLOSED,"Walk-in tip, declined to give contact"
 CC-76856 ,"walker, g",M,41,6/7/2000,7840 Webb Chapel Rd, 157 ,OPEN,Witness can be reached at 214-555-0202
CC-36910,"  JORDAN, C ",M,41,1994-10-22,3595 ROYAL LN,429,OPEN,"Anonymous tip, callback 214-555-7119, said they saw a dark sedan"
CC-74237,"Espinoza, L",M,33,1987-07-14,9552 Buckner Blvd,526,CLSD,Witness can be reached at 214-555-1826
CC-58736,"JOHNSON, D",M,28,1984-11-18,480 Jefferson Blvd,521,CLOSED,possibly linked to CC-28045
cc-19495,"DOUGLAS, J",M,15,"July 1, 2022",2535 Military Pkwy,Beat 234,OPEN,No callback number given
CC-35434,"WRIGHT, C",F,25,2009-06-19,8568 SINGLETON BLVD,beat 631,OPEN,Witness can be reached at (214) 555-3206; possibly linked to CC-63601
CC-73212,"  NORRIS, B ",M, 37 ,"June 4, 2013",2941 Larkmoor Ln,152,OPEN,"Anonymous tip, callback (214) 555-4240, said they saw a dark sedan"
CC-28000,"nelson, l",M, 39 ,05/04/1982,4209 Singleton Blvd,410,CLOSED,Caller left callback 214.555.3072
CC 16288,"SULLIVAN, B",M,12,10/16/1986,2420 Bonnie View Rd,B-150,CLOSED,"Anonymous tip, callback 214-555-7177, said they saw a dark sedan"
 CC-88820 ,"Wallace, N",M,38,2015-11-07,2514 Buckner Blvd,Beat 418,CLEARED,Witness can be reached at 214-555-7159; possibly linked to CC-58694
CC-85986,"JORDAN, B",F ,,"March 4, 2010",9769 Lancaster Rd,438,OPEN,Caller left callback 214-555-7043
CC-44073,"EDWARDS, M",Male,60,06/24/2014,7684 Westmoreland Rd,359,closed,possibly linked to CC-77996
CC-91442,"LOPEZ, M",m, 26 ,1991-01-10,4943 Illinois Ave,130,CLOSED,cb: (214) 555-1133
CC-76649,"  OKAFOR, S ",Male,15,3/14/1981,4371 Bonnie View Rd,519,OPEN,possibly linked to CC-97800
CC-94449,"  DELGADO, R ", M,25,2001-05-02,738 Fair Oaks Ave,724,CLOSED,
CC-45156,"TRAMMELL, K",M,7,1984-02-23,2457 LANCASTER RD, 157 ,CLOSED,"Neighbor reported shots, no name, no number"
CC-30601,"price, s",M,32,1991-12-07,3413 Fair Oaks Ave, 625 ,CLOSED,possibly linked to CC-49375
CC-99191,"WHITE, G",M,32,1989-11-23,7504 Lancaster Rd, 242 ,OPEN,cb: 214-555-2767
cc-12127,"MARTINEZ, P",M,34,10/20/1987,1884 Elm St,501,CLOSED,Witness can be reached at (214) 555-3411
CC-80262,"GIBSON, R",M,33,1989-08-10,2539 Scyene Rd,,Open,cb: 214-555-7259
CC 68801,"GARNER,  K",F, 9 ,2012-07-27,9382 Camp Wisdom Rd,B-625,CLOSED,Caller left callback (214) 555-2220; possibly linked to CC-27718
cc-67872,"Carter, M",M,39,1988-07-06,1963 Harry Hines Blvd,beat 501,CLSD,Caller left callback 214-555-2467
CC99670,"adams, g",M,53,12/14/1987,1704 Singleton Blvd, 529 ,CLOSED,cb: 214.555.2781; possibly linked to CC-69358
CC-62354,"HAWKINS,  D",M,20,1993-08-24,8098 LEDBETTER DR,beat 526,Open,No callback number given
cc-27526,"LOPEZ, M",Male,40,2005-07-16,2016 Scyene Rd,455,CLOSED,"Neighbor reported shots, no name, no number"
CC-44988,"Nguyen, M", M,35,1993-03-14,3889 Westmoreland Rd,beat 121,CLOSED,cb: 214.555.9245
CC-76357,"WARD, W",M,31,8/28/2005,8881 Harry Hines Blvd,328,OPEN,"Neighbor reported shots, no name, no number"
CC-21116,"wright, c",M,31,"November 19, 2012",492 FAIR OAKS AVE,Beat 555,CLOSED,cb: 214-555-2525
CC-67838,"PRICE, L",M,?,2018-08-16,4143 Scyene Rd,beat 457,OPEN,"Walk-in tip, declined to give contact"
CC33081,"TURNER, G",M,21,"April 29, 2011",361 Singleton Blvd,Beat 439,OPN,"Anonymous tip, callback (214) 555-3335, said they saw a dark sedan"
CC 26934,"mendoza, c",female,2,1988-06-19,4776 Harry Hines Blvd,409,closed,"Anonymous tip, callback 214-555-1681, said they saw a dark sedan"
 CC-31908 ,"parker, f",M,39,2015-06-21,3184 GREENVILLE AVE,121,Open,Caller left callback (214) 555-7801; possibly linked to CC-24478
CC-13960,"GRANT, G",F,25,"March 11, 1987",5539 Harry Hines Blvd,247,OPEN,
CC 24903,"ROSS, V",M,43,06/28/1993,7568 Military Pkwy,B-517,OPEN,"Tip line call, caller hung up"
CC83834,"RUIZ, C",M,28,1991-05-09,8379 MARSALIS AVE,412,CLEARED,"Anonymous tip, callback 214-555-0696, said they saw a dark sedan"
CC-47621,"lewis, v",MALE,?,11/01/1987,2001 Bonnie View Rd,B-526,CLOSED,Witness can be reached at 214.555.7859
 CC-29903 ,"JACKSON, C",M,1,11/08/2016,9499 Harry Hines Blvd,B-517,OPEN,Witness can be reached at 214-555-5089
 CC-50828 ,"harris, l",M,28,09/23/2017,1927 KIEST BLVD,beat 215,CLOSED,cb: (214) 555-8641
CC-96389,"Delgado, C",F,38,2013-08-23,9369 Harry Hines Blvd,651,OPEN,Witness can be reached at 214-555-0021
CC-28045,"Payne, M",M,35,2007-04-25,3151 Lancaster Rd,beat 439,CLOSED,Witness can be reached at (214) 555-3331
CC-65579,"jackson, n",Male,53,2019-03-25,428 Jefferson Blvd,B-150,CLSD,cb: 214.555.2346
CC-21554,"ALVAREZ,  H",Male,29,1981-04-19,7234 Jefferson Blvd,150,open,"Tip line call, caller hung up"
cc-65206,"PHILLIPS, H",M,18,1985-06-24,2872 Jefferson Blvd,beat 119,CLEARED,"Anonymous tip, callback (214) 555-3298, said they saw a dark sedan"
 CC-59574 ,"CRUZ, S", M,44,2023-10-30,4044 Singleton Blvd,409,CLOSED,"Anonymous tip, callback 214.555.3872, said they saw a dark sedan"
cc-49786,"ROBINSON, R",M,45,2010-01-30,7450 Harry Hines Blvd,553,CLOSED,cb: 214.555.4850
CC-34565,"GIBSON, F",Male,6,"December 4, 2012",8044 Lancaster Rd,,CLOSED,Caller left callback 214-555-8601
CC-91247,"LONG, D",M,49,"January 6, 2025",6298 Lake June Rd,241,open,Witness can be reached at 214-555-9405
CC 65371,"robinson, a",Male, 19 ,1/25/1998,6646 Elm St,555,CLOSED,possibly linked to CC-90415
cc-43563,"SMITH, K",M,36,1992-12-01,8472 Harry Hines Blvd,338,CLEARED,"Anonymous tip, callback (214) 555-0458, said they saw a dark sedan"
CC 66921,"Osei, W",M,26,"April 25, 2004",6399 Jefferson Blvd, 326 ,OPEN,"Neighbor reported shots, no name, no number"
CC-63086,"Hughes, W",M,53,1991-12-26,4816 Ferguson Rd,beat 754,open,"Walk-in tip, declined to give contact"
CC-46902,"COLLINS, W",M,33,2015-08-27,3894 Jefferson Blvd,B-216,OPEN,No callback number given
CC-59916,"CALDWELL, A",F ,40,2012-08-06,1707 Harry Hines Blvd,152,OPEN,possibly linked to CC-23061
CC-60310,"STEWART, N",MALE,8,2005-08-29,5934 Lancaster Rd, 234 ,CLOSED,cb: 214-555-6408
 CC-39609 ,"torres, c",M,32,5/31/1997,6615 Westmoreland Rd,242,closed,Witness can be reached at 214-555-8717
CC-88514,"  PARKER, J ",M,25,1994-12-16,2321 Larkmoor Ln,754,OPEN,Witness can be reached at 214-555-4853
cc-20116,"PEREZ, F",M,10,3/9/1988,1057 Webb Chapel Rd,Beat 215,CLOSED,No callback number given
cc-69823,"TATE, T",F ,37,2020-12-26,7359 Military Pkwy, 519 ,CLEARED,
 CC-87453 ,"ROBINSON, F",MALE,36,10/11/2018,546 KIEST BLVD,247,OPEN,Caller left callback 214.555.9940
 CC-18981 ,"  NELSON, P ",m, 29 ,"October 2, 2015",6496 Greenville Ave,Beat 517,CLOSED,"Anonymous tip, callback (214) 555-2320, said they saw a dark sedan"
cc-40053,"TRAMMELL, F",F,26,2005-12-07,8775 MARSALIS AVE,631,CLOSED,"Anonymous tip, callback 214.555.2859, said they saw a dark sedan"
CC-82390,"  TUCKER, J ",M,44,"September 20, 2008",4688 Lancaster Rd,754,CLOSED,"Anonymous tip, callback (214) 555-8969, said they saw a dark sedan; possibly linked to CC-30446"
CC-27201,"  HOLLAND, P ",M,46,"February 13, 1994",2207 Webb Chapel Rd,303,OPEN,cb: 214.555.6720
cc-84521,"Henderson, N",M, 25 ,2013-11-25,7848 Westmoreland Rd,451,OPEN,No callback number given
CC-61159,"HALL, C", M,18,06/20/1998
CC-77370,"Johnson, L",M,40,1994-04-02,9991 Singleton Blvd,501, OPEN ,Caller left callback 214-555-1269; possibly linked to CC-11844
CC-64633,"GOMEZ, G",M,53,01/25/1993,1361 Lake June Rd,Beat 651,CLOSED,
cc-49558,"MARSH, L",M,39,1994-09-28,5277 Webb Chapel Rd,B-219,CLOSED,"Walk-in tip, declined to give contact"
CC 61353,"WHITE, B",M,31,1998-10-24,6951 Scyene Rd,438,Closed,"Tip line call, caller hung up"
CC-42379,"RIVERA, W",M, 43 ,2022-04-22,8038 Webb Chapel Rd,439,OPEN,
CC-40721,"Booker, K",F,31,12/9/2007,2787 Marsalis Ave,Beat 625,closed,cb: (214) 555-2120; possibly linked to CC-59463
CC-85895,"COLEMAN, V",f,24,04/06/2005,8214 Ledbetter Dr,451,OPEN,Witness can be reached at 214-555-5101; possibly linked to CC-45831
CC-99796,"JORDAN, L",M,31,5/1/1987,1968 Larkmoor Ln,216,closed,cb: (214) 555-2294
CC-84429,"baker, m",MALE,25,1986-09-10,6680 Ferguson Rd,B-519,OPN,Caller left callback 214-555-5179
 CC-96998 ,"Evans, J",Female,39,02/07/2019,9492 Scyene Rd,420,Open,Caller left callback (214) 555-9691
 CC-32949 ,"FIELDS, T",M,25,09/05/1992,3074 Scyene Rd, 630 ,CLOSED,"Anonymous tip, callback 214-555-2676, said they saw a dark sedan"
CC-98779,"CHAVEZ, W",F,20,05/12/1997,1533 Scyene Rd,354,CLOSED,cb: (214) 555-8012
CC87025,"CALDWELL, R",M,6,2020-04-30,423 BUCKNER BLVD,741,closed,"Anonymous tip, callback 214.555.0401, said they saw a dark sedan"
CC-68015,"lane, h",M,35,2023-03-25,3635 Kiest Blvd,beat 501,OPN,Witness can be reached at (214) 555-5100
CC-50551,"WILLIAMS, E",M,40,2000-05-31,2624 Kiest Blvd,526,Open,"Anonymous tip, callback 214-555-4948, said they saw a dark sedan"
CC-26155,"WATSON, P",Male,38,03/20/2011
CC-10723,"OWENS, T",m,19,06/14/2025,2691 HARRY HINES BLVD,430,CLOSED,Caller left callback 214.555.3539
 CC-16161 ,"  JAMES, N ",M,14,2005-03-31,2909 SINGLETON BLVD,326,Open,possibly linked to CC-68618
CC-46633,"NORRIS, H",M,51,2027-04-01,2051 Bonnie View Rd,157,OPN,Witness can be reached at 214.555.7622
CC-98379,"EDWARDS, K",U,41,09/24/1981,9765 Camp Wisdom Rd,B-152, OPEN ,"Anonymous tip, callback 214.555.7712, said they saw a dark sedan"
CC34806,"TRAMMELL, G",M, 46 ,"May 11, 1987",6444 Fair Oaks Ave,beat 208,CLOSED,Witness can be reached at (214) 555-5582
cc-28528,"MENDOZA, S",F,18,2003-09-15,3626 Singleton Blvd,354,OPEN,"Tip line call, caller hung up"
CC-45301,"MARSH, J",M,44,03/04/2025,2063 ELM ST,335,Open,"Walk-in tip, declined to give contact"
cc-50297,"SANDERS, J",M,24,1995-10-26,6097 Bonnie View Rd, 550 ,CLOSED,Caller left callback (214) 555-4838
CC-93666,"OSEI, D",M,21,2002-04-17,3979 Webb Chapel Rd,529,OPEN,"Walk-in tip, declined to give contact"
CC-32640,"MORALES, E",M,13,09/28/2011,4872 Webb Chapel Rd,529,CLEARED,"Anonymous tip, callback (214) 555-0735, said they saw a dark sedan"
CC 77009,"FLORES, C",M,17,2021-08-26,8226 Kiest Blvd,702,open,Caller left callback 214.555.6952
CC-84088,"PORTER, W", M, 27 ,"October 25, 2014",8863 Royal Ln,521,OPN,cb: 214-555-0255
CC-80993,"RODRIGUEZ, T", M,29,1991-03-26,1375 LEDBETTER DR,234,CLEARED,
cc-77266,"VARGAS, P",M,19,2009-11-24,3321 Buckner Blvd,208,CLOSED,Caller left callback 214.555.8045
CC-61502,"RODRIGUEZ, R",F,36,1997-10-16,7901 MARSALIS AVE,246,OPEN,
CC-45702,"MEDINA, K",M,49,1988-09-26,2462 MILITARY PKWY,550,Open,Caller left callback 214-555-9614
CC-97045,"herrera, v",M,23,2013-07-23,5040 Westmoreland Rd,429,OPEN,Witness can be reached at 214.555.8078
CC-64609,"JAMES, W",M,29,1992-07-06,5945 Singleton Blvd,beat 612,Closed,possibly linked to CC-12193
cc-13263,"LANE,  F",U,61,2005-03-25,9414 ROYAL LN, 241 ,CLOSED,possibly linked to CC-79435
CC-57171,"Martinez, T", M,23,2010-08-22,5750 ILLINOIS AVE,beat 208,OPEN,Witness can be reached at 214-555-9957
CC 81250,"GIBSON, E",M,33,1988-03-10,8234 Bonnie View Rd, 451 ,CLOSED,Witness can be reached at (214) 555-5684
CC57454,"WARD, R",M,21,2018-07-27,8694 Bonnie View Rd,526,CLOSED,"Anonymous tip, callback 214-555-8062, said they saw a dark sedan"
cc-31475,"CALDWELL, T",F,52,1992-02-09,881 Bonnie View Rd,Beat 457,OPEN,
cc-53900,"Garner, W",M,32,1989-10-20,5264 Jefferson Blvd,B-555,Closed,"Walk-in tip, declined to give contact"
CC-17362,"jackson, b",M,36,2020-09-08,3068 Camp Wisdom Rd,359,OPEN,"Tip line call, caller hung up"
cc-68111,"RODRIGUEZ, W",F,39,3/3/1998,1969 Kiest Blvd,202,OPEN,
CC 34565,"GIBSON, F",M,6,2012-12-04,8044 Lancaster Rd,,CLOSED,Witness can be reached at (214) 555-8601
CC-95245,"MARTINEZ, P",F,47,1983-09-03,7392 Elm St,724,CLOSED,Caller left callback (214) 555-1987; possibly linked to CC-10183
CC-96734,"BELL, C",M,43,2004-07-31,8666 Lancaster Rd,,CLEARED,"Tip line call, caller hung up"
CC-50753,"castillo, j",M,13,"November 23, 2005",524 Royal Ln, 517 ,CLOSED,cb: 214-555-6641
CC-33513,"ROSS, T",M,9,10/20/1989,7547 Ferguson Rd,429,PENDING?,Caller left callback (214) 555-3545
CC28159,"ALVAREZ, K",M,37,10/28/1992,8546 Fair Oaks Ave,beat 455,OPEN,"Tip line call, caller hung up"
CC-63796,"PERRY, H",Male,35,02/20/2009,8691 MILITARY PKWY,242, OPEN ,cb: 214-555-2501
CC 14731,"MENDOZA, C",M,38,05/20/2013,7604 Ledbetter Dr,328,CLOSED,
CC-18637,"FLORES, V",M,14,09/29/2004,2336 Lake June Rd,B-750,OPEN,cb: (214) 555-9869
CC-18071,"TUCKER, T",M,24,"August 1, 2011",4898 Fair Oaks Ave,beat 303,OPEN,"Anonymous tip, callback 214-555-6141, said they saw a dark sedan; possibly linked to CC-21630"
CC-94970,"douglas, f",M,47,2012-01-08,4118 Marsalis Ave,121,OPEN,
CC-39214,"PRUITT, H",Male,3,"September 29, 2017",1890 LEDBETTER DR,418,OPEN,possibly linked to CC-98883
CC-98762,"jordan, b",F,21,07/28/2024,9395 Fair Oaks Ave,B-526,OPEN,"Anonymous tip, callback (214) 555-4470, said they saw a dark sedan"
CC-58717,"collins, e",M,31,12/09/1993,9502 Singleton Blvd,217,CLOSED,cb: (214) 555-0677
CC-33435,"FUENTES, M",F,30,2021-05-02,6092 Fair Oaks Ave,328,open,"Walk-in tip, declined to give contact"
CC-60007,"OKAFOR, M", M,51,2022-01-08,3395 Singleton Blvd,Beat 550,OPEN,"Neighbor reported shots, no name, no number"
CC-39504,"Norris, P",M,unknown,1982-03-26,5847 Lancaster Rd,Beat 457,CLOSED,Caller left callback (214) 555-0854
CC-84821,"  WALKER, M ",f, 39 ,11/13/2009,4608 LEDBETTER DR,beat 208,CLOSED,Witness can be reached at 214-555-2644
cc-53926,"WILSON, V",F,44,1982-03-27,1150 LARKMOOR LN, 702 ,CLOSED,No callback number given
CC-63430,"LEWIS, G",m,31,08/07/2000,8858 Webb Chapel Rd,B-234,closed,Witness can be reached at 214.555.6191
CC-70022,"JORDAN, E",f, 29 ,1992-08-07,5644 LEDBETTER DR,550,OPEN,"Neighbor reported shots, no name, no number"
CC-94009,"WASHINGTON,  R",M,25,"April 17, 2019",5093 Ferguson Rd,625,CLEARED,"Tip line call, caller hung up"
CC-91072,"  PAYNE, H ",M,15,2009-09-28,2405 Military Pkwy,505,CLOSED,"Neighbor reported shots, no name, no number"
CC-79556,"nelson, f",M, 19 ,2005-02-26,9101 GREENVILLE AVE,651,Closed,"Walk-in tip, declined to give contact"
CC-43339,"Dixon, J",F ,11,"November 14, 1988",2983 Scyene Rd,Beat 247,OPEN,possibly linked to CC-82988
CC 21756,"HILL, F",M,30,"March 3, 1992",4718 Royal Ln,B-130,CLOSED,Witness can be reached at (214) 555-8080; possibly linked to CC-50536
CC-24612,"RODRIGUEZ, L",M,22,06/25/1990,4519 Illinois Ave,,OPEN,"Anonymous tip, callback 214.555.8740, said they saw a dark sedan"
CC 36132,"TATE, T",M,43,2008-05-30,2061 Singleton Blvd,B-457,CLOSED,"Anonymous tip, callback 214.555.1245, said they saw a dark sedan"
CC-82934,"RAMIREZ, C",M,26,2007-10-21,2668 Lake June Rd,Beat 724, OPEN ,No callback number given
CC-42231,"pruitt, g",M,27,2010-02-28,3278 Buckner Blvd,455,closed,cb: 214.555.7245
CC-93719,"TURNER,  C",m,41,1998-08-01,7878 Lake June Rd,Beat 438,Open,possibly linked to CC-72950
CC-56371,"DOUGLAS, G",M,,1991-08-19,7244 FERGUSON RD,B-529, OPEN ,
CC-35294,"PAYNE, V",M,?,10/11/2024,2656 Camp Wisdom Rd,629,open,Witness can be reached at 214.555.4421
cc-45509,"OKAFOR, E",M, 27 ,1991-01-10,5302 Camp Wisdom Rd,612,closed,"Neighbor reported shots, no name, no number"
CC-57805,"CRUZ, A", M,40,2004-04-28,5241 Marsalis Ave,beat 625,CLSD,cb: (214) 555-1658
CC-19189,"rodriguez, d",M,24,05/18/2019,481 Lake June Rd,Beat 521,OPEN,
CC-14837,"Smith, J",M,26,2013-05-13,5979 Larkmoor Ln, 717 ,CLSD,
CC-79073,"FOSTER, N",F ,27,1998-07-01,4924 SCYENE RD,612,OPEN,Witness can be reached at 214.555.1915
CC-75940,"  BAKER, T ",M, 28 ,1984-11-02,7564 Westmoreland Rd,234,CLOSED,Caller left callback 214.555.2607
CC-61404,"Garcia, A",Male,18,"July 6, 2025",6344 Singleton Blvd,242,CLOSED,"Neighbor reported shots, no name, no number"
CC-62144,"SANDERS,  J",Male,18,1990-06-16,8920 Larkmoor Ln,553,CLOSED,possibly linked to CC-12331
CC-51340,"WILSON, V",M, 53 ,2009-10-26,5193 Ferguson Rd,Beat 202,CLSD,Caller left callback 214-555-0048
CC-69180,"FIELDS, H",Male,18,08/20/1982,9791 Lancaster Rd,219,CLOSED,
CC31476,"Gibson, A",M,24,2002-02-11,2912 Marsalis Ave,Beat 713,Closed,Caller left callback 214.555.1364
CC-81086,"  MORALES, V ",m,28,2021-04-24,2685 Singleton Blvd,beat 208,OPEN,
,"bryant, r",M,12,2001-09-14,470 Webb Chapel Rd,430,OPEN,
CC-85571,"COLLINS, N",M,42,1994-02-14,3866 Bonnie View Rd,519,CLOSED,"Neighbor reported shots, no name, no number"
CC-33571,"COLLINS, W",M, 50 ,6/23/2006,4457 Ferguson Rd,529,CLOSED,"Tip line call, caller hung up"
cc-21739,"FOSTER, B",M,24,06/20/2014,4282 Marsalis Ave,B-429,CLOSED,cb: 214-555-4453
CC-37795,"RAMOS, N",m,16,02/16/1983,2040 Military Pkwy,208,closed,Caller left callback (214) 555-9320
CC-11271,"Mitchell, R",F,59,08/26/1982,6792 Military Pkwy,217,CLOSED,"Walk-in tip, declined to give contact"
XX-46752,"STEWART, J",F,43,2/18/1983,4575 Bonnie View Rd,beat 208,OPEN,cb: 214-555-4488; possibly linked to CC-50753
CC-20993,"Dixon, W",M,46,02/28/2009,7864 Military Pkwy, 451 ,closed,Witness can be reached at (214) 555-1967
CC-19918,"HALL, S",M, 30 ,2008-12-10,6028 LEDBETTER DR,,OPEN,"Walk-in tip, declined to give contact"
cc-80659,"  THOMAS, V ", M,37,10/19/2011,2265 Singleton Blvd,241,OPEN,Witness can be reached at 214-555-5589
CC-32368,"WOODS, M",F, 18 ,07/15/1987,8458 Marsalis Ave,beat 713,CLOSED,
CC-10183,"NAVARRO, R",Male,34,09/18/2016,4358 Jefferson Blvd,651,closed,
CC-89952,"FUENTES, A",M, 47 ,02/08/1991,7904 Royal Ln,315,OPEN,cb: (214) 555-9401
CC-25416,"  OSEI, F ",M,21,"September 16, 1983",853 Fair Oaks Ave,153,CLSD,No callback number given
cc-79603,"simmons, d",M,23,2000-06-05,5205 Lake June Rd,Beat 717,OPN,Caller left callback (214) 555-5451
CC 37441,"torres, m",M,13,1993-04-14,1296 Buckner Blvd,B-630,OPEN,
CC-74309,"  LOPEZ, T ",M,21,1999-09-14,4886 Military Pkwy,412,CLOSED,Witness can be reached at (214) 555-0249
CC-54809,"martin, l", M,37,11/26/1981,3622 Jefferson Blvd,451,Closed,"Walk-in tip, declined to give contact"
CC-81720,"Perry, N",M,15,03/09/2018,2226 Kiest Blvd,455,Closed,No callback number given
CC-35013,"TURNER, B",M,15,1985-12-22,7797 Jefferson Blvd,438,CLOSED,Caller left callback 214-555-6452; possibly linked to CC-42200
 CC-70032 ,"williams, v",MALE,32,"May 12, 2006",787 KIEST BLVD,B-119,CLOSED,cb: 214-555-1231
CC-26876,"sullivan, s",M,42,06/25/1992,1848 Singleton Blvd,409,CLEARED,No callback number given
CC-53096,"MENDOZA, J",M,29,"April 5, 1999",969 Singleton Blvd, 631 ,Closed,Witness can be reached at (214) 555-8544; possibly linked to CC-96998
CC-74222,"BOOKER, H",M,39,1988-04-22,1970 Illinois Ave,412,OPN,possibly linked to CC-43468
CC-86018,"SIMMONS, R",M,40,1987-06-11,1365 Camp Wisdom Rd,328,Closed,No callback number given
cc-28026,"JAMES, W",M,-1,7/17/2011,1828 FAIR OAKS AVE,521,OPN,"Neighbor reported shots, no name, no number"
CC-64654,"robinson, v",M,0,06/11/2005,5908 Camp Wisdom Rd,B-630,CLOSED,Witness can be reached at 214-555-9938
CC-37039,"MENDOZA, F",M,55,2010-05-23,2690 Harry Hines Blvd,Beat 150,CLOSED,"Tip line call, caller hung up"
CC-94975,"Young, R",M,23,5/23/2009,9400 Webb Chapel Rd,beat 501,OPEN,"Tip line call, caller hung up"
CC-45240,"  GOMEZ, A ", M,28,1989-12-16,2520 Elm St,455,CLOSED,possibly linked to CC-77768
CC-30305,"JAMES, G",M,35,07/13/2016,8043 Military Pkwy,625,Open,Witness can be reached at (214) 555-4210
cc-18635,"Nelson, D",M,59,2022-03-30,6777 WESTMORELAND RD,326,Open,"Anonymous tip, callback 214-555-4255, said they saw a dark sedan"
CC-60934,"MEDINA, J",m, 25 ,11/24/2023,5299 Lancaster Rd, 202 , OPEN ,Witness can be reached at 214-555-4343
CC-10490,"MARTIN, C",M,UNK,1988-04-26,6752 LEDBETTER DR,Beat 256,CLOSED,cb: 214-555-6443
CC-21628,"adams, e",female,23,10/08/1985,5843 SINGLETON BLVD,,CLEARED,"Anonymous tip, callback 214.555.2595, said they saw a dark sedan"
cc-75120,"FIELDS, V",F,40,2023-04-28,708 Fair Oaks Ave,beat 420,CLOSED,cb: 214-555-5988
CC11189,"GREEN, M",M,46,"October 10, 1998",4161 Webb Chapel Rd,B-517,Open,Caller left callback (214) 555-6865
CC73500,"ROSS,  J",F, 35 ,10/10/2020,1194 Greenville Ave,216,CLOSED,
cc-43679,"  MORALES, P ",F,34,01/25/1988,9405 Military Pkwy,beat 303,CLSD,Witness can be reached at (214) 555-7493
CC42525,"SANDERS, P",M, 26 ,02/26/2011,3830 Ferguson Rd,beat 517,OPEN,Witness can be reached at 214-555-4939
CC-67747,"OSEI, T",F,30,2/9/1989,7607 Ledbetter Dr, 438 ,CLOSED,"Walk-in tip, declined to give contact"
CC-59032,"ortiz, g",M,47,1/11/1997,8427 KIEST BLVD, 625 , OPEN ,Witness can be reached at (214) 555-8389
cc-26889,"NAVARRO, A",M, 31 ,11/15/1988,9124 Westmoreland Rd,Beat 150,closed,
CC-98044,"HOLLAND, H",female,33,6/16/2013,6463 Marsalis Ave,241,OPEN,
CC-13915,"WOODS, R",M,40,2005-10-02,2120 Elm St,B-354,CLSD,
CC-52850,"WRIGHT, V",M,28,"April 3, 1983",8298 Greenville Ave,Beat 241,closed,"Tip line call, caller hung up"
CC-791,"DAVIS, M",M,33,2014-01-05,6672 Lake June Rd,Beat 420,CLSD,"Walk-in tip, declined to give contact"
CC-23426,"Gibson, C",M,23,2025-12-07,4575 Westmoreland Rd,119,Closed,cb: 214-555-8734
CC 76888,"WRIGHT, A",M,44,10/05/1992,3325 Ferguson Rd,242, OPEN ,"Walk-in tip, declined to give contact"
CC-11844,"DOUGLAS, B",m,35,1991-11-04,6391 Elm St,651,CLEARED,Witness can be reached at 214.555.8704
CC-90357,"HAWKINS, A",M, 53 ,1988-08-14,9757 Ferguson Rd,521,Open,"Anonymous tip, callback (214) 555-6517, said they saw a dark sedan"
CC-48814,"COLLINS, S",F,31,11/06/1998,6211 WESTMORELAND RD,B-130,Open,Witness can be reached at 214-555-0009
CC-97587,"HAWKINS, W",M,10,2019-08-22,879 Elm St,B-451, OPEN ,possibly linked to CC-82773
CC-28833,"ORTIZ, R",M,?,04/29/2008,1925 Scyene Rd,455,CLOSED,cb: 214.555.6251
CC-63253,"JORDAN, M",M,24,2005-03-03,2548 BONNIE VIEW RD,B-501,OPEN,possibly linked to CC-42221
CC-31202,"RUIZ, N",F,25,2017-12-19,9138 Illinois Ave,241,CLOSED,Caller left callback 214-555-6357
CC-49316,"HARRIS, E",F ,28,2006-12-03,6370 Bonnie View Rd,Beat 553,OPN,Caller left callback 214-555-2285
CC43667,"fuentes, t", M,41,3/6/2015,183 Larkmoor Ln,215,closed,"Tip line call, caller hung up"
 CC-11331 ,"HAYES, V",M,43,1988-03-12,5716 Buckner Blvd,130,CLOSED,Caller left callback 214-555-6287
CC-13165,"NORRIS, B",F,33,"July 5, 1984",8589 Ledbetter Dr,beat 234,CLOSED,cb: (214) 555-1693
CC-94027,"YOUNG,  W",F,26,1991-05-14,9985 ILLINOIS AVE, 202 ,Closed,"Neighbor reported shots, no name, no number"
CC 13932,"  TATE, K ",m,37,"October 10, 2001",8984 Ledbetter Dr,,Closed,No callback number given
CC-91277,"FUENTES, B",Male,13,1998-06-15,4088 Elm St,beat 338,OPN,
 CC-63731 ,"  MOORE, T ",female,37,"October 5, 1989",8008 Singleton Blvd, 242 ,CLOSED,Caller left callback 214-555-4512
CC 16148,"FIELDS, W",M,27,1991-03-10,4616 LANCASTER RD,Beat 517,CLOSED,"Walk-in tip, declined to give contact"
CC-28622,"wright, k",MALE,23,2018-10-23,4553 GREENVILLE AVE,B-326,CLOSED,"Anonymous tip, callback 214.555.1642, said they saw a dark sedan"
CC-87312,"nguyen, c",M, 52 ,9/4/1992,4579 Royal Ln,451,closed,Witness can be reached at (214) 555-6017
CC-80164,"LOPEZ, C", M,7,2002-12-15,3012 Scyene Rd, 208 ,CLOSED,"Anonymous tip, callback (214) 555-2880, said they saw a dark sedan; possibly linked to CC-63476"
CC-22046,"HAYES, T",M,20,"November 5, 1992",720 SCYENE RD,550,OPEN,Caller left callback (214) 555-1635; possibly linked to CC-24759
CC-99329,"Parker, C",M,38,1983-11-21,1009 Camp Wisdom Rd,420,OPEN,Witness can be reached at 214.555.4867
CC-48856,"HENDERSON, S",M,33,"December 17, 1988",3395 Ledbetter Dr,beat 247,open,"Anonymous tip, callback 214-555-7473, said they saw a dark sedan"
CC-61944,"ramirez, l",M, 16 ,"October 9, 1993",4985 Harry Hines Blvd,152,closed,cb: 214-555-8040
CC-89788,"SPENCER, E",Male,34,2003-12-10,9651 Singleton Blvd,Beat 410,CLOSED,"Neighbor reported shots, no name, no number"
CC-52783,"BAKER,  S",m, 28 ,2017-08-16,7393 Ferguson Rd,B-326,CLOSED,"Walk-in tip, declined to give contact"

CC-43805,"MARSH, V",M,0,2012-01-18,7791 Illinois Ave, 216 ,OPEN,"Walk-in tip, declined to give contact"
CC56741,"GARCIA,  S",M,27,2022-08-15,1913 Buckner Blvd,B-717,Closed,"Walk-in tip, declined to give contact"
cc-42442,"WILLIAMS, E",M,17,2025-03-07,1938 Buckner Blvd,517,OPEN,"Tip line call, caller hung up"
CC-92129,"MENDOZA, H",M,20,1990-03-03,5859 Kiest Blvd, 631 ,Closed,
CC-86186,"DELGADO, F",F,31,2023-06-16,1457 Greenville Ave,Beat 150,CLOSED,"Anonymous tip, callback 214-555-9330, said they saw a dark sedan; possibly linked to CC-18864"
 CC-17343 ,"Patterson, C",M,39,05/25/1991,8505 Buckner Blvd,Beat 133,Open,No callback number given
CC-80785,"WALKER, G",U,53,"May 3, 1988",8467 Royal Ln,B-754,CLSD,
CC-70487,"MURPHY, E",M,28,02/15/1992,4442 Ferguson Rd,beat 247,CLOSED,cb: (214) 555-2948
CC-62538,"LANE, F", M,25,"April 10, 1991",7105 Marsalis Ave,702,Closed,
CC-90188,"ELLIS, S",M, 31 ,2000-05-13,3176 Jefferson Blvd, 630 , OPEN ,
CC23746,"  DAVIS, G ",M,44,2003-01-09,9946 Fair Oaks Ave,219,OPEN,"Anonymous tip, callback 214.555.5283, said they saw a dark sedan; possibly linked to CC-56109"
CC-79555,"BELL, T",M,39,2004-02-25,6764 Westmoreland Rd,beat 152,CLOSED,"Anonymous tip, callback (214) 555-7877, said they saw a dark sedan"
CC-67282,"price, n",M,15,"June 22, 1986",9272 Military Pkwy,219,CLOSED,Caller left callback 214.555.6685; possibly linked to CC-58339
CC-76734,"PARKER, R",M,33,11/22/2000,6863 Elm St,741,OPEN,cb: 214.555.0555; possibly linked to CC-61615
CC-98725,"mitchell, c",F, 42 ,12/14/2012,596 Kiest Blvd,410,CLOSED,cb: 214.555.9203
CC86347,"  WRIGHT, J ",m,36,2021-10-08,1051 Larkmoor Ln,451,OPEN,"Walk-in tip, declined to give contact"
 CC-16631 ,"howard, w",M,5,"September 27, 2022",7830 Harry Hines Blvd,409,open,cb: 214.555.9328
cc-92100,"edwards, d",MALE,5,2023-01-31,380 Marsalis Ave,Beat 624,OPEN,Witness can be reached at 214-555-2364
CC90425,"Smith, V",M,20,1985-08-01,179 Military Pkwy,133,CLOSED,"Anonymous tip, callback (214) 555-1768, said they saw a dark sedan"
CC-37064,"SANCHEZ, V",M,26,2023-09-04,9626 Elm St,625,open,"Anonymous tip, callback 214-555-2778, said they saw a dark sedan"
CC62950,"  THOMAS, T ",M,14,1990-12-11,8725 Webb Chapel Rd,beat 702,??,cb: (214) 555-2166
 CC-80577 ,"henderson, k",F, 26 ,05/18/1991,7247 Lake June Rd,B-651,CLOSED,cb: 214.555.8900
 CC-90949 ,"PHILLIPS, T",M,1,2025-01-07,3833 Westmoreland Rd,455,open,"Neighbor reported shots, no name, no number"
CC-54436,"WATSON, P",M,62,"May 10, 2017",6710 Lancaster Rd, 702 ,OPEN,"Anonymous tip, callback 214-555-4934, said they saw a dark sedan"
CC31134,"BAKER, J",F,17,2018-09-07,4366 Illinois Ave,B-451,Closed,
CC-57401,"Martinez, D", M,33,03/13/1987,922 Camp Wisdom Rd, 328 ,Closed,Witness can be reached at (214) 555-3730
CC-22914,"COLEMAN, T",M,?,05/16/1994,8691 Fair Oaks Ave,629,OPEN,No callback number given
CC49479,"Sanders, K",M,31,"February 16, 2006",1780 Elm St,215,CLOSED,Witness can be reached at 214.555.1039
CC-28400,"guerrero, b",MALE,24,2017-07-13,7889 Larkmoor Ln,526,OPEN,"Walk-in tip, declined to give contact"
CC-69000,"MURPHY, C",M,34,5/29/2018,4871 Military Pkwy,beat 328,CLOSED,Witness can be reached at 214.555.1445
cc-43580,"  STEWART, S ",M,38,11/17/2022,1797 Jefferson Blvd,624,OPEN,cb: (214) 555-7251
CC-79338,"  PARKER, W ",M,27,08/31/1990,2536 MILITARY PKWY,beat 152,CLOSED,"Anonymous tip, callback 214-555-1341, said they saw a dark sedan"
CC-96038,"COLLINS, E", M,35,11/28/2013,5565 Jefferson Blvd,208,closed,"Walk-in tip, declined to give contact"
CC-96141,"turner, t",M,22,unknown,209 Elm St,217,Open,Caller left callback 214-555-9717
CC-34350,"foster, v",M,39,1985-02-11,3474 Jefferson Blvd,beat 326,OPEN,"Anonymous tip, callback (214) 555-6417, said they saw a dark sedan"
CC-85857,"Lane, H",M,47,1996-12-11,3915 BONNIE VIEW RD,Beat 724,OPN,
CC-96119,"bryant, j",M,32,04/05/1985,7843 SCYENE RD,754,CLOSED,No callback number given
CC-38460,"MARTINEZ, E",M,27,2002-07-29,7459 Illinois Ave,242,CLOSED,"Anonymous tip, callback 214.555.0889, said they saw a dark sedan; possibly linked to CC-60620"
CC98101,"HOWARD, N",Male,36,1983-05-31,3727 Buckner Blvd,328,OPEN,No callback number given
cc-92518,"WASHINGTON, P",M,14,"March 12, 1986",9767 Ledbetter Dr,724,closed,possibly linked to CC-66922
CC-93082,"Jenkins, S",MALE, 39 ,"December 18, 2005",5132 Marsalis Ave,702,CLOSED,Caller left callback 214-555-7903; possibly linked to CC-30733
 CC-43380 ,"  JENKINS, P ",MALE,45,1988-09-23,2770 LARKMOOR LN,335,CLEARED,cb: 214.555.5514; possibly linked to CC-65522
 CC-60342 ,"  HARRIS, N ",M,33,12/01/2002,3412 Royal Ln,beat 315,OPN,"Tip line call, caller hung up"
CC-34242,"carter, f",M, 27 ,2012-06-29,7469 ILLINOIS AVE,553,CLOSED,No callback number given
cc-70332,"  MILLER, T ",M,26,6/3/2001,9977 Ledbetter Dr,215,Closed,
 CC-41292 ,"WARD, T",M,18,2005-01-26,6340 Scyene Rd, 418 ,CLSD,cb: (214) 555-7956; possibly linked to CC-71911
CC98670,"CHAVEZ,  G",M,23,"November 4, 1984",9244 WESTMORELAND RD,Beat 315,Closed,Caller left callback 214.555.5255
,"LONG, M",M,35,1991-12-04,8309 SINGLETON BLVD, 629 ,CLOSED,Witness can be reached at 214.555.3064
CC-91366,"DOUGLAS, F",F,18,2025-11-05,8629 Harry Hines Blvd,713,CLOSED,Witness can be reached at (214) 555-5849; possibly linked to CC-30305
CC-36053,"King, V",F,34,2013-10-16,7277 Illinois Ave,501,Closed,
CC-18873,"FIELDS, B",F,15,11/17/2007,6338 Marsalis Ave,beat 702,OPEN,
CC-14352,"PAYNE, P",M,65,1998-06-21,5775 Westmoreland Rd,326,OPEN,cb: 214.555.1827
CC-11319,"REED, H",F, 25 ,1994-02-22,2573 Elm St,242,CLOSED,cb: 214-555-3106
CC-14778,"  SPENCER, R ",female,27,2004-06-05,2171 Jefferson Blvd,612,CLOSED,"Tip line call, caller hung up"
cc-11011,"BRYANT, H",f,21,1989-02-01,7183 Military Pkwy,526,CLOSED,
CC-98521,"LANE, H",M,28,09/17/1996,8446 Illinois Ave,Beat 750,closed,
 CC-44780 ,"King, H",female,26,1996-06-29,3481 Fair Oaks Ave,629,CLOSED,"Anonymous tip, callback (214) 555-9593, said they saw a dark sedan"
CC-53004,"Perez, K",M,21,12/11/2016,6208 Lancaster Rd,256,Open,"Anonymous tip, callback (214) 555-3300, said they saw a dark sedan"
CC-84178,"HENDERSON,  P",Male,47,5/27/1991,1909 Buckner Blvd,717,OPEN,possibly linked to CC-87381
CC70887,"Hawkins, R",M,35,01/03/1990,9530 Elm St,beat 219,OPN,Witness can be reached at 214.555.1469
CC 47617,"CRUZ, V",MALE,27,"March 24, 2002",2668 Bonnie View Rd,208,CLOSED,No callback number given
CC-70767,"PHILLIPS, F",M,29,1988-09-27,2715 Royal Ln,717,CLOSED,Caller left callback 214-555-9578; possibly linked to CC-75416
CC-48263,"WALLACE, M",m,52,2000-06-12,5125 JEFFERSON BLVD,741,PENDING?,"Tip line call, caller hung up"
CC-82154,"MCCOY, D",M,25,2/2/1999,8111 Westmoreland Rd,526,OPEN,Caller left callback 214.555.0335; possibly linked to CC-36709
CC-15886,"MORALES, K",M, 62 ,5/22/2022,8313 Illinois Ave, 133 ,OPEN,"Anonymous tip, callback (214) 555-9662, said they saw a dark sedan"
CC-20665,"CALDWELL,  N",M,21,2023-09-23,2396 Elm St,713,Closed,No callback number given
CC-91805,"NORRIS, C",M,40,2017-07-05,9482 Webb Chapel Rd,338,OPEN,"Anonymous tip, callback (214) 555-9945, said they saw a dark sedan"
cc-49252,"COLEMAN, H",M,30,12/12/2024,3150 LANCASTER RD,457,CLOSED,possibly linked to CC-67391
CC-93699,"WEBB, W",M,37,1994-10-20,2112 Elm St,Beat 438,open,Witness can be reached at 214-555-5194
CC-79297,"Miller, P",F,39,2008-08-01,2215 Fair Oaks Ave,242,CLOSED,Witness can be reached at 214-555-7451
CC-66470,"KING, E",Female,35,7/16/2002,1457 Webb Chapel Rd,B-119,OPEN,Witness can be reached at (214) 555-4905
CC-95710,"GREEN, W",M,43,1981-08-04,1246 Royal Ln,451,closed,Caller left callback 214-555-1890
CC-99497,"stewart, g",f,14,12/05/2001,1424 Lancaster Rd,519,CLOSED,cb: 214-555-8875
CC-79584,"NAVARRO,  M",F,22,"September 2, 1991",6528 Jefferson Blvd,208,CLOSED,Witness can be reached at 214.555.7895
CC-61026,"HENDERSON,  M", M,47,"January 3, 1994",2358 Ledbetter Dr,Beat 215,CLOSED,cb: 214.555.8862; possibly linked to CC-30303
CC-68137,"carter, k", M,26,1992-12-20,7606 ELM ST,326,open,No callback number given
CC 81472,"SANDERS, P",M, 37 ,3/19/1981,5830 Lancaster Rd,B-409,CLEARED,cb: 214-555-9822
 CC-53861 ,"reed, r",M,?,1988-09-14,8594 LEDBETTER DR,359,Closed,"Neighbor reported shots, no name, no number"
cc-17607,"BRYANT, P",M, 53 ,2/5/1990,2970 Jefferson Blvd,219,OPEN,Witness can be reached at 214.555.2829
CASE?,"NAVARRO, C",M,23,2014-11-06,4844 Lake June Rd,202,CLOSED,cb: (214) 555-9137; possibly linked to CC-76738
CC-30741,"Walker, T",MALE,22,2020-10-14,8348 Marsalis Ave,717,CLOSED,possibly linked to CC-24093
CC-26445,"Howard, D",Male,50,1986-11-26,3176 SINGLETON BLVD,Beat 713,OPN,
CC-27972,"washington, s",female, 54 ,"February 19, 1997",8216 Harry Hines Blvd,550,OPEN,Witness can be reached at 214-555-3623
cc-43702,"BANKS, M",F,46,09/02/2009,1967 Elm St, 750 ,CLOSED,"Anonymous tip, callback 214.555.0612, said they saw a dark sedan"
CC-69098,"  MEDINA, F ", M, 24 ,2019-03-26,5396 ELM ST,beat 526,OPEN,No callback number given
CC-68108,"  BROOKS, P ",m,45,2/28/1996,3520 Singleton Blvd,beat 409,Closed,Caller left callback 214.555.8279
CC-43649,"baker, c",M,5,1998-11-03,3844 Illinois Ave,521,OPEN,cb: 214.555.5270
CC 45462,"GARNER, J",M,26,11/06/1983,4737 Buckner Blvd,246,OPEN,No callback number given
CC-97322,"ORTIZ, E",M,14,04/19/2014,130 Buckner Blvd,338,CLOSED,"Anonymous tip, callback (214) 555-8168, said they saw a dark sedan"
CC-24147,"parker, p",M,39,01/20/2001,3464 Marsalis Ave,153,CLOSED,Caller left callback 214-555-5516
CC-17745,"BOOKER, V",M,19,1995-10-19,6709 Ferguson Rd,724,CLOSED,No callback number given
CC 66029,"WALKER, B",M,36,2015-09-25,9042 Greenville Ave,beat 451,closed,Witness can be reached at 214-555-5169
 CC-51342 ,"brooks, f",F, 22 ,10/26/1987,6272 Scyene Rd,Beat 152,closed,cb: 214.555.8243
CC-89077,"jackson, n",F,39,03/31/2022,5201 Bonnie View Rd,Beat 246,OPN,Caller left callback 214.555.9749
cc-57360,"Collins, J",M,38,4/20/1985,1477 Bonnie View Rd,529,Closed,Caller left callback 214.555.8695; possibly linked to CC-47871
CC 89182,"wells, j",M,31,1989-04-03,1275 MARSALIS AVE,150,CLOSED,Witness can be reached at 214.555.4335
CC-53436,"Chavez, G",Male,44,2/11/1988,2390 Lake June Rd, 624 ,CLSD,Witness can be reached at 214-555-0087; possibly linked to CC-82195
CC-39338,"garner, g",F,33,1984-12-04,2746 GREENVILLE AVE,130,CLSD,cb: 214-555-7792
cc-65734,"Long, M",M,24,1994-08-27,7260 Royal Ln,625,CLOSED,"Tip line call, caller hung up"
CC 79536,"Bryant, W",F,19,"October 19, 2020",584 Elm St,612,OPEN,"Tip line call, caller hung up"
CC-60572,"MORALES, E",M,45,2018-11-04,8660 FAIR OAKS AVE,517,open,cb: (214) 555-6999
CC-69188,"REYES, N",M,27,"April 15, 2023",3002 Larkmoor Ln, 119 ,OPEN,"Anonymous tip, callback 214.555.1483, said they saw a dark sedan"
CC-38473,"SIMS, E",M,32,2024-03-01,9490 Greenville Ave,B-451
CC-75582,"Murphy, H",F,45,06/18/1986,863 Harry Hines Blvd,429,CLOSED,Caller left callback 214-555-6398
CC-60952,"  BAKER, V ", M,17,2007-02-05,6013 Kiest Blvd,B-550,CLOSED,"Neighbor reported shots, no name, no number"
 CC-19413 ,"HALL, P",m,31,3/1/1993,9232 ELM ST,521,CLOSED,Witness can be reached at 214-555-5103
CC-79934,"NAVARRO, H",M,26,1982-01-13,5667 LANCASTER RD,702,CLOSED,No callback number given
CC 69181,"WILLIAMS, A",M,31,2014-06-10,7761 ROYAL LN,215,closed,"Anonymous tip, callback 214-555-1312, said they saw a dark sedan"
CC-30329,"lewis, h",M,9,12/26/2015,5730 Elm St,409,OPN,possibly linked to CC-56079
CC-58401,"  RUIZ, M ",F,24,02/27/1982,4979 Scyene Rd,beat 651,OPEN,"Tip line call, caller hung up"
CC-95786,"GRANT, G",M,31,02/15/2011,6543 FERGUSON RD,B-202,closed,Witness can be reached at (214) 555-9513
CC-37637,"WARD, L",F,45,9/16/2004,5365 Jefferson Blvd,Beat 550,CLOSED,"Anonymous tip, callback 214-555-4223, said they saw a dark sedan"
CC82154,"  MCCOY, D ",M,25,02/02/1999,8111 Westmoreland Rd,526,OPEN,Caller left callback 214.555.0335; possibly linked to CC-36709
CC-50370,"nelson, n",U,31,2016-02-24,9733 LAKE JUNE RD,,CLOSED,"Walk-in tip, declined to give contact"
CC35755,"DELGADO, A",M,42,7/15/2001,4770 ELM ST, 410 ,CLOSED,cb: (214) 555-8792
CC-19431,"CALDWELL, E",M,41,7/10/1985,3088 Singleton Blvd,429, OPEN ,No callback number given
CC 19377,"NORRIS, J",M,36,06/23/1993,1306 Buckner Blvd,, OPEN ,
CC-57160,"PERRY, V",M,12,08/11/2012,2736 Ferguson Rd,B-157,OPN,cb: 214.555.2971
CC-67465,"STEWART, W",M,23,2024-10-31,8559 Westmoreland Rd,Beat 359,CLSD,Witness can be reached at 214.555.8752
,"SANDERS, L",m,8,1983-08-29,2014 MILITARY PKWY,553,Closed,"Walk-in tip, declined to give contact"
cc-35028,"GIBSON,  W", M,31,1987-11-21,9373 LANCASTER RD,303,CLOSED,"Walk-in tip, declined to give contact"
CC-89474,"Ellis, M",M,27,1993-08-24,1002 WEBB CHAPEL RD,457,CLOSED,"Tip line call, caller hung up"
CC-25172,"Hawkins, A",F,45,01/09/2021,1433 MILITARY PKWY,526,OPEN,No callback number given
CC-58779,"KING,  L",M,12,1997-05-02,2637 LANCASTER RD,754,CLSD,cb: 214.555.2065
CC40969,"richardson, f",M,11,1993-07-19,250 Westmoreland Rd,216,open,No callback number given
CC-28044,"martin, b",F,50,2019-01-05,4388 Bonnie View Rd,B-451,OPN,"Walk-in tip, declined to give contact"
CC-39055,"SANDERS, A",M,27,1996-11-06,3007 Larkmoor Ln,Beat 418,OPEN,cb: 214-555-8810
CC-98414,"DIXON, G",f,21,1998-06-24,7117 Greenville Ave,215,OPEN,Caller left callback 214.555.5894
CC-55674,"WOODS, M",M, 34 ,11/09/1995,3094 Greenville Ave, 315 ,CLEARED,Witness can be reached at 214-555-4059
CC-84862,"HOWARD, W",M, 24 ,10/13/2018,7490 Webb Chapel Rd, 651 , OPEN ,Witness can be reached at 214-555-3085; possibly linked to CC-83256
CC-26137,"thomas, m",M,32,1993-01-10,5114 Jefferson Blvd,beat 439,Closed,cb: (214) 555-5060
CC-87084,"  PEREZ, F ",M,11,2013-12-31,8111 Camp Wisdom Rd,303,CLOSED,"Neighbor reported shots, no name, no number"
 CC-71275 ,"  SULLIVAN, F ", M,39,2022-12-12,9933 Webb Chapel Rd,beat 153,CLOSED,"Neighbor reported shots, no name, no number"
CC-36882,"Porter, R",M,12,1998-12-31,2277 Lancaster Rd,631,CLOSED,possibly linked to CC-49662
CC-68217,"ROBINSON,  B",M,21,02/07/1998,5651 Marsalis Ave, 550 ,Closed,
CC-75360,"MILLER, W",M,50,2021-04-03,3164 Kiest Blvd,526,Open,cb: 214-555-5230; possibly linked to CC-73989
CC87366,"REED, B",M,49,"February 10, 2009",6681 Illinois Ave,651,closed,"Tip line call, caller hung up"
CC-26796,"  BROOKS, M ",M,39,10/31/2012,4063 Bonnie View Rd,550,OPEN,Caller left callback 214-555-3510
CC-24299,"WOODS, N",M,34,05/05/1985,7559 Singleton Blvd,501,closed,
CC-84502,"JENKINS, V",F,41,1998-08-03,8530 Ledbetter Dr,315,CLOSED,Witness can be reached at 214-555-1740; possibly linked to CC-68112
CC-58858,"EVANS, A",M,34,3/30/1985,3125 SCYENE RD,beat 152,CLOSED,
CC-35684,"ADAMS, W",M,17,2013-06-23,5046 Scyene Rd,326,OPEN,
cc-92910,"  MITCHELL, P ",M,18,07/11/1999,5125 Illinois Ave,133,closed,"Anonymous tip, callback 214.555.2268, said they saw a dark sedan"
CC-76182,"thompson, n",M,13,2015-09-19,699 Fair Oaks Ave, 526 ,OPEN,
CC-38111,"Thompson, S",M, 23 ,12/18/2017,5215 Royal Ln,Beat 651,OPEN,"Tip line call, caller hung up"
CC17746,"ALVAREZ, W",F,,2023-09-08,7448 Lake June Rd,B-219,CLOSED,
CC71292,"navarro, e",M,24,1991-12-01,6083 Singleton Blvd,B-505,CLOSED,Witness can be reached at 214-555-0055
CC-52644,"PATTERSON, A",MALE,49,2006-04-14,1980 Elm St,234,CLOSED,cb: (214) 555-9894; possibly linked to CC-21499
 CC-35550 ,"Henderson, K",U,4,1994-08-07,3849 FAIR OAKS AVE,130,OPEN,
CC-28831,"RIVERA, L",M, 39 ,2018-12-12,6445 Elm St,521,CLEARED,"Anonymous tip, callback 214-555-1559, said they saw a dark sedan"
 CC-16440 ,"PHILLIPS, H",M,N/A,"October 15, 2015",3290 Fair Oaks Ave,Beat 429,CLOSED,Witness can be reached at (214) 555-1042
CC-65510,"PERRY, E", M,25,1999-08-14,5879 Lake June Rd,Beat 429,OPEN,
CC 98440,"VARGAS, C",F,45,1988-05-03,3567 Jefferson Blvd,Beat 152,CLOSED,"Neighbor reported shots, no name, no number"
CC-45910,"CARTER, D",M,14,"July 1, 2011",6579 Elm St,Beat 133,Open,"Tip line call, caller hung up"
CC-58582,"PHILLIPS, H",M,17,2007-11-20,5454 Fair Oaks Ave,215,Closed,"Anonymous tip, callback 214.555.2816, said they saw a dark sedan"
CC-92394,"DELGADO, H",M,19,7/19/1993,3150 Marsalis Ave, 517 ,Open,cb: 214-555-6307; possibly linked to CC-79073
CC-43610,"howard, h",M,39,2001-05-05,5266 WEBB CHAPEL RD,beat 455,CLOSED,Witness can be reached at 214-555-8519
CC-88350,"OWENS, A",F,38,2007-12-10,912 Jefferson Blvd,beat 702,CLOSED,"Anonymous tip, callback 214.555.7344, said they saw a dark sedan"
CC-43264,"SANCHEZ, G",M,24,2006-08-04,1750 Lake June Rd,beat 625,OPEN,"Neighbor reported shots, no name, no number"
CC-50424,"WASHINGTON, E",M,45,12/19/2000,7148 Greenville Ave,612,Closed,Witness can be reached at (214) 555-6882; possibly linked to CC-57208
 CC-72164 ,"PATTERSON, A",M,34,2003-01-11,5926 Greenville Ave,,CLOSED,Witness can be reached at (214) 555-9226
CC-29360,"  MURPHY, B ",F,26,5/17/2007,6836 Ferguson Rd,beat 501,Open,No callback number given
 CC-31177 ,"  GOMEZ, C ",U,18,07/22/2000,2542 WESTMORELAND RD,,closed,"Anonymous tip, callback 214.555.4042, said they saw a dark sedan"
CC-28652,"trammell, d",F, 27 ,2010-08-16,1910 Military Pkwy,157,Open,
 CC-36434 ,"CASTILLO, S",F,34,09/25/2002,4086 Bonnie View Rd,153,CLEARED,
CC-86740,"GARNER, L",Male,39,02/18/2022,6919 Royal Ln,beat 724,Open,No callback number given
CC-67116,"Johnson, L",f,10,1986-03-18,9116 Singleton Blvd,326,CLEARED,"Walk-in tip, declined to give contact"
CC-78369,"VARGAS, C",M,0,12/20/1982,3172 Camp Wisdom Rd,beat 119,CLOSED,Caller left callback (214) 555-7911
CC-27440,"Turner, V",M,29,4/1/1996,6794 Lake June Rd,631,OPEN,cb: (214) 555-1480
CC-45914,"PARKER,  S",F,27,7/6/1991,2520 Elm St,354,Closed,cb: (214) 555-8322; possibly linked to CC-24093
CC-50008,"THOMPSON,  E",M,48,13/30/2005,8275 Jefferson Blvd,Beat 354,OPEN,No callback number given
CC-66101,"jenkins, n",M, 12 ,"May 18, 1986",6922 Webb Chapel Rd,241,OPEN,Caller left callback 214.555.1915
CC-95480,"MEDINA, J",M,40,2020-05-20,9408 Buckner Blvd,beat 553,CLOSED,"Anonymous tip, callback 214-555-5128, said they saw a dark sedan"
cc-22001,"howard, k",M, 35 ,1988-09-25,5860 Harry Hines Blvd,Beat 702,Closed,Caller left callback (214) 555-8511
CC-41601,"  LEWIS, A ",F, 40 ,"November 15, 2022",1194 ROYAL LN,505,Open,No callback number given
CC-79942,"SANDERS, A",M,18,05/26/1994,9467 Royal Ln,553,closed,cb: (214) 555-5789
CC 23061,"perry, w",M,47,2022-03-24,2516 Scyene Rd,315,CLOSED,
CC-43075,"GARCIA, G",M,19,2021-01-17,7166 Lake June Rd,B-326,CLOSED,Caller left callback (214) 555-7026
CC-70429,"EDWARDS, T",M,10,5/8/1992,7798 FERGUSON RD,234,CLOSED,"Neighbor reported shots, no name, no number"
CC-32511,"FIELDS, L",M,5,"June 28, 2020",3928 MARSALIS AVE,Beat 133,OPEN,
 CC-34301 ,"GIBSON, C",Male,43,2/23/1998,5150 Marsalis Ave,529,closed,"Anonymous tip, callback (214) 555-7520, said they saw a dark sedan"
CC-87450,"Fields, V",Male,unknown,1997-01-02,8490 Royal Ln,455,closed,No callback number given
CC 60825,"hall, p",M,29,1990-12-03,3698 Military Pkwy, 519 , OPEN ,"Anonymous tip, callback (214) 555-5950, said they saw a dark sedan"
 CC-65278 ,"  WILSON, R ",Male,12,12/21/2014,9042 Harry Hines Blvd,713,CLOSED,
CC 28622,"WRIGHT, K",m,23,10/23/2018,4553 GREENVILLE AVE,B-326,CLOSED,Witness can be reached at 214.555.1642
CC-81011,"FLORES, J",M,21,2005-09-11,2675 FAIR OAKS AVE,B-702,CLOSED,"Tip line call, caller hung up"
CC-46954,"price, f",M,33,10/20/1990,9841 LAKE JUNE RD,202,CLOSED,"Anonymous tip, callback 214.555.8408, said they saw a dark sedan; possibly linked to CC-77230"
CC-48070,"WHITE, E",Male,32,2023-05-09,7986 Larkmoor Ln,750, OPEN ,possibly linked to CC-73009
CC-74344,"RODRIGUEZ, V",F,23,10/27/2006,2788 Ledbetter Dr,Beat 754,OPN,possibly linked to CC-24356
CC-46515,"HARRIS, G",Male,45,1986-12-24,4829 Illinois Ave,beat 555,closed,"Anonymous tip, callback 214-555-9036, said they saw a dark sedan"
CC-84385,"PORTER, K",MALE,30,09/22/1998,5249 Royal Ln, 439 ,OPN,"Neighbor reported shots, no name, no number"
cc-69914,"MEDINA, L",M,54,2011-11-27,1880 CAMP WISDOM RD,451,Closed,possibly linked to CC-41122
CC-42184,"BOOKER, W",M,36,1996-06-10,413 WESTMORELAND RD, 328 ,CLOSED,"Anonymous tip, callback 214.555.5272, said they saw a dark sedan"
CC-14955,"GARCIA, J",M,29,1985-03-22,5982 Lake June Rd, 246 ,CLOSED,"Neighbor reported shots, no name, no number"
CC-39112,"PATTERSON, P",M,24,"March 21, 2013",5788 Larkmoor Ln,553,OPEN,possibly linked to CC-51462
CC-74323,"ROBINSON, E",F,41,04/02/2001,4394 Westmoreland Rd,624,OPEN,"Neighbor reported shots, no name, no number"
cc-15099,"RUIZ, A",MALE,33,1981-02-20,3243 Elm St,409,Open,
CC-83853,"MALONE, R",M,14,10/5/1988,8424 Bonnie View Rd,215,CLOSED,Caller left callback 214-555-9355
cc-25189,"OSEI, W",M,N/A,11/08/2023,6385 SCYENE RD,beat 412,CLOSED,cb: 214.555.5895
CC-74230,"WASHINGTON, A",M,15,1988-08-26,4294 GREENVILLE AVE,455,CLOSED,Witness can be reached at 214.555.7119
CC-11230,"COLLINS,  J",M,51,05/24/1999,2760 Marsalis Ave,beat 526,closed,Caller left callback (214) 555-1421
CC75338,"THOMPSON, H", M,44,08/29/1997,9013 Military Pkwy, 624 ,CLSD,cb: 214.555.0534; possibly linked to CC-73788
CC 84690,"DAVIS, G",M,28,10/10/1997,5433 Buckner Blvd, 519 ,Closed,"Anonymous tip, callback 214.555.5290, said they saw a dark sedan"
CC-35033,"MILLER, K",MALE,22,1990-08-04,3045 Bonnie View Rd,439,CLOSED,"Anonymous tip, callback 214-555-6396, said they saw a dark sedan"
CC-37631,"DOUGLAS, L",Female,1,2008-07-20,6960 FAIR OAKS AVE,Beat 152,CLOSED,Witness can be reached at (214) 555-6279
CC-44646,"PARKER, S",M, 25 ,"March 3, 1990",1124 Marsalis Ave,234,closed,"Neighbor reported shots, no name, no number"
CC-46534,"WATSON,  S",F,25,12/13/2018,4983 Webb Chapel Rd,153,Closed,"Anonymous tip, callback 214-555-7503, said they saw a dark sedan; possibly linked to CC-69131"
CC-14495,"FORD, R",M,35,08/16/1989,1518 Webb Chapel Rd,B-630,CLEARED,
CC-41447,"JORDAN, J",M,12,1988-02-16,1510 Kiest Blvd,234,CLEARED,
CC71520,"Coleman, A",F,56,2021-03-10,5742 Bonnie View Rd,B-519,OPEN,No callback number given
CC-20210,"GARCIA, F",Male,34,1987-02-10,9721 LANCASTER RD,241,CLOSED,possibly linked to CC-32746
CC-21250,"GOMEZ, T",F ,35,"January 17, 2004",6560 Illinois Ave,Beat 624,CLOSED,No callback number given
CC-46863,"  ELLIS, N ",M,30,1997-06-05,7790 Ferguson Rd,335,OPEN,"Anonymous tip, callback 214.555.8132, said they saw a dark sedan"
CC 52818,"PAYNE, A",M,39,01/08/1993,6907 Camp Wisdom Rd,418,Closed,cb: 214-555-3189
 CC-34190 ,"DAVIS, D",M,15,1996-12-07,1138 GREENVILLE AVE,430,OPEN,No callback number given
CC-18583,"Parker, J",M,36,N/A,1414 Marsalis Ave,beat 526,CLOSED,Caller left callback 214.555.2178
CC-72364,"SANCHEZ, S",F,42,"July 3, 1989",7746 Royal Ln,354,CLOSED,Witness can be reached at (214) 555-3108
cc-96584,"MCCOY, S",M,40,1993-11-08,5296 Ledbetter Dr,409,CLOSED,"Anonymous tip, callback 214.555.6170, said they saw a dark sedan; possibly linked to CC-27908"
CC95167,"OKAFOR, A",F,34,1990-03-28,8664 Camp Wisdom Rd,717,Closed,cb: 214.555.1414
CC-18945,"Spencer, S",m,28,1994-11-08,7478 WEBB CHAPEL RD,119,closed,"Anonymous tip, callback 214.555.7083, said they saw a dark sedan"
cc-53745,"WHITE, N",F ,44,"February 18, 1994",4063 Jefferson Blvd,630,CLEARED,
CC-14881,"FLORES, G",M,31,2006-02-10,1974 WEBB CHAPEL RD,631,OPEN,Witness can be reached at 214.555.6277
CC-53023,"BAKER, S",M,23,3/29/2018,3197 Kiest Blvd,219,Open,"Neighbor reported shots, no name, no number"
CC 39992,"OWENS, R",M,44,"September 18, 2003",3044 Buckner Blvd,B-651,CLOSED,Witness can be reached at (214) 555-3874
 CC-16905 ,"Lane, H",M,32,2008-03-19,7216 Harry Hines Blvd, 246 ,CLEARED,Witness can be reached at 214-555-8566
CC-69086,"VARGAS, V",MALE,9,9/4/1987,6693 Camp Wisdom Rd,Beat 215,CLOSED,"Anonymous tip, callback 214.555.9213, said they saw a dark sedan"
CC-91456,"YOUNG, V",M,18,"November 30, 1982",7698 Harry Hines Blvd,612,CLOSED,"Anonymous tip, callback 214-555-4311, said they saw a dark sedan"
cc-28466,"OSEI, L",M,27,6/17/1993,5786 Scyene Rd, 529 ,CLOSED,No callback number given
CC-19634,"  ORTIZ, K ",Female,48,2024-07-28,3338 MARSALIS AVE,501,Open,"Tip line call, caller hung up"
 CC-42545 ,"FUENTES, F",M,9,2015-08-09,6270 Westmoreland Rd, 420 ,OPEN,"Neighbor reported shots, no name, no number"
CC-13626,"WHITE, D",MALE,35,01/28/2019,3340 Ledbetter Dr,,CLEARED,
CC-37187,"PATTERSON, H",Male,41,2024-07-18,2396 Westmoreland Rd,354,OPEN,
CC-22296,"evans, w",Female,42,1991-10-10,3216 ILLINOIS AVE,550,OPEN,"Walk-in tip, declined to give contact"
CC-92734,"wallace, v",female, 35 ,1981-03-10,3027 Camp Wisdom Rd,629,closed,No callback number given
CC 27808,"NAVARRO, K", M,39,1/12/1997,7069 Greenville Ave,315,CLOSED,Caller left callback 214.555.6950
CC-91075,"GREEN, W",M, 14 ,1992-01-03,8689 Scyene Rd,beat 338, OPEN ,cb: (214) 555-5663; possibly linked to CC-43814
CC-59522,"Porter, E", M,17,2008-05-11,4753 Ferguson Rd,625,CLOSED,cb: 214-555-8597
CC77803,"Chavez, C",M, 27 ,1998-03-06,152 Westmoreland Rd,B-130,CLOSED,
CC-59604,"ROBINSON, T", M,30,1983-05-01,4435 Lake June Rd,beat 354,OPEN,possibly linked to CC-26692
CC-89752,"COLLINS, R",f,38,03/24/2031,5597 ROYAL LN, 241 ,open,possibly linked to CC-19783
CC-46478,"GUERRERO, F",M, 25 ,1991-05-01,7511 Greenville Ave,130,CLOSED,Caller left callback 214.555.6024
CC-29525,"TRAMMELL, C",M,21,1987-09-14,2977 Larkmoor Ln,553,Open,No callback number given
CC-69816,"RUIZ, G",M,28,2013-06-09,6961 JEFFERSON BLVD,713,OPEN,"Anonymous tip, callback 214-555-9768, said they saw a dark sedan"
CC22597,"Smith, G",M, 27 ,1994-12-25,4165 Lancaster Rd,241, OPEN ,
CC-78025,"James, H",Male,44,6/11/2002,1069 Camp Wisdom Rd,505,closed,"Anonymous tip, callback (214) 555-0191, said they saw a dark sedan"
CC 13661,"LOPEZ, P",M,-1,02/29/2016,7445 Bonnie View Rd,216,CLOSED,Caller left callback 214-555-4755
CC-23890,"  TATE, T ",M,7,2006-07-28,5915 Bonnie View Rd,152,CLOSED,Witness can be reached at 214.555.2963
CC-65388,"TURNER, K",M, 32 ,05/10/2011,8524 LARKMOOR LN,beat 410,Closed,Caller left callback 214.555.2889
CC-72619,"TUCKER, F",M,35,1981-12-29,6459 KIEST BLVD,beat 152,CLOSED,Caller left callback 214-555-6922
CC-98374,"  GREEN, B ",M,38,"September 13, 2023",3827 Military Pkwy,501,Open,"Anonymous tip, callback 214.555.3858, said they saw a dark sedan"
cc-25885,"GOMEZ, N",M,19,01/23/2018,2060 Buckner Blvd,624,CLSD,possibly linked to CC-87294
CC-96236,"SCOTT, J",F,33,"January 2, 1990",8577 Ledbetter Dr,Beat 519,CLEARED,"Anonymous tip, callback 214.555.4945, said they saw a dark sedan"
CC-52224,"FIELDS, W",F ,19,2012-07-32,8756 Greenville Ave,335,OPEN,
CC-96537,"HERRERA, S", M,13,07/05/1985,1853 BONNIE VIEW RD, 624 ,CLOSED,No callback number given
CC 15995,"Bell, N", M,29,2024-05-14,1630 Bonnie View Rd, 133 ,CLOSED,"Anonymous tip, callback (214) 555-1194, said they saw a dark sedan"
CC-13606,"RAMIREZ, D",F,28,06/10/1999,1810 Harry Hines Blvd,418,OPEN,Caller left callback 214-555-1668
CC-56473,"BRYANT, T", M,35,05/12/1986,3150 Lake June Rd,429,Closed,cb: 214.555.9474
CC-65093,"NAVARRO, E",M,23,"February 7, 2023",6250 Elm St, 215 ,CLOSED,"Neighbor reported shots, no name, no number"
CC-33312,"GREEN, K",M,27,2010-10-17,5016 SINGLETON BLVD,beat 529,OPEN,Witness can be reached at 214-555-1228
CC-43499,"CASTILLO, G",M,45,12/26/1995,7248 Illinois Ave,219,closed,
cc-65071,"WALKER, T",F,38,1985-12-11,6860 Elm St,418,CLOSED,"Anonymous tip, callback 214.555.3162, said they saw a dark sedan"
cc-91991,"CALDWELL, C",F,unknown,2014-02-17,4187 Jefferson Blvd,B-521,open,"Anonymous tip, callback 214-555-7013, said they saw a dark sedan; possibly linked to CC-11915"
CC-20502,"VARGAS, M",F,18,2013-06-26,6104 Kiest Blvd,beat 216,CLOSED,cb: (214) 555-1087
CC32829,"  JOHNSON, R ",F,32,07/15/2012,2005 ILLINOIS AVE,315,CLEARED,"Walk-in tip, declined to give contact"
CC-66623,"PORTER,  H",f,28,05/17/2001,1164 KIEST BLVD,Beat 629,Closed,"Neighbor reported shots, no name, no number"
CC-80058,"Navarro, R",f,47,"July 27, 1987",7226 LAKE JUNE RD,501,OPEN,
CC73503,"ROSS, P",Male,16,03/10/2016,8127 Lancaster Rd,328,closed,Witness can be reached at (214) 555-2845
CC-81866,"RODRIGUEZ, V",M,25,"October 22, 1982",6620 Lake June Rd,208,Closed,cb: 214.555.4805
CC-93545,"RAMIREZ, C",M,25,1985-03-31,7760 Larkmoor Ln,215,CLSD,Caller left callback 214.555.5795
CC-62345,"WILSON, S",m, 35 ,2016-08-13,6848 Webb Chapel Rd,208,OPN,Caller left callback (214) 555-5464
CC-50794,"Sullivan, M",F ,17,2008-11-02,8759 Buckner Blvd,410,Open,cb: 214-555-0183
CC-57800,"  GRAHAM, T ",Male,17,"April 13, 1986",8589 Royal Ln,B-246,CLOSED,possibly linked to CC-72423
cc-35494,"JORDAN,  M",M,32,2010-11-11,9848 LANCASTER RD,326,OPEN,"Tip line call, caller hung up"
CC-86086,"TATE, T",Male,15,2017-08-16,4033 Harry Hines Blvd,521,OPEN,Witness can be reached at 214-555-2126
CC-58751,"BOOKER, T",M,10,12/27/2016,5232 Buckner Blvd,412,CLOSED,"Walk-in tip, declined to give contact"
CC-30291,"CHAVEZ, M",M,43,06/25/1994,5207 Camp Wisdom Rd,651,CLOSED,possibly linked to CC-68976
CC-74594,"RAMIREZ,  N",M,16,1989-06-14,2228 Elm St,beat 247,CLOSED,cb: 214-555-3714
CC-49531,"CRUZ, L",M,39,2007-02-17,7226 LARKMOOR LN,451,closed,Caller left callback (214) 555-2805
CC-32521,"BELL,  C",F,44,"December 5, 1992",394 Harry Hines Blvd,B-216,Closed,"Anonymous tip, callback 214-555-2753, said they saw a dark sedan"
CC 54856,"BROOKS,  C",M,22,01/16/2014,529 Singleton Blvd,553,OPEN,Witness can be reached at (214) 555-2041
CC-36670,"EDWARDS, L",M,35,2002-09-20,1239 Royal Ln, 629 ,OPEN,No callback number given
CC-32417,"Long, M",F,27,02/12/2000,3426 Webb Chapel Rd,754,CLSD,possibly linked to CC-45410
cc-91560,"BANKS, A",M,45,2002-04-28,986 LARKMOOR LN,beat 713,CLOSED,cb: (214) 555-7157
CC71038,"ramos, t",F,30,"June 17, 1997",7755 Kiest Blvd,beat 152,OPEN,"Neighbor reported shots, no name, no number"
CC 43896,"SANCHEZ,  L",M,29,1994-02-32,5881 Military Pkwy, 119 ,OPEN,Witness can be reached at (214) 555-9616
CC-92113,"MCCOY, G",M, 46 ,12/13/2000,9585 Larkmoor Ln,beat 303,CLOSED,Caller left callback 214-555-4172
CC-80439,"reed, r",M,N/A,2014-10-11,9395 ILLINOIS AVE,612,CLOSED,"Anonymous tip, callback 214.555.0713, said they saw a dark sedan"
CC57496,"  RAMIREZ, J ",F ,40,"May 7, 1997",9645 FERGUSON RD,beat 410,OPEN,cb: 214.555.3843; possibly linked to CC-84478
CC57619,"FLORES, G",M,36,1994-03-13,8154 KIEST BLVD,242,closed,
 CC-51159 ,"PATTERSON, D",M,43,2006-12-06,6447 Larkmoor Ln,beat 153,OPEN,cb: (214) 555-0013
CC-94960,"BOOKER, T",M,28,1987-09-05,9138 Kiest Blvd,119,OPEN,"Walk-in tip, declined to give contact"
CC-796,"PAYNE, M",M,35,2022-04-13,7330 Ledbetter Dr,519,Closed,"Anonymous tip, callback (214) 555-6851, said they saw a dark sedan"
CC-76872,"nelson, w",F,44,2000-06-07,1840 Bonnie View Rd,beat 455,CLOSED,cb: 214-555-1833; possibly linked to CC-52289
CC 87234,"RODRIGUEZ, R",M,UNK,2025-11-05,4700 Military Pkwy,217,CLOSED,cb: 214-555-4909; possibly linked to CC-64599
CC35839,"STEWART, F",F,51,"December 23, 1993",5632 LANCASTER RD,B-631,CLOSED,Witness can be reached at 214.555.3466
CC-81783,"Williams, B",M,36,"June 23, 2011",7524 Singleton Blvd,529,CLOSED,No callback number given
CC-39856,"Lopez, V", M,33,"January 24, 2022",1881 Lake June Rd,B-629,Open,"Anonymous tip, callback (214) 555-3815, said they saw a dark sedan"
CC-40700,"HALL,  H",M,30,1987-03-02,4606 Buckner Blvd,beat 121,Closed,No callback number given
CC-35006,"ORTIZ, V",M,24,1990-11-14,6581 Buckner Blvd,119,Closed,"Anonymous tip, callback (214) 555-7146, said they saw a dark sedan"
CC-47252,"BRYANT, T",Female,21,1999-12-08,2636 Singleton Blvd,beat 354,CLOSED,"Anonymous tip, callback 214.555.3064, said they saw a dark sedan; possibly linked to CC-88595"
CC-31662,"COLEMAN, F",Male, 31 ,"July 9, 2005",2652 Jefferson Blvd, 631 ,CLOSED,possibly linked to CC-45070
CC-42860,"SMITH, H",M, 37 ,12/11/1992,2187 Jefferson Blvd,303,OPEN,possibly linked to CC-99871
CC-34048,"Carter, F",F,19,2011-06-21,362 Illinois Ave,Beat 631,OPEN,No callback number given
CC22223,"HALL, V",M,53,1981-05-01,3488 KIEST BLVD,Beat 439,open,Caller left callback 214-555-2124
CC-53863,"WEBB, T",M,50,2012-11-09,7101 Royal Ln,517,OPEN,
CC-52239,"Davis, C",m,34,1986-08-06,8042 LAKE JUNE RD,501,OPEN,
CC 70523,"GUERRERO, C",F,32,1997-06-05,4692 BUCKNER BLVD,153,CLSD,"Anonymous tip, callback 214.555.3028, said they saw a dark sedan; possibly linked to CC-70032"
CC-34656,"MOORE, S",M,19,1981-09-15,5247 Westmoreland Rd, 241 ,CLOSED,possibly linked to CC-48755
CC38372,"JAMES, K",Male,32,4/3/2008,3209 Jefferson Blvd,526,CLOSED,Caller left callback (214) 555-8559
CC-85003,"MORALES,  W",M,26,1996-01-24,551 Lancaster Rd,247,closed,"Neighbor reported shots, no name, no number"
CC-87614,"HAWKINS, N",M,26,2011-11-04,7685 Greenville Ave, 219 ,OPEN,possibly linked to CC-30025
 CC-34569 ,"  DAVIS, T ",M,29,"October 13, 2021",1278 Military Pkwy,,closed,possibly linked to CC-88596
CC-71611,"MARTINEZ, A",M,22,2008-01-17,2941 LARKMOOR LN,550,closed,
CC-56173,"HOWARD, K",F,53,1997-07-17,1591 WESTMORELAND RD,242,OPEN,"Neighbor reported shots, no name, no number"
CC-97511,"webb, l",M, 30 ,2012-07-31,7189 Marsalis Ave,Beat 429,OPN,Caller left callback (214) 555-6218
 CC-61949 ,"OSEI, B",F,43,1999-05-17,5134 Scyene Rd, 529 ,CLOSED,"Anonymous tip, callback 214.555.2061, said they saw a dark sedan"
CC-82773,"GRANT, W",M,30,2015-02-12,5842 Ferguson Rd, 335 ,OPN,possibly linked to CC-55519
CC-97457,"COLLINS, N",M,15,"February 4, 2014",8335 BUCKNER BLVD,beat 338,Open,"Walk-in tip, declined to give contact"
CC-26346,"PARKER, W",M,0,1997-04-01,5262 Webb Chapel Rd,beat 526,CLOSED,Caller left callback (214) 555-0996
CC-67391,"  LONG, J ",MALE,15,1995-06-05,4209 Royal Ln,629,Closed,No callback number given
CC-89226,"nelson, w",Male,33,10/3/2009,5140 Elm St,beat 359,OPN,
CC-51210,"HOLLAND, N",F, 21 ,"February 14, 1986",7226 Elm St,451,CLOSED,Caller left callback 214-555-2562
CC-53510,"ROSS, G",M,33,06/23/1993,5757 Jefferson Blvd,,CLOSED,No callback number given
 CC-45768 ,"nguyen, g",M,UNK,2006-10-27,423 Larkmoor Ln,beat 121,CLOSED,
 CC-88824 ,"rivera, g",M,38,6/22/2007,2934 Scyene Rd,315,Open,cb: 214.555.9668
CC-34350,"FOSTER, V",MALE,39,1985-02-11,3474 Jefferson Blvd,beat 326,OPEN,cb: 214-555-6417
CC40598,"smith, j",M,0,07/21/1994,4584 Westmoreland Rd,150,closed,cb: 214.555.7361
CC-20787,"PATTERSON, A",F ,11,1993-11-09,469 LANCASTER RD,B-439,closed,cb: 214-555-1874
cc-56399,"Marsh, V",F,37,2002-01-16,6867 MILITARY PKWY,256,Closed,"Walk-in tip, declined to give contact"
CC-68307,"reed, d",M,43,2020-11-06,954 Webb Chapel Rd,beat 713,CLEARED,"Walk-in tip, declined to give contact"
CC-52199,"norris, j",m,36,10/04/1990,853 Military Pkwy,651,CLSD,"Tip line call, caller hung up"
CC-23707,"  REYES, L ",M,22,2025-10-17,5029 Elm St,754,OPEN,"Walk-in tip, declined to give contact"
CC-26936,"edwards, v",M,28,2016-07-09,5598 Lancaster Rd,B-519,CLOSED,Caller left callback (214) 555-8747
CC73816,"FUENTES, T", M,19,2023-09-29,8390 Royal Ln, 631 ,OPEN,Witness can be reached at 214-555-0191
CC-10536,"MARSH, K",M, 24 ,"October 7, 2011",7471 Marsalis Ave,326,CLOSED,possibly linked to CC-45702
CC-67873,"adams, l",M,21,1991-04-05,9944 HARRY HINES BLVD,B-335,OPEN,
 CC-17188 ,"Stewart, A",MALE,26,2009-01-05,1063 Greenville Ave,326,CLOSED,
CC-22767,"REYES, D",M,28,03/24/2010,2160 Fair Oaks Ave,630,CLOSED,cb: 214-555-9275
CC 44987,"NELSON, S",F,36,2017-03-04,2150 LANCASTER RD,741,OPEN,Caller left callback 214-555-9871
CC-48935,"WILLIAMS, C",M,42,11/21/1993,6817 Lake June Rd,724,Closed,"Anonymous tip, callback (214) 555-5267, said they saw a dark sedan"
CC-28067,"OSEI, F",m,37,1994-01-03,4371 KIEST BLVD,526,CLOSED,Witness can be reached at 214.555.3355
CC-97518,"ORTIZ, A",M,54,04/20/2011,2932 Singleton Blvd,beat 256,OPEN,cb: 214.555.8446
CC-69265,"NGUYEN, H",M,31,1994-04-06,6221 Lake June Rd,328,CLOSED,Witness can be reached at 214.555.5159
CC-16247,"hayes, v",MALE,21,1996-11-16,2900 Bonnie View Rd,beat 630,OPEN,"Anonymous tip, callback (214) 555-6831, said they saw a dark sedan; possibly linked to CC-55774"
CC-35127,"harris, a",M,21,1986-05-31,8554 Marsalis Ave,338,CLOSED,
CC-42200,"espinoza, t",F,16,07/31/2002,8491 Elm St,439,CLOSED,possibly linked to CC-26889
cc-56656,"COLLINS, F",M, 58 ,"November 5, 1981",7356 Buckner Blvd,412,CLOSED,"Anonymous tip, callback 214.555.9215, said they saw a dark sedan"
CC91553,"sullivan, n",female,30,2014-05-02,8435 Singleton Blvd,553,,Caller left callback 214-555-5855
CC67193,"Morales, V",M,33,"December 19, 1995",9625 WESTMORELAND RD,410,CLOSED,"Walk-in tip, declined to give contact"
CC-17637,"RAMIREZ, T",M,17,06/02/2011,9162 Greenville Ave,beat 315,CLOSED,
CC-28965,"  HERRERA, E ",F,16,10/04/2001,6868 Ledbetter Dr,326,CLOSED,"Anonymous tip, callback (214) 555-2061, said they saw a dark sedan"
CC-65208,"WILSON,  M",M,30,1987-02-12,1989 Webb Chapel Rd,359,CLOSED,cb: 214-555-4879
CC-57623,"MOORE, P",M,UNK,2020-05-19,3621 Greenville Ave,B-651,OPEN,cb: 214.555.4420
CC-47617,"cruz, v",M,27,2002-03-24,2668 Bonnie View Rd,208,closed,
cc-10187,"FIELDS, M",M,46,1984-10-26,7885 MARSALIS AVE,315,CLSD,possibly linked to CC-99101
CC-13504,"Spencer, V",F, 24 ,"May 1, 2008",1005 Lancaster Rd,beat 241, OPEN ,"Anonymous tip, callback 214-555-1847, said they saw a dark sedan"
CC 45543,"CARTER, B", M,30,08/02/1996,4437 Illinois Ave,Beat 130,OPEN,Caller left callback 214-555-8001
CC-50744,"  NGUYEN, H ",M,12,05/21/2008,229 Westmoreland Rd,335,OPEN,"Anonymous tip, callback 214.555.1420, said they saw a dark sedan"
 CC-90706 ,"SANDERS, N",M,22,2014-07-21,8766 MARSALIS AVE,B-420,OPEN,
CC-72260,"PERRY, V",M,39,2008-01-14,446 FERGUSON RD,Beat 624,closed,Witness can be reached at 214-555-8393
CC-70842,"ELLIS, K",M, 37 ,"January 31, 2024",4217 GREENVILLE AVE,717,OPEN,Caller left callback 214-555-9053
CC-44123,"miller, p",f,13,1991-10-22,2212 Elm St,B-438,CLSD,
cc-51165,"banks, g",F,41,3/16/1987,732 Illinois Ave,338,OPEN,"Anonymous tip, callback (214) 555-2934, said they saw a dark sedan"
cc-13404,"  ESPINOZA, V ",m,41,"May 29, 1984",9910 Kiest Blvd,B-152,closed,
CC-46942,"COLLINS, F",M,22,2001-01-07,3595 Singleton Blvd,beat 438,CLOSED,possibly linked to CC-25508
CC-48798,"ROBINSON, L",M,44,08/05/1982,4215 Jefferson Blvd,152,CLOSED,"Walk-in tip, declined to give contact"
CC-45408,"Wells, E",M,48,2012-06-12,527 MILITARY PKWY,526,CLOSED,
CC-43293,"PHILLIPS, E",M, 43 ,11/30/2019,8745 JEFFERSON BLVD,418,OPEN,"Walk-in tip, declined to give contact"
CC-12326,"STEWART, J",MALE,39,"August 16, 2011",584 Webb Chapel Rd,455,Open,Witness can be reached at 214-555-7259
CC-44955,"williams, b",M,14,09/09/1986,9629 Bonnie View Rd,526,CLOSED,cb: (214) 555-6994
CC-88680,"WALKER, L",M,39,"July 26, 1990",9041 WEBB CHAPEL RD,234,CLOSED,Caller left callback 214-555-8416
CC-64108,"sims, l",F,36,09/12/1993,8719 FERGUSON RD,247,CLOSED,Witness can be reached at 214-555-6225
XX-19523,"WOODS, P",M,49,2000-11-19,8735 Illinois Ave,612,closed,cb: 214-555-4821
CC 56587,"MARTINEZ, T",M,28,"July 9, 2005",7593 Webb Chapel Rd,,OPEN,"Walk-in tip, declined to give contact"
cc-93372,"NELSON, W",M,57,"August 4, 1995",6611 WEBB CHAPEL RD,Beat 717,CLOSED,"Tip line call, caller hung up"
CC-12023,"FIELDS, P",M,27,"November 20, 2019",8010 Singleton Blvd,529,closed,"Anonymous tip, callback 214-555-8584, said they saw a dark sedan"
CC-18133,"HILL,  T",M,24,1988-05-30,6672 Ferguson Rd, 150 ,Closed,Witness can be reached at 214-555-1421; possibly linked to CC-46569
CC-93226,"LEWIS, S",Male,30,1993-03-12,4767 Webb Chapel Rd,412,CLOSED,
 CC-88293 ,"wells, g",M,34,"July 16, 1993",9320 Greenville Ave,217,CLOSED,cb: 214.555.2249; possibly linked to CC-69404
CC-82790,"murphy, c",M,40,1983-11-26,4135 SINGLETON BLVD,Beat 713,CLOSED,Witness can be reached at 214-555-5000
CC-47220,"Spencer, E",M,25,12/22/1984,651 Marsalis Ave,519,CLSD,Witness can be reached at (214) 555-0474
CC-41395,"hayes, n",F,41,1991-05-12,849 Scyene Rd,208,CLOSED,"Tip line call, caller hung up"
cc-79125,"ROSS, C",M,12,1/26/2009,2026 Marsalis Ave, 256 ,CLOSED,Witness can be reached at 214-555-1635; possibly linked to CC-82181
cc-26253,"  BROOKS, T ",M,28,1986-08-16,7282 Ledbetter Dr,624,CLOSED,"Tip line call, caller hung up"
CC-67432,"STEWART,  L",M, 57 ,2020-09-07,6406 MARSALIS AVE,153,??,
cc-11469,"LOPEZ, K",female,33,  ,2892 Illinois Ave,242,closed,"Tip line call, caller hung up"
CC-86317,"WALLACE,  D",F,45,2000-07-13,8681 Camp Wisdom Rd,beat 612,CLOSED,
CC-86421,"MOORE, S",Male,48,"June 27, 1993",9426 Buckner Blvd,256,OPN,Caller left callback (214) 555-5538
CC-59492,"MARSH, L",M,45,1999-03-09,8170 Kiest Blvd,beat 754,CLSD,"Anonymous tip, callback 214.555.2127, said they saw a dark sedan"
CC-66914,"RODRIGUEZ, K",M,47,2024-02-06,5694 Kiest Blvd,beat 418,OPEN,No callback number given
cc-60776,"SIMS, J", M,29,2013-05-06,5216 Lake June Rd,B-553,CLOSED,Caller left callback (214) 555-9355
CC-58567,"JOHNSON, B",F,42,1988-12-21,2465 LARKMOOR LN,241,closed,cb: 214-555-1726
CC32583,"  WALKER, E ",M,31,03/20/1992,3119 Lake June Rd,651,CLOSED,"Neighbor reported shots, no name, no number"
CC-67529,"BOOKER, D",F,40,04/03/2019,2119 Marsalis Ave,429,CLOSED,Witness can be reached at (214) 555-5808
CC-31317,"Woods, S",M,54,2024-10-11,8992 Singleton Blvd,517,OPN,"Neighbor reported shots, no name, no number"
CC 76500,"JORDAN, F",Male,53,"November 6, 2003",7636 Bonnie View Rd,328,CLOSED,cb: 214.555.7790; possibly linked to CC-72254
CC98649,"LOPEZ, C",M,48,8/5/1995,8780 Webb Chapel Rd, 354 ,CLOSED,"Anonymous tip, callback (214) 555-2979, said they saw a dark sedan"
CC-34863,"ellis, f",M, 17 ,2025-09-22,3140 Elm St,Beat 501,OPEN,"Tip line call, caller hung up"
CC-31926,"Spencer, N",M,7,1991-07-06,6307 Illinois Ave,202,CLSD,Caller left callback (214) 555-9720; possibly linked to CC-61396
CC-89553,"Garcia, P",f,23,1993-08-10,6447 Scyene Rd,216,CLOSED,"Walk-in tip, declined to give contact"
CC-58358,"PEREZ, K",M, 37 ,2017-10-20,116 Fair Oaks Ave,246,closed,"Tip line call, caller hung up"
CC-42043,"Wallace, H", M,5,2020-10-17,8405 Camp Wisdom Rd,121,OPEN,
CC-39133,"HALL, L",M,30,2003-01-09,1169 ROYAL LN,beat 359,CLOSED,"Anonymous tip, callback 214.555.3555, said they saw a dark sedan; possibly linked to CC-37596"
CC-94802,"  SMITH, V ",M,38,1998-07-29,503 FAIR OAKS AVE,152,OPN,
CC-33413,"CARTER, K",M,-1,1987-04-09,8729 Camp Wisdom Rd, 438 ,CLOSED,cb: (214) 555-5242; possibly linked to CC-41122
cc-75868,"GUERRERO, A",M,27,2011-12-27,501 Royal Ln,216,open,"Neighbor reported shots, no name, no number"
CC-50839,"NELSON,  F",MALE,21,2013-01-07,2262 Royal Ln,553,CLOSED,"Anonymous tip, callback (214) 555-5066, said they saw a dark sedan"
CC-71655,"bryant, t",F,19,1990-08-14,8764 Elm St,246,CLOSED,Caller left callback (214) 555-3159
 CC-36421 ,"WALLACE, B",M,34,1992-12-29,536 Jefferson Blvd,B-410,??,cb: (214) 555-3117; possibly linked to CC-89227
CC-28746,"VARGAS, M",m,49,2022-03-18,9249 Lake June Rd,328,CLOSED,
CC75250,"HAYES,  G",f,54,04/24/2003,5521 MARSALIS AVE,Beat 219,CLSD,cb: 214.555.4389
CC-44775,"EDWARDS, V",M,3,2023-01-30,5053 Harry Hines Blvd,409,CLOSED,Witness can be reached at (214) 555-6462
CC98920,"HAYES, B",M,23,2019-10-15,640 FERGUSON RD,412,closed,"Neighbor reported shots, no name, no number"
cc-51642,"  ORTIZ, T ",M,26,2023-03-20,5192 Fair Oaks Ave,247,OPEN,"Anonymous tip, callback (214) 555-6779, said they saw a dark sedan"
CC-31048,"  MALONE, T ",m,31,2018-05-25,9005 Jefferson Blvd,beat 717,open,Caller left callback (214) 555-1755
CC73723,"baker, p",m, 29 ,1994-09-02,2582 Westmoreland Rd,beat 328,CLOSED,No callback number given
CC-64475,"RUIZ, B",MALE,32,"Smarch 31, 1988",8310 Royal Ln,519,Closed,No callback number given
CC-48222,"vargas, l",MALE,39,1995-08-14,8824 FERGUSON RD,beat 315,Open,No callback number given
cc-46290,"BROOKS, M",M,47,03/07/2007,6279 HARRY HINES BLVD,256,OPEN,Caller left callback (214) 555-2939
CC-97460,"  JAMES, G ",m,31,2011-12-18,4109 Marsalis Ave, 418 ,OPEN,
CC-54668,"douglas, s",M,38,2016-09-01,9805 Bonnie View Rd,519,OPEN,possibly linked to CC-93719
CC-59156,"Woods, A",M,38,1991-04-14,8911 LEDBETTER DR,Beat 717,CLOSED,possibly linked to CC-69482
CC-59055,"MARTIN, V",M,37,"August 8, 1987",2976 Ferguson Rd,754,Closed,"Anonymous tip, callback 214.555.5027, said they saw a dark sedan"
CC-46947,"FLORES, F",M,32,N/A,1246 Larkmoor Ln,713,CLOSED,cb: 214.555.5481
CC 21886,"RODRIGUEZ, M",M,37,1991-06-19,7340 Lancaster Rd,612,OPEN,"Anonymous tip, callback 214-555-3303, said they saw a dark sedan"
CC-50006,"ORTIZ, K",F,34,2016-12-07,8751 Military Pkwy,Beat 624,CLOSED,
CC-34990,"HERRERA, D",F ,42,1987-05-29,1493 MILITARY PKWY,438,CLSD,"Walk-in tip, declined to give contact"
CC-90464,"Booker, W",M, 35 ,2014-04-22,2187 WESTMORELAND RD,624,OPEN,No callback number given
CC-72583,"  BOOKER, H ",M, 45 ,1991-04-21
cc-42623,"  HARRIS, F ",MALE,18,"October 18, 1997",3239 Harry Hines Blvd,B-553,CLOSED,No callback number given
CC-76797,"graham, j",F,4,1992-04-10,1976 Scyene Rd,beat 624,CLOSED,cb: 214-555-3832; possibly linked to CC-79270
CC-16404,"Walker, N",Male,28,"December 9, 1990",7923 HARRY HINES BLVD,455,CLSD,cb: 214.555.2691
CC 49601,"Lopez, L",M,25,11/24/2022,4101 Larkmoor Ln,529
CC-33864,"Torres, S", M,9,1990-05-26,6211 Westmoreland Rd,Beat 631,Closed,Caller left callback 214.555.0280
cc-55301,"  RODRIGUEZ, H ",M,41,2021-09-17,869 Royal Ln,624,OPEN,Witness can be reached at 214-555-4918
CC-31395,"Herrera, F",M, 45 ,10/05/1999,9601 LEDBETTER DR,420,OPEN,Witness can be reached at (214) 555-5897
CC-36331,"BROOKS, N",M,37,10/17/2023,9165 Kiest Blvd,241,CLOSED,
CC-92075,"JENKINS, H", M,50,1997-10-13,3567 ILLINOIS AVE,Beat 713,CLOSED,"Anonymous tip, callback 214-555-6255, said they saw a dark sedan"
CC 66678,"hill, v", M,56,2015-10-23,2396 Buckner Blvd,217,CLOSED,No callback number given
 CC-23912 ,"RODRIGUEZ, G",M,36,1998-06-05,3962 ELM ST
CC91193,"LOPEZ, A",female,46,"May 16, 1991",3866 Kiest Blvd,410,CLEARED,possibly linked to CC-60773
 CC-21975 ,"SCOTT, T",M,9,03/07/1997,2824 Kiest Blvd,133,CLOSED,Witness can be reached at (214) 555-2875
 CC-91836 ,"WILSON, H",m,57,1993-08-21,1653 Military Pkwy,beat 457,Open,No callback number given
CC-89750,"ALVAREZ, M",F,39,1989-05-24,2258 Scyene Rd,553,CLOSED,cb: 214-555-0663; possibly linked to CC-36501
 CC-42780 ,"Rodriguez, D",m,24,2025-06-30,6237 Westmoreland Rd, 410 ,CLOSED,"Tip line call, caller hung up"
CC-44901,"Smith, B",M,42,7/28/2008,2254 Illinois Ave, 631 ,OPEN,Caller left callback 214-555-7836
CC-73503,"Ross, P",M,16,03/10/2016,8127 Lancaster Rd,328,CLOSED,Caller left callback (214) 555-2845
CC-94632,"Rodriguez, H",M, 27 ,01/29/2004,5926 ILLINOIS AVE,beat 717,CLOSED,
CC-46119,"Mitchell, F",MALE,29,2018-12-30,5246 Kiest Blvd,651,OPEN,"Walk-in tip, declined to give contact"
 CC-66366 ,"ELLIS, D",M,42,01/18/2024,9481 Kiest Blvd,152,OPEN,No callback number given
CC-10162,"Sanchez, J",M,33,2011-06-29,1525 Larkmoor Ln,,OPN,"Walk-in tip, declined to give contact"
CC 76693,"RUIZ, L",M,17,3/18/2003,2424 Buckner Blvd,517,OPN,cb: (214) 555-4507
 CC-71911 ,"NORRIS, E",M,30,"September 26, 1993",8438 LEDBETTER DR,420,Closed,possibly linked to CC-48869
CC-71345,"ADAMS, N",Female,16,1992-07-18,3888 Fair Oaks Ave,630,OPEN,"Walk-in tip, declined to give contact"
CC-84583,"FLORES, J",Male,10,1992-11-19,4756 Buckner Blvd,750,CLOSED,
cc-60789,"Ramirez, F",Male,22,1995-01-02,9307 SCYENE RD,Beat 130,Closed,"Anonymous tip, callback (214) 555-1715, said they saw a dark sedan"
CC-24105,"THOMPSON,  W",F,35,11/17/1986,6577 Elm St,B-625,open,Witness can be reached at 214-555-3303
CC-20680,"  TATE, J ",F, 26 ,9/26/2021,4835 WESTMORELAND RD,529,CLOSED,Witness can be reached at 214.555.8335
 CC-45706 ,"MALONE,  T",M,2,1990-07-03,5015 BONNIE VIEW RD,beat 130,closed,cb: (214) 555-4139
CC-78042,"HOWARD, T", M,32,1997-09-24,3416 Camp Wisdom Rd, 519 ,Closed,"Walk-in tip, declined to give contact"
 CC-25820 ,"jenkins, s",M,26,1992-09-08,9340 LANCASTER RD,335, OPEN ,"Anonymous tip, callback (214) 555-8270, said they saw a dark sedan; possibly linked to CC-34242"
CC-59971,"OWENS, N",M,29,1987-10-16,7949 Royal Ln,521,CLOSED,"Anonymous tip, callback 214-555-3075, said they saw a dark sedan"
CC-60457,"Williams, H",M,56,"March 8, 2005",1214 Lancaster Rd,beat 338,open,"Neighbor reported shots, no name, no number"
CC-51337,"WILLIAMS, H",F,23,2017-10-10,6482 ROYAL LN,133,Closed,"Walk-in tip, declined to give contact"
cc-52498,"HALL, F",Male,unknown,1993-06-27,7947 SCYENE RD,517,CLSD,cb: 214-555-4138
CC 97987,"FORD,  L",M, 19 ,1991-04-30,1004 GREENVILLE AVE,702,??,cb: 214.555.1445
CC-52185,"Harris, V",M,31,2004-11-16,7633 Lancaster Rd,B-410,Closed,possibly linked to CC-57038
CC-24031,"JOHNSON, A",M,37,1991-04-18,1695 Westmoreland Rd,256,open,
CC-48808,"EVANS, D",M,9,2017-06-24,8939 Military Pkwy,beat 519,OPN,cb: 214.555.4578
CC-42146,"PAYNE, M",MALE, 52 ,3/16/2023,130 GREENVILLE AVE,Beat 219,CLOSED,No callback number given
CC-14076,"LOPEZ, V",M,45,02/08/1997,2146 Camp Wisdom Rd,217,CLOSED,possibly linked to CC-65737
CC-99802,"WRIGHT, S",F,27,1983-03-21,5597 ROYAL LN,133,OPEN,Witness can be reached at (214) 555-3298
CC-49042,"Ellis, V",M,28,1997-05-14,8075 Singleton Blvd,beat 702,,
CC-39743,"NAVARRO, C",M, 39 ,11/9/1997,9962 Webb Chapel Rd,410,CLOSED,Caller left callback 214.555.2955
cc-13106,"hayes, e",M,?,"October 8, 2001",4152 Buckner Blvd,beat 630,CLOSED,Caller left callback 214-555-9621
CC81631,"STEWART, W",F,37,12/20/2008,4193 MILITARY PKWY,315,OPEN,"Tip line call, caller hung up"
CC-85098,"HARRIS, K",F,15,11/18/1990,9095 Buckner Blvd,410,OPEN,"Anonymous tip, callback 214-555-6513, said they saw a dark sedan"
CC-96583,"CALDWELL, R",M,6,1987-05-13,7098 BONNIE VIEW RD,152,open,"Walk-in tip, declined to give contact"
cc-39026,"SANCHEZ, A",M,36,1994-05-25,7351 Harry Hines Blvd,202,CLOSED,
cc-21388,"NAVARRO, E",Male,26,1995-11-04,6015 ILLINOIS AVE,157,OPN,
CC-99297,"WARD, G",M,5,12/18/1996,9881 Singleton Blvd,624,CLOSED,cb: 214.555.9285
CC26467,"HENDERSON, H",MALE,3,2017-04-17,3237 Ledbetter Dr,612,CLOSED,Witness can be reached at (214) 555-3282
CC-30688,"Brooks, L",M,34,08/22/2007,8049 Elm St, 326 ,OPEN,possibly linked to CC-95786
CC47210,"Espinoza, K",M,25,1991-04-27,3068 Military Pkwy,208,CLOSED,"Anonymous tip, callback 214.555.2159, said they saw a dark sedan"
CC-95647,"TATE, D",M,35,1994-09-25,7610 HARRY HINES BLVD,Beat 202,OPEN,"Tip line call, caller hung up"
CC 38386,"GREEN,  M",F,32,1994-01-06,3365 MARSALIS AVE,202,Closed,No callback number given
CC-72329,"  JOHNSON, B ",M, 63 ,2013-04-26,1651 Buckner Blvd,335,OPN,"Walk-in tip, declined to give contact"
CC17333,"  WARD, R ",M,42,1983-12-14,5773 Jefferson Blvd,beat 133,CLOSED,Caller left callback 214.555.5246
CC-78665,"MURPHY, V",M,36,1983-12-02,5521 LANCASTER RD,409,Closed,"Anonymous tip, callback 214-555-6442, said they saw a dark sedan"
CC-56979,"Hill, C",F,55,05/31/2008,5299 Greenville Ave,B-409,closed,Witness can be reached at 214-555-6510
CC-88495,"WEBB, H",M,47,1981-04-21,3633 Webb Chapel Rd,B-328,Closed,"Anonymous tip, callback 214-555-1955, said they saw a dark sedan"
CC23839,"Sanders, M",M,28,1994-06-29,2475 Camp Wisdom Rd,B-234,OPEN,"Anonymous tip, callback 214.555.6387, said they saw a dark sedan"
CC-68731,"MARTIN, E",M,28,"March 7, 1999",7431 LAKE JUNE RD,beat 553,CLEARED,Caller left callback 214.555.3171
CC 69929,"SMITH, B",Male,20,1985-07-19,9955 Singleton Blvd,438,CLOSED,cb: 214-555-2836; possibly linked to CC-61619
CC-48871,"YOUNG, F",M,38,03/11/1987,8199 Larkmoor Ln,631,CLOSED,"Neighbor reported shots, no name, no number"
cc-63054,"RAMIREZ, T",m, 17 ,1992-12-03,4718 JEFFERSON BLVD,beat 217,CLOSED,"Neighbor reported shots, no name, no number"
CC-94275,"Murphy, S",U,22,1987-08-28,7171 Buckner Blvd,457,closed,Witness can be reached at 214-555-4716
CC 95206,"ROSS, G",M,,05/16/1995,1987 Larkmoor Ln,B-215,CLEARED,"Tip line call, caller hung up"
CC-20464,"MCCOY,  G",Female,20,"August 4, 2019",8547 Fair Oaks Ave,beat 326,CLOSED,Witness can be reached at (214) 555-3079
CC-28149,"pruitt, h",F,32,1994-12-14,3553 LEDBETTER DR, 152 ,CLOSED,"Neighbor reported shots, no name, no number"
CC-65240,"reyes, a",M,43,"July 14, 1981",9360 Jefferson Blvd,B-555,CLEARED,"Tip line call, caller hung up"
CC-71883,"JORDAN, V", M,23,1995-09-11,2391 Lancaster Rd,217,CLOSED,Caller left callback (214) 555-2641; possibly linked to CC-18112
 CC-16793 ,"THOMPSON, V",F,31,2012-05-30,8414 Military Pkwy,501,open,cb: (214) 555-6970
CC-12927,"HAYES, L",Male,23,2025-05-24,1600 Singleton Blvd,702,CLEARED,No callback number given
cc-27813,"robinson, g",M,36,1992-07-04,3552 Scyene Rd,555,OPEN,"Tip line call, caller hung up"
CC-58149,"ORTIZ, S",MALE,23,2024-03-17,9113 Military Pkwy,Beat 335,OPEN,"Neighbor reported shots, no name, no number"
CC60124,"spencer, p",M,32,02/07/1989,8680 MARSALIS AVE,Beat 754,open,possibly linked to CC-10256
CC46639,"Malone, S",M,10,2010-07-28,8968 Kiest Blvd,beat 651,CLOSED,
CC-35606,"Perry, C",M,43,N/A,4349 Military Pkwy,130,Closed,Caller left callback 214.555.6637
 CC-41926 ,"Mendoza, D",F,30,09/30/2014,6925 ILLINOIS AVE,625,Closed,
CC-52159,"WELLS, A", M,45,11/16/2023,9512 Illinois Ave,beat 412,CLOSED,Caller left callback (214) 555-6930
cc-14491,"WALLACE, P",M,33,08/16/1996,315 Military Pkwy,215,CLOSED,"Walk-in tip, declined to give contact"
CC-17013,"NAVARRO, T",M,19,1993-09-05,1767 Westmoreland Rd,418,Closed,"Anonymous tip, callback (214) 555-2852, said they saw a dark sedan"
CC46202,"HILL,  S",M,39,"May 26, 1991",1723 Scyene Rd,150,CLOSED,cb: 214-555-5868
CC-25496,"  PAYNE, S ",M, 30 ,"March 7, 2017",6949 Bonnie View Rd,119, OPEN ,possibly linked to CC-71111
cc-95583,"  FOSTER, C ",MALE,24,2004-11-02,8152 Military Pkwy,,CLSD,Caller left callback 214-555-7599
CC-51677,"  JAMES, S ",M, 30 ,10/20/1990,5905 JEFFERSON BLVD, 612 ,CLOSED,
CC-77304,"Price, B",F ,16,1991-09-21,8471 BUCKNER BLVD,Beat 335,Open,"Anonymous tip, callback 214-555-7848, said they saw a dark sedan"
CC 39276,"Jackson, M",M,24,2/10/1996,590 Lake June Rd,625,OPEN,
CC-35056,"  THOMAS, N ",M, 13 ,2016-02-25,5816 Camp Wisdom Rd,553,OPEN,"Anonymous tip, callback (214) 555-0453, said they saw a dark sedan; possibly linked to CC-82305"
 CC-28802 ,"PATTERSON, E",F,9,1990-08-19,1218 Jefferson Blvd,beat 526,CLOSED,"Anonymous tip, callback 214.555.9975, said they saw a dark sedan"
CC-67883,"KING, G",M,N/A,1984-07-05,555 Harry Hines Blvd,750,closed,Witness can be reached at 214.555.4004; possibly linked to CC-69169
CC-17559,"GREEN, B",M,29,06/06/2024,5381 Illinois Ave,beat 338,Open,"Neighbor reported shots, no name, no number"
CC59821,"YOUNG, G",U,13,11/15/2016,3204 Elm St,717,Closed,Witness can be reached at 214.555.9977
CC-74860,"Malone, K",M,23,1995-07-23,5762 Marsalis Ave,702,OPEN,Caller left callback 214.555.1616; possibly linked to CC-83192
 CC-24424 ,"WALLACE, G",M,34,2009-03-10,9509 WEBB CHAPEL RD,451,CLOSED,cb: 214.555.6201
cc-56722,"Robinson, B",M,37,1994-03-13
cc-50926,"  OSEI, P ",M,22,1988-09-15,5737 Buckner Blvd,326,CLOSED,cb: 214-555-4729
CC-65283,"ORTIZ, K",M,11,"November 21, 1989",5281 Marsalis Ave,B-717,Closed,"Neighbor reported shots, no name, no number"
CC-54158,"Malone, T",MALE,19,2017-12-13,8089 Camp Wisdom Rd,208, OPEN ,Caller left callback 214.555.8427
cc-40581,"Perez, V",M,36,8/15/2019,9487 Marsalis Ave,702,open,Witness can be reached at (214) 555-7067
CC-85827,"BAKER, M",M,N/A,1992-11-30,6269 Elm St,412,OPEN,cb: (214) 555-9937
CC-10256,"HOWARD, B",m,43,2024-03-16,1009 Lake June Rd,550, OPEN ,Witness can be reached at (214) 555-5265
cc-10313,"JAMES, R",M,28,"October 29, 2015",9663 Singleton Blvd,B-439,CLSD,Witness can be reached at (214) 555-6149
cc-40187,"WELLS,  V",M,34,10/11/2020,5606 Royal Ln,505,OPEN,cb: 214.555.6360
 CC-72068 ,"bell, f",M,32,2023-03-11,9326 Webb Chapel Rd,beat 150,Open,No callback number given
CC-51642,"Ortiz, T",M,26,2023-03-20,5192 Fair Oaks Ave,247,OPN,Witness can be reached at 214.555.6779
CC-29953,"GIBSON, V",m,-1,"April 27, 1999",1621 Lake June Rd,B-335,open,"Tip line call, caller hung up"
CC-13057,"White, C",M,6,2000-02-21,3465 Buckner Blvd, 517 ,OPEN,"Neighbor reported shots, no name, no number"
CC-66822,"SANCHEZ, V",M,25,1991-10-18,5011 KIEST BLVD,B-438,CLOSED,Witness can be reached at (214) 555-9283
CC-40617,"GARCIA, E",M,43,1995-06-25,1297 Singleton Blvd,B-412,CLOSED,Caller left callback 214.555.0056
CC-32120,"Coleman, K",M, 37 ,04/02/2022,8365 Marsalis Ave,Beat 651,OPEN,
cc-46016,"PERRY, S",M,57,11/19/2012,7073 Lake June Rd,750,CLOSED,"Anonymous tip, callback (214) 555-3429, said they saw a dark sedan"
CC-40393,"nguyen, e",M,31,3/28/2023,7814 FERGUSON RD,Beat 724,Closed,"Walk-in tip, declined to give contact"
CC-72753,"BELL, J",M,13,2002-11-03,8334 SCYENE RD,B-612,closed,Caller left callback 214.555.0324
CC-74506,"KING, N",Male,30,"August 11, 1984",341 KIEST BLVD,409,CLOSED,No callback number given
CC-59465,"BANKS, P",M,26,"June 25, 1992",1705 Elm St,724,Open,possibly linked to CC-23957
CC-11985,"Graham, S",F,999,1985-03-02,4120 Illinois Ave,519,OPN,Caller left callback 214.555.9803
CC-72057,"COLEMAN, S",M,19,1997-02-02,6495 Scyene Rd,,CLOSED,"Walk-in tip, declined to give contact"
cc-69166,"DELGADO, C",female,48,1987-12-09,4870 Kiest Blvd,219,CLOSED,cb: (214) 555-6424
CC-90100,"WILSON, G",Female,38,2003-06-20,7989 Larkmoor Ln,,closed,Caller left callback (214) 555-1617
CC-59196,"  TRAMMELL, R ", M,29,1997-07-02,8478 LAKE JUNE RD,,CLEARED,
 CC-41287 ,"RODRIGUEZ, M",M,22,1/3/2018,6560 MARSALIS AVE,B-754,OPEN,"Neighbor reported shots, no name, no number"
CC-85386,"Jenkins, S",M,21,1984-07-05,6411 Illinois Ave,beat 451,OPEN,
CC-46565,"HARRIS, H",female,11,2022-09-07,2658 Harry Hines Blvd, 526 ,OPEN,possibly linked to CC-25190
CC-13859,"OWENS, H",M,,05/05/2000,6851 Webb Chapel Rd,Beat 625,CLOSED,"Tip line call, caller hung up"
 CC-26972 ,"ELLIS, C",M, 30 ,8/9/1990
 CC-52967 ,"DELGADO, A",F ,21,2019-08-15,5708 Lancaster Rd,beat 529,OPEN,No callback number given
cc-55139,"ELLIS, J",M,15,04/12/2016,8537 Kiest Blvd,517,OPEN,Caller left callback (214) 555-7513
CC-56985,"SMITH, G",M,25,3/13/2019,1945 CAMP WISDOM RD,,OPEN,"Tip line call, caller hung up"
 CC-23910 ,"Payne, H",M,12,2022-05-04,6775 Singleton Blvd,B-438,CLOSED,Witness can be reached at (214) 555-0401
CC 91539,"Scott, S",M,21,1991-12-19,1344 LANCASTER RD,,OPEN,Witness can be reached at 214.555.0032
CC32010,"HUGHES, L",M, 26 ,2027-05-19,8031 Kiest Blvd,beat 451,closed,Witness can be reached at (214) 555-8914
CC-52426,"JORDAN, R",F,38,10/30/1990,2566 Scyene Rd,152,open,No callback number given
CC 57864,"CASTILLO, T",f,37,"July 28, 1989",7284 Scyene Rd,beat 625,OPEN,"Neighbor reported shots, no name, no number"
 CC-58103 ,"MCCOY, G",M,999,2017-03-27,4507 Ledbetter Dr,B-750,closed,
CC-55857,"  NORRIS, V ",m, 49 ,6/16/2017,3043 CAMP WISDOM RD,612,OPEN,"Walk-in tip, declined to give contact"
CC-94803,"Ramos, B",M,36,1983-04-02,1578 Ferguson Rd,439,OPEN,"Tip line call, caller hung up"
CC-10698,"Guerrero, A",m,33,"January 7, 2000",1922 Scyene Rd,754,Closed,Caller left callback (214) 555-3237
CC-63641,"PRICE, E",MALE,25,06/17/2010,3653 Illinois Ave,631,CLOSED,Caller left callback (214) 555-9668
 CC-35931 ,"SMITH, P",MALE,6,1987-03-30,8374 Lancaster Rd,430,Closed,"Anonymous tip, callback 214.555.7340, said they saw a dark sedan"
cc-36648,"hall, l",M,26,"May 13, 2005",7711 WESTMORELAND RD,beat 457,open,"Walk-in tip, declined to give contact"
CC-87294,"HAYES, A",M, 43 ,1991-02-23,874 Bonnie View Rd,153,CLOSED,No callback number given
CC-89300,"PHILLIPS, V",M,33,2010-08-13,3088 Scyene Rd,553,CLOSED,No callback number given
CC 25862,"Miller, W",M,41,2025-11-19,9201 Bonnie View Rd,B-338,OPEN,possibly linked to CC-85355
CC-92748,"Lane, L",F,51,1986-01-24,939 Fair Oaks Ave,beat 439,Closed,
CC-83784,"COLEMAN, P",M,38,01/30/2016,9722 Singleton Blvd,335,CLOSED,Caller left callback 214.555.2107
 CC-47871 ,"CARTER, D", M,32,2005-09-14,7835 WESTMORELAND RD,B-529,CLOSED,No callback number given
CC-68680,"BRYANT, L",M,41,2013-01-17,9533 Royal Ln,246,Open,"Neighbor reported shots, no name, no number"
CC-33473,"sanders, b",M,30,1997-06-28,5379 Fair Oaks Ave,418,CLOSED,Witness can be reached at 214.555.5922
CC-77884,"  LANE, N ",M,16,"July 4, 1999",9136 Royal Ln, 215 ,CLOSED,Caller left callback 214-555-8413
CC-94333,"HARRIS,  V",m,21,5/1/2006,1670 Kiest Blvd,Beat 152,CLOSED,Witness can be reached at 214.555.1784

CC-33284,"GRAHAM, T",M,26,N/A,2828 Larkmoor Ln,354,CLOSED,"Tip line call, caller hung up"
CC-98163,"nelson, b",M,31,1985-06-16,633 BONNIE VIEW RD,beat 612,CLOSED,"Anonymous tip, callback 214.555.7645, said they saw a dark sedan"
CC-75188,"navarro, g",F,31,2025-03-08,6790 Singleton Blvd,beat 429,OPEN,No callback number given
CC-98513,"MOORE, E",M,27,2024-10-29,9501 Fair Oaks Ave, 724 ,CLOSED,Witness can be reached at 214-555-8331
 CC-93380 ,"WOODS,  B",M,9,08/14/2007,1977 Ferguson Rd,217,Open,Caller left callback 214.555.0739; possibly linked to CC-74773
CC-70375,"FUENTES,  H",F,44,"September 22, 2011",3250 Military Pkwy,119,OPEN,
CC-82423,"Thomas, L",M,35,"April 23, 1987",1402 ROYAL LN, 717 ,CLEARED,"Anonymous tip, callback 214.555.0406, said they saw a dark sedan"
CC-25195,"PORTER, C",M,62,1984-03-17,9340 Military Pkwy,420,CLOSED,Witness can be reached at 214-555-3951
CC-13184,"GOMEZ, L",F,25,1992-10-27,5804 Illinois Ave, 553 ,Open,Witness can be reached at 214.555.7584
,"WALKER, R",F,27,2025-06-04,982 Elm St,,OPEN,
CC-60310,"STEWART, N",M,8,"August 29, 2005",5934 Lancaster Rd, 234 ,CLOSED,cb: 214-555-6408
cc-87166,"Jenkins, P",M,43,"January 10, 2022",7534 Lake June Rd,741
CC-23342,"FOSTER, L",M,6,2/25/1999,5871 Jefferson Blvd,Beat 410,CLOSED,Caller left callback 214-555-2344
 CC-83900 ,"Marsh, J",F,44,2021-10-18,8022 Webb Chapel Rd,beat 624,closed,Caller left callback (214) 555-5916
CC-46330,"MCCOY, E",M,21,1982-08-19,7930 Kiest Blvd,430,CLOSED,"Walk-in tip, declined to give contact"
CC-69543,"PHILLIPS, J",M, 17 ,1998-05-21,3909 Ferguson Rd,713,CLOSED,"Walk-in tip, declined to give contact"
CC-49229,"  MARTINEZ, G ",MALE, 32 ,7/24/2021,9890 SINGLETON BLVD,Beat 119,Closed,Witness can be reached at 214.555.2734
cc-95864,"pruitt, t",Male,N/A,1991-08-20,951 Jefferson Blvd,326,Closed,"Anonymous tip, callback 214-555-3732, said they saw a dark sedan"
CC-83553,"Hayes, L",M,14,"October 31, 2021",2825 Ferguson Rd, 121 ,CLOSED,cb: 214.555.2717
CC-22868,"  SANCHEZ, F ",M,25,2023-04-15,1959 Webb Chapel Rd,328,open,Witness can be reached at 214.555.6995; possibly linked to CC-30420
cc-26240,"Smith, B",female,17,"June 29, 2008",9663 Jefferson Blvd,631,closed,Witness can be reached at 214-555-1003
cc-37624,"malone, n",M,23,2017-07-05,8853 Illinois Ave,B-529,OPEN,Caller left callback 214-555-2061
CC-38626,"NELSON, P",M,29,2016-06-17,3303 Royal Ln,217,OPEN,Witness can be reached at 214-555-4989
CC-14736,"  SANCHEZ, F ",F, 38 ,1999-02-19,9555 Fair Oaks Ave,153,CLOSED,cb: 214.555.9610
CC-79129,"GARCIA, N",M,47,2001-09-06,5703 Ledbetter Dr,526,CLOSED,"Tip line call, caller hung up"
CC 78298,"  WATSON, H ",M,5,06/14/2018,8942 JEFFERSON BLVD,246,OPN,"Tip line call, caller hung up"
CC-28981,"  PHILLIPS, K ",Male,46,12/19/2003,2833 Military Pkwy, 741 ,Closed,
CC-84738,"NGUYEN, E",F,31,1991-04-15,2177 Bonnie View Rd,beat 215,Closed,
CC56665,"ALVAREZ, J",M,49,2024-05-11,7796 Lancaster Rd,B-241,CLEARED,Caller left callback 214.555.3876
cc-45654,"FIELDS, G",M,31,2004-05-24,9317 Camp Wisdom Rd,Beat 152,CLOSED,Caller left callback 214-555-7200
CC-65785,"WRIGHT, C",M,10,"November 21, 2019",9925 Lake June Rd,328,CLOSED,cb: 214.555.0441; possibly linked to CC-12648
 CC-20702 ,"Murphy, A",M,64,01/06/2000,3085 Camp Wisdom Rd,beat 553, OPEN ,Witness can be reached at (214) 555-7621
CC-60425,"HILL, V",MALE, 16 ,12/23/1984,3391 Harry Hines Blvd,439,Closed,cb: (214) 555-3892
CC-29825,"TRAMMELL, G",M,48,1992-12-25,4739 Fair Oaks Ave,Beat 631,CLOSED,"Walk-in tip, declined to give contact"
CC-28637,"  HILL, H ",Male,51,2023-07-11,6176 Camp Wisdom Rd,303,CLOSED,"Anonymous tip, callback 214.555.4531, said they saw a dark sedan; possibly linked to CC-47611"
CC-95989,"CRUZ, K",Female, 40 ,1999-02-02,6585 Royal Ln,553,CLOSED,
CC47978,"Wallace, R",MALE,unknown,1998-07-21,3509 Ferguson Rd,741,CLSD,Caller left callback 214-555-0703
CC-31829,"MARSH, G",F,2,1992-05-20,4171 Ferguson Rd,B-455,open,"Neighbor reported shots, no name, no number"
 CC-29466 ,"henderson, l",M,26,1994-10-30,5171 Elm St,beat 410,CLOSED,"Tip line call, caller hung up"
CC-61830,"  FUENTES, W ",M,22,"February 14, 2012",244 HARRY HINES BLVD,553,Closed,"Neighbor reported shots, no name, no number"
CC-24115,"BROOKS, N",M,31,05/15/2016,1683 Greenville Ave,beat 335,CLOSED,"Neighbor reported shots, no name, no number"
CC-72710,"stewart, r",F,41,"June 23, 2006",2676 LEDBETTER DR,,OPEN,Caller left callback 214.555.3487
CC-96858,"KING, N",M,2,1987-03-30,5407 Webb Chapel Rd,455,CLOSED,Witness can be reached at (214) 555-7769
cc-10475,"WARD, N",F,48,12/18/1981,5585 Fair Oaks Ave,Beat 315,open,"Tip line call, caller hung up"
CC 11117,"caldwell, n",U,39,1983-03-18,1460 Camp Wisdom Rd,354,CLOSED,"Tip line call, caller hung up"
CC-69766,"Hall, K",F, 17 ,1988-10-18,968 Lancaster Rd,624,CLEARED,cb: 214.555.8330
CC-69204,"medina, e",F,21,2015-10-26,6315 Elm St,Beat 439,CLOSED,"Anonymous tip, callback 214.555.7462, said they saw a dark sedan"
CC-70089,"BOOKER, N",F,31,"August 15, 2002",1861 Ledbetter Dr,,OPEN,Caller left callback 214-555-2841
CC-48400,"Simmons, B",F,48,"June 17, 1999",2193 KIEST BLVD,150,closed,
CC-12350,"henderson, s",M,23,02/05/2001,2177 Marsalis Ave,624,OPEN,"Walk-in tip, declined to give contact"
CC-66573,"ROBINSON, P", M,53,2016-02-21,5682 Elm St,612,OPEN,"Tip line call, caller hung up"
CC-76738,"ALVAREZ, P",M,14,2012-10-26,2641 Lake June Rd,303,OPEN,cb: (214) 555-7850; possibly linked to CC-13933
 CC-15429 ,"Mccoy, R",M,30,1993-05-05,8873 Larkmoor Ln, 315 , OPEN ,cb: 214-555-2144; possibly linked to CC-21520
CC 11479,"Graham, T",M,35,2024-02-19,4576 LARKMOOR LN,338,OPEN,possibly linked to CC-69190
CC67501,"MARTINEZ, B",F,6,"September 16, 2019",4871 Ferguson Rd, 612 ,CLOSED,Witness can be reached at 214-555-8816; possibly linked to CC-16308
CC-70294,"MARTINEZ, H",M,31,07/23/1994,7453 Marsalis Ave,B-553,CLOSED,
 CC-85307 ,"MARTIN, G", M,37,1989-04-11,1864 Ledbetter Dr,420,CLEARED,"Anonymous tip, callback 214-555-0069, said they saw a dark sedan"
CC-15989,"FLORES, H",M,32,12/16/1993,3434 GREENVILLE AVE,247,CLOSED,"Tip line call, caller hung up"
CC-47224,"PERRY, P",m,34,1997-04-27,3877 Jefferson Blvd,457,CLEARED,No callback number given
CC-32746,"THOMAS, F",F ,40,1987-11-15,8623 ILLINOIS AVE,219,CLOSED,Caller left callback 214-555-5341
CC-64581,"Sullivan, L",M,27,1983-09-21,1781 Ferguson Rd,beat 550,Closed,
CC-14365,"Perry, D",F,62,06/10/2022,2884 Ledbetter Dr,246,OPEN,"Tip line call, caller hung up"
cc-99791,"FUENTES,  R",M,45,1/22/2016,3820 Lancaster Rd,359,Open,"Anonymous tip, callback (214) 555-5494, said they saw a dark sedan; possibly linked to CC-44490"
CC-59930,"JENKINS, R",F,31,01/22/1996,1788 SINGLETON BLVD,B-519,CLEARED,Witness can be reached at 214.555.3063; possibly linked to CC-82695
CC-28327,"robinson, m",M,8,1991-07-20,4554 Jefferson Blvd,B-418,CLOSED,
CC-68630,"MALONE, D",M,23,"January 4, 1989",4740 Scyene Rd,Beat 631,Closed,Witness can be reached at 214-555-0214
cc-27583,"WELLS, T",M,15,07/07/2004,7781 Fair Oaks Ave,B-354,CLOSED,Caller left callback 214-555-0527
CC-35821,"HOLLAND,  F",M,29,1988-01-11,3964 Bonnie View Rd,315,OPEN,No callback number given
CC-86111,"GIBSON, S",female,42,"May 2, 1997",7011 Westmoreland Rd,119,closed,Witness can be reached at 214.555.4028
CC-66245,"jackson, c",Male,27,05/27/2021,3707 Fair Oaks Ave, 439 ,CLOSED,Caller left callback 214-555-5139; possibly linked to CC-47621
cc-14623,"  DIXON, C ",F,39,07/29/1997,8468 LARKMOOR LN,152,CLOSED,Caller left callback (214) 555-3263; possibly linked to CC-70962
CC-60763,"ramirez, n",M,49,2022-08-07,2852 Royal Ln, 521 ,OPEN,Caller left callback (214) 555-4651
CC-64382,"HOWARD, K",M,32,2002-02-07,2937 Military Pkwy,256,CLSD,"Neighbor reported shots, no name, no number"
CC-83891,"NGUYEN, G",Male,34,2011-11-25,2772 Military Pkwy,702,closed,
CC-45743,"FORD, F",M, 3 ,06/28/1992,5187 WEBB CHAPEL RD,133,OPEN,cb: 214-555-2739
CC-79002,"mitchell, c",Female, 50 ,08/11/2024,2383 Kiest Blvd,beat 724,CLEARED,Witness can be reached at 214-555-3795
CC-72423,"perez, j",m,24,"January 10, 1998",7208 Lancaster Rd,550,CLOSED,"Neighbor reported shots, no name, no number"
CC-67631,"Simmons, R",MALE,18,"July 4, 2019",9472 Royal Ln,519, OPEN ,"Anonymous tip, callback 214.555.7455, said they saw a dark sedan"
CC54527,"PEREZ, D",F ,17,2002-02-13,5787 KIEST BLVD,553,OPN,"Walk-in tip, declined to give contact"
CC-88792,"HAYES, D",M, 41 ,1991-06-21,3316 SINGLETON BLVD,beat 242,OPEN,"Tip line call, caller hung up"
CC-28910,"TATE, S",MALE,32,2010-09-03,7550 Kiest Blvd,,OPEN,Caller left callback 214-555-6017
CC-80648,"CASTILLO, G",M,32,2005-02-09,2391 Military Pkwy,B-219, OPEN ,
CC-84629,"WEBB, W",M,61,10/1/2007,4919 Webb Chapel Rd,130,closed,Witness can be reached at (214) 555-3782
CC-75671,"DELGADO, V",M, 31 ,1992-02-20,7288 ILLINOIS AVE,B-121,OPN,possibly linked to CC-49494
cc-52447,"PHILLIPS, G",F,35,"October 28, 2018",5980 Military Pkwy,beat 553,OPEN,
CC85144,"foster, r",MALE,14,02/14/1991,9582 Kiest Blvd,247,CLOSED,
CC-93432,"MCCOY, K",F,,2013-03-04,2878 Marsalis Ave,519,OPEN,cb: (214) 555-8431
 CC-44743 ,"MURPHY,  A",M,43,2005-02-06,3501 GREENVILLE AVE,Beat 241,OPEN,"Tip line call, caller hung up"
CC-72262,"HENDERSON, E",M,27,09/29/2021,9034 Military Pkwy,429,CLOSED,
 CC-54321 ,"  PEREZ, F ",M,44,"May 31, 1989",3919 Ferguson Rd,354,OPEN,Caller left callback 214-555-2023
CC-88202,"GOMEZ, B",M,22,2011-01-15,6699 Royal Ln,702,OPEN,possibly linked to CC-26936
CC-89227,"MOORE, G",M,28,"April 12, 2006",3130 Kiest Blvd,Beat 242,Open,"Anonymous tip, callback (214) 555-1244, said they saw a dark sedan"
CC-49398,"cruz, h",M,24,"January 24, 1998",3134 Westmoreland Rd,651,CLOSED,"Anonymous tip, callback 214.555.0406, said they saw a dark sedan; possibly linked to CC-47415"
CC 94759,"JOHNSON, G",Female,54,1994-01-06
CC-23458,"THOMPSON, V",M,28,09/14/1999,4199 Buckner Blvd,beat 529,CLOSED,"Anonymous tip, callback 214.555.2322, said they saw a dark sedan"
CC-44527,"MITCHELL, S",U, 17 ,"April 23, 2023",9797 Lake June Rd,Beat 741,OPEN,cb: 214-555-5707
 CC-57332 ,"CARTER, C",M,32,1993-04-29,1075 MILITARY PKWY,beat 130,CLOSED,cb: (214) 555-7471
CC-92859,"Perez, M", M,?,1985-12-13,2033 Lake June Rd,119,Open,Witness can be reached at 214-555-9796
CC-51165,"BANKS, G",F,41,1987-03-16,732 Illinois Ave,338,OPEN,"Anonymous tip, callback 214.555.2934, said they saw a dark sedan"
CC-76099,"  JAMES, L ",M,29,1989-01-09,2728 Ledbetter Dr,625,Closed,possibly linked to CC-88758
CC 90026,"HAWKINS,  A",M,30,12/01/2014,2825 Royal Ln,,OPN,possibly linked to CC-68187
CC22031,"RUIZ, N", M,65,,3833 CAMP WISDOM RD, 315 ,CLOSED,Witness can be reached at 214-555-3569; possibly linked to CC-47105
CC-20495,"HALL, R",Male,29,07/15/1988,2435 Greenville Ave,B-724,OPN,"Anonymous tip, callback 214.555.8952, said they saw a dark sedan"
CC-61127,"BAKER, A",M,24,"October 27, 1983",4423 Ferguson Rd,157,open,"Tip line call, caller hung up"
CC-93424,"EDWARDS,  M",F,38,1985-12-09,879 Marsalis Ave,216,CLOSED,Witness can be reached at 214.555.1824
CC-15868,"BOOKER, T", M, 29 ,1986-10-25,4837 WESTMORELAND RD,,CLOSED,"Tip line call, caller hung up"
CC-53411,"MARTIN, H",M,14,1988-10-10,641 Buckner Blvd,B-750,OPEN,"Tip line call, caller hung up"
CC-51155,"OKAFOR, E",M,28,5/2/2017,5716 Buckner Blvd,505,CLOSED,"Anonymous tip, callback (214) 555-4901, said they saw a dark sedan; possibly linked to CC-23384"
 CC-20601 ,"HAYES, D",M,36,1989-03-04,2490 BUCKNER BLVD,B-150,closed,"Tip line call, caller hung up"
CC-74135,"Booker, E",U,45,2005-07-21,378 Fair Oaks Ave,315,OPEN,"Tip line call, caller hung up"
 CC-28661 ,"HAYES, N",m,14,3/17/1997,7363 Scyene Rd,242,CLOSED,"Tip line call, caller hung up"
CC-80738,"ortiz, a",F, 43 ,12/19/2004,2737 Illinois Ave,451,OPN,Witness can be reached at (214) 555-9232; possibly linked to CC-37187
 CC-24832 ,"  TURNER, R ",M,36,"October 16, 2025",8823 Kiest Blvd,326,closed,"Tip line call, caller hung up"
cc-15116,"tucker, g",F,50,1999-12-11,1762 Larkmoor Ln,,OPEN,"Anonymous tip, callback 214.555.2241, said they saw a dark sedan"
CC-72367,"HUGHES, V",M,32,1996-05-11,9743 Bonnie View Rd,B-505,CLOSED,"Neighbor reported shots, no name, no number"
 CC-57973 ,"DELGADO, J",M,31,11/11/1984,4715 Larkmoor Ln,,OPN,"Neighbor reported shots, no name, no number"
CC 49358,"  FORD, M ",M,23,01/21/2008,3567 Elm St,451,OPEN,"Tip line call, caller hung up"
CC-54890,"Martinez, V",M,45,4/7/2008,3609 SINGLETON BLVD,335,CLOSED,"Anonymous tip, callback 214-555-6250, said they saw a dark sedan"
CC-12741,"Watson, W",female,23,"May 10, 1998",5447 Royal Ln,439, OPEN ,
CC-99386,"DELGADO, P",M,47,1990-09-11,3160 Harry Hines Blvd,303,closed,"Tip line call, caller hung up"
CC-27976,"EDWARDS, F",M,30,08/04/2016,7083 Lake June Rd,,closed,cb: 214.555.5887
 CC-76299 ,"PARKER, E", M, 21 ,04/12/2009,6982 Ferguson Rd,beat 412,CLEARED,"Anonymous tip, callback 214.555.8366, said they saw a dark sedan"
CC-51017,"WASHINGTON, C",M,23,03/14/1992,3640 ROYAL LN,Beat 359,CLOSED,"Anonymous tip, callback (214) 555-4666, said they saw a dark sedan"
CC 36679,"DELGADO, B",f,29,03/21/2012,4758 Elm St,217,,"Neighbor reported shots, no name, no number"
CC-56130,"JOHNSON,  F",M,27,"November 10, 2013",3362 Jefferson Blvd,,CLSD,cb: (214) 555-6223
cc-15291,"Mitchell, H",M,28,1992-03-16,1434 Elm St,529,CLOSED,Caller left callback 214-555-9841
CC-67998,"SANDERS, D",M,37,08/04/1997,8354 Singleton Blvd,702,CLOSED,
CC 99705,"CASTILLO,  V",m, 26 ,2002-03-16,7605 Jefferson Blvd,119,OPEN,
CC-94375,"DOUGLAS, S",M,29,1986-01-27,7968 WESTMORELAND RD,Beat 519,closed,
 CC-40246 ,"COLEMAN, V",MALE,24,1988-12-11,260 Camp Wisdom Rd,B-150, OPEN ,possibly linked to CC-25375
CC-47381,"FIELDS, H",MALE,32,1991-01-26,7311 Ledbetter Dr,beat 359,CLOSED,"Neighbor reported shots, no name, no number"
CC-24730,"YOUNG, B",m,41,1990-02-01,9701 Camp Wisdom Rd, 702 ,Closed,
CC-44277,"LANE, G",M,28,11/12/2003,4329 Military Pkwy,629,CLOSED,possibly linked to CC-37960
CC-48768,"THOMPSON, M",F,40,2004-10-25,3635 CAMP WISDOM RD,625,CLOSED,cb: 214.555.4467
CC79819,"LANE, L",M,34,2017-01-13,7257 LARKMOOR LN,625,CLOSED,Witness can be reached at (214) 555-2216
CC-73496,"Lewis, N",M,24,2019-08-30,3218 Greenville Ave,beat 246,CLSD,cb: (214) 555-0474; possibly linked to CC-92323
CC-33857,"  GRAHAM, N ",M,55,1990-12-06,6264 Singleton Blvd,651,CLOSED,possibly linked to CC-35243
CC-56509,"FUENTES, R",M,22,2001-04-19,8728 Bonnie View Rd,429,OPN,
CC 80563,"PERRY, S",F,35,1988-03-11,5512 Scyene Rd,Beat 439,CLOSED,cb: (214) 555-2676; possibly linked to CC-43721
CC-70737,"REED, C",M,38,"May 4, 1984",4585 SINGLETON BLVD, 505 ,OPN,
CC-17698,"FLORES, P",M,35,2017-04-29,8160 Kiest Blvd,247,closed,Witness can be reached at 214-555-1209; possibly linked to CC-37468
CC-59719,"MCCOY, P",Female,36,1994-06-09,1465 JEFFERSON BLVD, 521 ,OPEN,Witness can be reached at 214.555.1187
CC-43321,"  MARSH, C ",M,,2004-07-26,4958 LARKMOOR LN,326,open,
cc-53571,"MEDINA, C",F,11,2020-02-04,3570 Greenville Ave,326,OPEN,No callback number given
CC55638,"ORTIZ, C",F,36,7/1/1998,2591 Marsalis Ave,Beat 359,CLOSED,
CC-28448,"EDWARDS, C",M, 45 ,2009-02-07,5317 Military Pkwy,B-420,open,
CC-10576,"MCCOY, A",M,32,2025-05-06,5192 Royal Ln,526,OPEN,
CC-72398,"Vargas, P",M, 27 ,1991-01-29,3934 Harry Hines Blvd,Beat 303,CLOSED,"Anonymous tip, callback 214.555.7539, said they saw a dark sedan"
CC 84708,"VARGAS, A",M,47,1991-02-16,3210 Royal Ln,beat 256,Open,possibly linked to CC-67217
CC-55894,"WASHINGTON, N",M,41,"October 3, 1987",2539 Greenville Ave,beat 438,CLOSED,"Neighbor reported shots, no name, no number"
cc-65472,"wilson, k",M,44,3/22/2002,8244 Royal Ln,Beat 457,CLOSED,Witness can be reached at 214-555-5933
CC-70800,"Porter, J",F,10,2009-03-31,9959 Royal Ln,430,CLEARED,possibly linked to CC-52185
cc-84973,"RAMOS,  A",M,28,1997-08-30,524 Greenville Ave,beat 121,Open,cb: (214) 555-4841
CC-40139,"RICHARDSON, F", M,42,1997-10-11,1520 Illinois Ave,241,CLSD,cb: 214-555-1850; possibly linked to CC-54085
CASE?,"holland, j",Female,40,1999-07-25,7781 Larkmoor Ln, 150 ,CLOSED,"Anonymous tip, callback 214-555-7885, said they saw a dark sedan"
CC-62239,"FIELDS, J", M,16,2019-05-08,2155 Lake June Rd,beat 741,Open,"Anonymous tip, callback 214.555.0104, said they saw a dark sedan"
CC-15991,"STEWART,  G",M,26,2019-11-16,6142 Jefferson Blvd,457,CLOSED,cb: 214.555.7930
CC-46442,"Moore, T",M,29,1997-06-26,2852 Scyene Rd,519,CLOSED,"Tip line call, caller hung up"
CC-60628,"  LOPEZ, K ",M,19,1998-07-13,3453 Ferguson Rd,335, OPEN ,
CC-55767,"MOORE, G",Male,17,2013-04-07,2919 Camp Wisdom Rd,717,CLOSED,"Anonymous tip, callback 214-555-4712, said they saw a dark sedan"
CC-76281,"FIELDS, N", M, 55 ,1993-05-22,9280 KIEST BLVD,133, OPEN ,Caller left callback 214-555-7548
CC59746,"FLORES, H",M,0,08/08/1990,7042 Illinois Ave, 629 ,CLOSED,possibly linked to CC-49044
CC-28927,"BANKS, N",M,25,02/27/1985,9168 Camp Wisdom Rd,651,CLOSED,Caller left callback 214-555-1429
CC-85115,"DELGADO, W",M,43,1992-10-03,8130 Jefferson Blvd,418,OPEN,"Tip line call, caller hung up"
CC-76497,"SANCHEZ, T",U, 52 ,"June 29, 1996",8218 Ledbetter Dr,B-555,CLOSED,
CC-21797,"FUENTES, C",M,28,06/26/2024,4207 Marsalis Ave,429,OPEN,"Walk-in tip, declined to give contact"
CC-70032,"WILLIAMS, V",m,32,2006-05-12,787 Kiest Blvd,B-119,CLOSED,cb: 214-555-1231
 CC-89363 ,"NORRIS, P",M,43,07/26/2013,2311 Kiest Blvd,beat 455,closed,
CC 95609,"NELSON, A",M,29,05/25/1996,3013 SINGLETON BLVD, 133 ,closed,Caller left callback (214) 555-1096
CC-47961,"Robinson, F",M,30,11/04/2013,356 Military Pkwy,241,CLOSED,"Walk-in tip, declined to give contact"
CC-19610,"JENKINS, H",MALE,28,05/10/2025,9734 Lake June Rd,216,OPEN,No callback number given
cc-17651,"GOMEZ, S",M,29,"October 18, 2004",7531 Larkmoor Ln,438,CLOSED,No callback number given
CC-64309,"GREEN, A",M,41,1997-10-15,6657 Westmoreland Rd,412,CLOSED,No callback number given
CC-32179,"Harris, J", M,45,2014-07-26,8050 Jefferson Blvd,326,CLOSED,Caller left callback 214-555-7457
CC-42478,"Lewis, M",F,41,10/24/1996,104 MARSALIS AVE,208,OPEN,possibly linked to CC-39222
CC-61461,"CRUZ, V",M,19,1987-05-17,4989 Royal Ln,beat 418,OPEN,No callback number given
cc-78798,"castillo, j",F,25,1984-08-07,6523 Illinois Ave,121,OPN,Witness can be reached at 214-555-1207
CC-20212,"PERRY, E",F, 28 ,1998-11-11,2661 ELM ST,Beat 717,CLOSED,"Tip line call, caller hung up"
CC-49700,"payne, m", M,23,1985-10-30,6701 Lake June Rd,Beat 256,OPEN,Caller left callback 214.555.7430
CC-77085,"davis, g",M,54,10/12/2001,4665 Harry Hines Blvd,beat 553,CLOSED,"Neighbor reported shots, no name, no number"
CC-18585,"Stewart, W",MALE, 17 ,1/27/2008,4919 Lancaster Rd,beat 219,OPEN,Caller left callback (214) 555-7592
CC-72458,"Baker, M",M,26,"September 26, 2023",7456 Ferguson Rd,beat 242,open,cb: 214.555.6013
CC-24790,"coleman, k",F,50,2006-09-02,2878 Harry Hines Blvd,Beat 553,closed,"Anonymous tip, callback (214) 555-1526, said they saw a dark sedan; possibly linked to CC-71605"
CC 61519,"ramirez, m",M,21,1986-08-30,4543 Scyene Rd,630,Closed,"Anonymous tip, callback (214) 555-3753, said they saw a dark sedan"
CC-57949,"  MCCOY, S ",M,38,1999-04-22,4005 MARSALIS AVE,beat 359,OPEN,cb: 214-555-1837; possibly linked to CC-40598
CC-46287,"  RICHARDSON, G ",Female,28,08/16/1990,1011 Camp Wisdom Rd,219,CLOSED,"Walk-in tip, declined to give contact"
CC 33714,"BELL,  L",M, 37 ,1989-01-13,5326 Scyene Rd,247,CLOSED,Caller left callback 214.555.9491
CC 82496,"JOHNSON, V",Male,11,08/29/2002,7294 LEDBETTER DR,246,CLOSED,
CC49107,"HARRIS, G",M,999,2005-10-01,8537 Camp Wisdom Rd,beat 457,closed,cb: 214-555-7681
CC-25288,"MENDOZA, G",M,40,N/A,7144 Marsalis Ave,430,CLOSED,"Walk-in tip, declined to give contact"
CC-35367,"  THOMAS, M ",M,43,1982-04-08,9450 FAIR OAKS AVE,133,OPEN,No callback number given
 CC-52947 ,"  HOLLAND, S ",M,57,11/21/2024,6520 Scyene Rd,234,OPEN,Caller left callback (214) 555-5972
CC-89164,"Brooks, H",F,39,1993-10-14,6765 Kiest Blvd,455,CLOSED,"Anonymous tip, callback (214) 555-6695, said they saw a dark sedan"
cc-68933,"  MCCOY, V ",F,26,2018-05-25,3701 Fair Oaks Ave,629,CLEARED,Caller left callback (214) 555-0267
cc-82579,"RICHARDSON, P",M,31,"December 13, 1984",7097 Jefferson Blvd,150,closed,"Walk-in tip, declined to give contact"
CC-97304,"HENDERSON, H",M,24,1986-09-09,9410 Westmoreland Rd,202,OPN,No callback number given
 CC-27682 ,"MENDOZA, K",M, 22 ,11/30/2024,7032 Harry Hines Blvd,631,CLOSED,Caller left callback (214) 555-0276
 CC-42450 ,"johnson, m",M,38,1986-03-04,7902 LEDBETTER DR, 631 ,CLOSED,Caller left callback 214-555-0785
CC 51619,"  HARRIS, H ",M,49,1997-05-12,6935 Royal Ln, 241 ,closed,Witness can be reached at (214) 555-5147
cc-59259,"WILLIAMS, N",M,15,10/13/2018,5257 Greenville Ave,629,CLSD,"Tip line call, caller hung up"
CC-35076,"TUCKER, H", M,30,2011-06-24,8102 Ferguson Rd,724,OPEN,Caller left callback (214) 555-7152; possibly linked to CC-12114
CC-48179,"DELGADO, D",M,18,1988-10-06,4305 Marsalis Ave,Beat 624,closed,cb: 214.555.3866
CC-63176,"  OKAFOR, G ",m,25,2003-01-17,1742 Fair Oaks Ave,157,CLSD,cb: 214.555.4837
CC 56659,"  PATTERSON, S ",M,29,1998-02-04,5338 ELM ST,521,Closed,cb: 214.555.7146
CC-80879,"NAVARRO, F",M, 50 ,1995-04-18,7557 Larkmoor Ln,624,CLOSED,cb: (214) 555-3356
CC-40210,"EVANS, R",female,38,06/06/2004,7943 Singleton Blvd,256,CLOSED,Caller left callback 214.555.1904
 CC-35706 ,"HARRIS, T",M,48,1983-07-03,8435 Westmoreland Rd,beat 629,OPEN,
cc-54080,"WEBB, R",M,18,2016-06-12
 CC-33357 ,"CHAVEZ, B",f,29,3/17/2005,127 Greenville Ave,Beat 354, OPEN ,possibly linked to CC-44784
CC-27082,"martin, w",M,36,1994-09-04,7618 Scyene Rd,217,CLEARED,"Anonymous tip, callback 214.555.6818, said they saw a dark sedan"
CC-45638,"Gibson, T",M,37,1992-02-01,8645 Larkmoor Ln,420,CLEARED,cb: 214.555.4538
 CC-47611 ,"JENKINS, B",Female,21,2006-11-25,8034 Westmoreland Rd, 457 ,CLEARED,"Tip line call, caller hung up"
CC-11641,"NORRIS, A",M, 34 ,1997-07-27,6147 Buckner Blvd,beat 651,CLOSED,Caller left callback (214) 555-2697
CC-68499,"WOODS, G",m,20,09/23/2001,778 Lancaster Rd, 359 ,OPEN,
cc-37384,"MILLER, C",M,19,10/22/1991,5671 Lake June Rd,754,CLOSED,"Anonymous tip, callback 214-555-0332, said they saw a dark sedan"
CC 35197,"sullivan, k",M,41,2013-04-02,6333 Lake June Rd,409,CLOSED,"Anonymous tip, callback 214-555-1179, said they saw a dark sedan"
CC-86395,"HALL, F",M,42,1998-06-10,7680 Ledbetter Dr,B-625,CLEARED,"Anonymous tip, callback (214) 555-1824, said they saw a dark sedan"
CC69691,"Howard, M",M,43,2001-03-29,1751 Ferguson Rd,420,Closed,
CC 72525,"GIBSON, R",M, 38 ,"July 27, 1993",9576 Webb Chapel Rd,B-430,open,No callback number given
CC-20337,"young, c",U,23,09/08/1994,8366 Bonnie View Rd,Beat 521,CLSD,possibly linked to CC-77706
CC-12788,"edwards, c",MALE,44,03/26/2002,8111 BUCKNER BLVD,Beat 247,CLOSED,No callback number given
CC-66248,"Garner, J",M,41,2013-07-17,788 LARKMOOR LN,153,CLOSED,cb: 214.555.1574
 CC-12057 ,"PHILLIPS, L",M,36,"March 11, 1983",2344 Larkmoor Ln,Beat 754,CLOSED,No callback number given
CC-40035,"Stewart, E",M,30,2019-07-29,4480 Ferguson Rd,beat 216,OPEN,possibly linked to CC-43563
CC-75974,"Sanchez, E",M, 0 ,1990-06-03,1805 Scyene Rd,Beat 438,CLOSED,cb: 214.555.3869
CC-53196,"WRIGHT, G",M,6,2024-10-27,1048 WEBB CHAPEL RD, 529 ,OPN,cb: (214) 555-7727
cc-86908,"JACKSON, C", M,30,10/8/2014,3124 Camp Wisdom Rd,Beat 208,OPEN,
CC42665,"  PRUITT, T ",M,24,2010-04-04,5080 LEDBETTER DR,beat 121,CLSD,No callback number given
CC-50314,"ramirez, p",M,unknown,5/9/2025,7054 LANCASTER RD,410,Closed,"Walk-in tip, declined to give contact"
cc-31734,"Nguyen, S",F,35,9/29/2004,8625 Marsalis Ave,315,CLEARED,No callback number given
CC-55066,"  WILSON, J ",M,56,2015-04-09,9400 Webb Chapel Rd,Beat 553,CLOSED,"Neighbor reported shots, no name, no number"
CC-48707,"PHILLIPS, R",M,26,2011-07-14,632 ELM ST,256,OPEN,Witness can be reached at 214.555.7902
cc-70083,"  MORALES, N ",MALE,35,2015-07-21,3935 Westmoreland Rd,303,open,Caller left callback 214.555.9818
CC-17109,"EVANS, G",Male,50,1991-03-28,3568 Harry Hines Blvd,beat 133,Open,cb: (214) 555-5538
CC-77231,"REED, A",Female,26,1981-07-31,4981 Royal Ln,517,CLOSED,"Neighbor reported shots, no name, no number"
CC15263,"HAWKINS, F",M, 38 ,2016-05-17,4144 Lancaster Rd,457,Open,
CC-79447,"RAMIREZ, P",m,13,01/26/2014,6382 Marsalis Ave, 315 ,OPEN,
CC-97352,"  HENDERSON, R ",M,18,2015-02-09
CC-18211,"ross, r",F,4,"December 8, 1987",5552 BONNIE VIEW RD,B-410,CLOSED,"Tip line call, caller hung up"
CC-86006,"OSEI, R", M,51,2010-08-07,5000 Ledbetter Dr,208,OPEN,No callback number given
CC36583,"  SULLIVAN, B ",M,43,03/18/2015,5837 Bonnie View Rd,438,OPN,cb: 214.555.5228
CC-57882,"JAMES,  P",F,26,6/27/2010,8193 SINGLETON BLVD, 451 ,closed,"Neighbor reported shots, no name, no number"
 CC-28936 ,"ELLIS, P",M,32,"December 13, 1997",8537 Ferguson Rd,234,OPEN,"Tip line call, caller hung up"
CC-46082,"MCCOY, E",F,17,08/21/1983,2349 Illinois Ave,335,CLSD,Witness can be reached at (214) 555-5098
CC-90511,"DIXON, D",M,9,N/A,6656 Marsalis Ave,215,CLOSED,Witness can be reached at 214.555.5355
CC-63162,"SPENCER, K",M,25,"August 30, 1989",2774 Elm St,beat 338,OPEN,"Walk-in tip, declined to give contact"
CC-12193,"BAKER, V",M,25,1981-10-03,9794 Fair Oaks Ave,741,closed,
CC-16701,"SIMS,  M",M,34,02/24/1987,9326 Larkmoor Ln,152,CLOSED,"Anonymous tip, callback (214) 555-3792, said they saw a dark sedan"
CC-55196,"BELL, G", M,18,"February 14, 2000",8402 Webb Chapel Rd,121,OPEN,cb: 214-555-3448
cc-68744,"TRAMMELL, C",M,50,"November 18, 2021",8596 Lake June Rd,217,open,"Walk-in tip, declined to give contact"
CC-20739,"Moore, E",F, 47 ,12/16/2025,8217 JEFFERSON BLVD,717,closed,cb: (214) 555-5447
cc-90972,"Espinoza, F",M,32,1997-05-04,2249 SCYENE RD,beat 521,CLEARED,cb: 214-555-1833; possibly linked to CC-84458
CC-97269,"FUENTES, G",M, 12 ,1998-05-08,8538 Ledbetter Dr,529,CLOSED,possibly linked to CC-29954
CC-87381,"reed, j",MALE,35,2008-03-31,9889 JEFFERSON BLVD,beat 529,??,"Anonymous tip, callback 214-555-2282, said they saw a dark sedan"
CC-95752,"SMITH, H",MALE,15,1992-07-29,397 Kiest Blvd,526,CLEARED,"Walk-in tip, declined to give contact"
CC-96629,"Wright, F",m,19,11/23/1988,8523 Singleton Blvd,Beat 519,CLSD,"Tip line call, caller hung up"
CC-79351,"PRUITT, T", M,23,1/3/1994,6508 Singleton Blvd,717,CLOSED,cb: 214.555.9240
cc-89018,"FIELDS,  J",M,8,1984-03-13,8778 BONNIE VIEW RD,555,CLOSED,"Tip line call, caller hung up"
CC-59827,"Ross, H",M,24,1993-07-13,7202 Buckner Blvd,750,CLOSED,"Anonymous tip, callback (214) 555-0128, said they saw a dark sedan"
CC-62841,"ELLIS,  V",M,0,1998-01-12,1546 Elm St, 315 ,CLEARED,"Neighbor reported shots, no name, no number"
CC-19093,"Booker, B",M,37,12/31/1987,190 Greenville Ave,B-517,OPEN,
CC-62803,"Wilson, F",M,30,1994-05-22,9938 Singleton Blvd,521,OPEN,"Tip line call, caller hung up"
CC-57581,"RAMOS, R",M,27,"December 26, 1990",5197 Bonnie View Rd,beat 150,CLOSED,"Anonymous tip, callback (214) 555-5995, said they saw a dark sedan"
CC-12992,"ESPINOZA, G",m,42,1993-04-04,107 Fair Oaks Ave,754,CLOSED,cb: 214-555-5329; possibly linked to CC-17270
CC-26714,"EVANS, S",M,26,2023-08-12,5306 Ledbetter Dr,Beat 354,OPEN,
CC-34630,"medina, d",F,18,7/21/1989,9264 Marsalis Ave,B-359,open,"Neighbor reported shots, no name, no number"
CC-68718,"MARSH, H",M,27,8/4/2017,3213 Fair Oaks Ave,Beat 505,OPEN,No callback number given
CC-40104,"WILSON, F",F,32,1989-02-09,4507 Westmoreland Rd,Beat 219,CLOSED,cb: 214.555.9656
CC40598,"Smith, J",MALE,0,1994-07-21,4584 Westmoreland Rd,150,CLOSED,"Anonymous tip, callback 214-555-7361, said they saw a dark sedan"
cc-49344,"THOMAS, T",M,53,1997-07-28,2107 Webb Chapel Rd,439,CLOSED,cb: 214.555.7218
CC-98547,"  WALKER, A ",F,39,2005-10-13,4372 LEDBETTER DR,beat 505,closed,possibly linked to CC-82610
CC-45322,"long, w",M,21,1989-07-05,7158 HARRY HINES BLVD, 651 ,CLSD,"Anonymous tip, callback (214) 555-6313, said they saw a dark sedan"
CC-71982,"reyes, e",M,31,1983-04-29,9144 Larkmoor Ln,247,CLOSED,No callback number given
CC-54267,"JORDAN, T",M,14,03/23/1986,1874 Webb Chapel Rd,B-133, OPEN ,"Tip line call, caller hung up"
CC 51452,"PHILLIPS, N",M,32,2021-04-17,8698 Larkmoor Ln,B-153,OPEN,
cc-25929,"BELL,  N", M,34,1981-11-30,7076 Kiest Blvd,501,OPEN,"Anonymous tip, callback 214-555-7942, said they saw a dark sedan"
cc-93847,"Espinoza, B",M,15,"July 21, 2023",676 Buckner Blvd,B-724, OPEN ,Witness can be reached at 214.555.2434
 CC-17273 ,"  WILLIAMS, G ", M,27,2007-09-04,6735 Greenville Ave,451,CLOSED,
CC-86053,"DAVIS, T",MALE,5,08/04/1992,2988 Singleton Blvd, 153 ,CLOSED,No callback number given
CC-43262,"MURPHY, T",M,31,1991-09-11,7370 JEFFERSON BLVD,150,Closed,"Walk-in tip, declined to give contact"
CC-90481,"SCOTT, C",F,14,4/22/1993,8655 Marsalis Ave,724,closed,Witness can be reached at (214) 555-4494
CC-71534,"SPENCER, A",M,45,"July 17, 1988",8169 Marsalis Ave,130,CLOSED,
CC-14048,"BROOKS, N",M,47,1990-09-26,914 Ledbetter Dr,630,OPN,cb: 214-555-5847
 CC-42812 ,"martinez, c",MALE,40,2000-10-08,2675 Fair Oaks Ave,529,Closed,"Walk-in tip, declined to give contact"
cc-40422,"  BANKS, L ",M,19,12/2/1996,7227 Camp Wisdom Rd,455,CLOSED,"Anonymous tip, callback 214.555.2806, said they saw a dark sedan"
CC 11424,"Mccoy, D",M,41,"April 7, 2024",1220 Westmoreland Rd,410,OPEN,
CC-97601,"  HAYES, G ",m,56,"June 12, 1990",5922 HARRY HINES BLVD,625,CLOSED,Witness can be reached at 214.555.4508
CC-87478,"SULLIVAN,  W",M,0,2017-01-10,3735 Fair Oaks Ave,241,OPEN,Witness can be reached at 214.555.0907
 CC-96947 ,"HARRIS,  T",M, 11 ,11/27/1994,276 SINGLETON BLVD, 717 ,CLOSED,cb: 214.555.4093
cc-17407,"SANDERS, A",M,999,2011-03-28,281 WEBB CHAPEL RD,501,CLEARED,cb: (214) 555-7825
CC-26338,"MOORE, G",M, 54 ,05/24/2009,6507 Buckner Blvd,121,CLSD,cb: 214.555.9780; possibly linked to CC-42043
cc-36548,"LANE, N",F,31,2001-04-22,2147 Scyene Rd,519,Closed,"Anonymous tip, callback 214-555-0630, said they saw a dark sedan; possibly linked to CC-45146"
CC52062,"DAVIS, S",F, 14 ,02/20/1987,8799 Lake June Rd,505,Closed,Caller left callback 214.555.7529; possibly linked to CC-48808
CC-32388,"  WASHINGTON, W ",f,32,12/12/2008,2206 Royal Ln,beat 713,OPEN,Witness can be reached at 214.555.4071
CC-26015,"MARSH,  C",M,16,1997-01-08,8444 Ledbetter Dr,651,CLOSED,possibly linked to CC-17061
CC-69039,"SIMMONS, N",M,37,2021-07-18,5265 Military Pkwy,430,OPEN,Caller left callback 214.555.8574
CC42485,"RICHARDSON, G",M,35,1999-01-01,133 Fair Oaks Ave, 410 ,CLOSED,"Neighbor reported shots, no name, no number"
CC-15291,"Mitchell, H",M,28,1992-03-16,1434 Elm St,529,CLOSED,cb: 214.555.9841
CC-46567,"Woods, V",M, 33 ,2015-02-11,4969 LARKMOOR LN,,OPEN,"Tip line call, caller hung up"
CC-61250,"WILLIAMS, E",F ,45,10/02/1988,5316 Bonnie View Rd,625,CLOSED,
CC40042,"GOMEZ, N",M,23,"March 28, 1988",6895 Ferguson Rd,409,OPEN,cb: 214.555.6390
CC-35794,"GRAHAM, C",M,?,2019-10-08,6778 Elm St,202,CLSD,No callback number given
CC-90409,"RAMIREZ, A",M, 28 ,2/12/2002,6434 Elm St,Beat 412,CLEARED,Witness can be reached at 214-555-2820
CC76431,"Howard, T",F,26,2013-11-19,7021 Military Pkwy,246,CLOSED,cb: 214.555.3022
CC-34276,"  JAMES, H ",M,52,1991-09-32,4582 Larkmoor Ln, 501 ,CLOSED,
cc-80644,"norris, p",m,30,1987-03-06,9965 JEFFERSON BLVD,B-631,CLOSED,No callback number given
CC-33616,"CASTILLO, P",M,22,"June 11, 2000",1081 Singleton Blvd,133,OPEN,cb: 214.555.8092; possibly linked to CC-78450
CC-45410,"  MEDINA, S ",M,27,7/25/2022,118 Harry Hines Blvd,550,CLSD,"Anonymous tip, callback (214) 555-2251, said they saw a dark sedan; possibly linked to CC-41894"
CC27187,"WRIGHT, P",M,11,"July 13, 1995",583 Military Pkwy,303,CLSD,cb: 214.555.2496
CC-56218,"OWENS, T",MALE,23,9/12/2013,1025 Larkmoor Ln,Beat 121,CLOSED,possibly linked to CC-17034
CC-76325,"COLLINS, A",m,31,03/15/1998,4081 FERGUSON RD,Beat 750,CLOSED,"Anonymous tip, callback 214-555-5906, said they saw a dark sedan"
CC-92185,"  PORTER, C ",M,37,1997-04-08,6999 Elm St,Beat 429,CLOSED,"Walk-in tip, declined to give contact"
CC-83768,"Medina, L", M,41,1/5/1992,7739 Bonnie View Rd,526,CLOSED,
CC86980,"HARRIS, T",F,41,1984-07-26,8803 Royal Ln,326,closed,Witness can be reached at 214.555.0042
CC84264,"HERRERA,  J",U,30,09/08/1986,6961 Illinois Ave,216,Closed,Caller left callback 214.555.9848
CC-89639,"FLORES, C",M,unknown,1988-08-05,3289 ILLINOIS AVE,420,CLEARED,No callback number given
CC-40572,"KING, T",M,22,2023-09-25,1457 Illinois Ave,631,OPEN,"Walk-in tip, declined to give contact"
CC-38016,"Gomez, F",M,13,"Smarch 17, 1993",5594 Greenville Ave,133,CLOSED,"Anonymous tip, callback (214) 555-8780, said they saw a dark sedan"
CC 87328,"MALONE, C",F,13,02/26/1981,8894 Kiest Blvd,754,OPEN,"Anonymous tip, callback (214) 555-8393, said they saw a dark sedan"
CC-56273,"MARTIN, N", M, 48 ,10/26/2012,612 Ferguson Rd,451,OPEN,"Neighbor reported shots, no name, no number"
CC-42651,"LONG, D",F,16,"January 4, 2023",5361 Webb Chapel Rd,B-247,OPEN,No callback number given
CC-72913,"Flores, R",M,47,"July 17, 2021",4289 GREENVILLE AVE,219,OPEN,"Anonymous tip, callback (214) 555-3145, said they saw a dark sedan"
CC-60367,"wilson, t",M,48,"October 18, 1993",7706 Royal Ln,B-624,OPEN,
CC-60770,"PEREZ, C",Female,41,5/31/2012,2722 Bonnie View Rd,beat 409,OPEN,"Anonymous tip, callback (214) 555-1298, said they saw a dark sedan"
CC-52852,"Long, A",M,41,12/6/2019,244 Westmoreland Rd,B-439,OPEN,Caller left callback 214.555.8105
CC-26314,"GUERRERO, A",M,8,"December 17, 1993",4659 Marsalis Ave,beat 724,CLOSED,cb: 214.555.7884
CC55063,"Mendoza, F",U,32,2020-12-23,6294 Ferguson Rd,Beat 153,CLEARED,cb: 214.555.7377
CC-85131,"ADAMS, T",M,22,1987-08-27,1681 Larkmoor Ln,519,closed,cb: 214.555.9298
CC-44589,"  RODRIGUEZ, K ",MALE,29,"December 21, 1984",5868 Kiest Blvd,,closed,"Anonymous tip, callback (214) 555-4709, said they saw a dark sedan"
CC-10542,"Bryant, F",M,24,1988-03-31,3446 Larkmoor Ln,438,open,Caller left callback (214) 555-9038
CC-31588,"MARSH, W", M,999,02/14/1983,3924 Lancaster Rd,Beat 303,CLOSED,"Anonymous tip, callback 214-555-3929, said they saw a dark sedan; possibly linked to CC-88293"
CC-41022,"WARD, P", M,18,"May 20, 2009",7010 JEFFERSON BLVD, 553 ,CLOSED,cb: 214.555.9761
CC-99055,"  YOUNG, K ",M,24,1991-07-27,494 Larkmoor Ln,420,OPEN,"Neighbor reported shots, no name, no number"
CC-32856,"MENDOZA, C",M,23,2025-01-25,4382 Larkmoor Ln,741, OPEN ,"Neighbor reported shots, no name, no number"
cc-76174,"Cruz, A",M,unknown,12/25/1992,9851 Camp Wisdom Rd,B-555,OPEN,possibly linked to CC-49698
CC 55232,"VARGAS, D",MALE,13,1986-04-17,7798 Lancaster Rd,215,CLOSED,"Neighbor reported shots, no name, no number"
CC-96803,"Perry, F",M,15,2017-06-22,7114 Buckner Blvd,335,CLOSED,Caller left callback 214.555.5371
CC-86607,"  CASTILLO, K ",M,2,1983-07-21,532 Larkmoor Ln,Beat 429,Closed,cb: (214) 555-1617
CC74773,"CALDWELL, S",U,37,1981-12-17,1338 KIEST BLVD,208,CLOSED,Caller left callback 214.555.8967
CC-29481,"Marsh, P",Male,53,2016-01-28,332 Buckner Blvd,216,OPEN,"Anonymous tip, callback (214) 555-9570, said they saw a dark sedan"
CC-93866,"STEWART, D",M,31,2013-07-09,2077 LANCASTER RD,Beat 702,OPEN,"Neighbor reported shots, no name, no number"
 CC-55410 ,"bell, c",M, 31 ,2001-02-01,4578 Ferguson Rd,beat 439,open,
CC-37668,"WELLS, L", M,25,1994-08-08,3145 Singleton Blvd,B-457,OPEN,cb: 214.555.3023
CC-84025,"Sanchez, H",F,27,2023-07-03,1081 FERGUSON RD,629,CLOSED,"Walk-in tip, declined to give contact"
CC-63715,"RUIZ, R",M,30,1997-05-31,9235 Kiest Blvd, 612 ,CLOSED,"Walk-in tip, declined to give contact"
 CC-89582 ,"Garcia, R",M,28,05/19/2006,361 Fair Oaks Ave,651,open,"Neighbor reported shots, no name, no number"
cc-72972,"COLLINS, S",M,13,6/26/2016,2985 ELM ST,702,OPEN,"Anonymous tip, callback 214.555.3146, said they saw a dark sedan"
 CC-94594 ,"MURPHY, C",M,35,1990-04-23,4027 Webb Chapel Rd,150,CLOSED,"Anonymous tip, callback 214.555.8721, said they saw a dark sedan; possibly linked to CC-49042"
CC-14475,"TRAMMELL,  N",M,34,2025-05-11,989 Royal Ln,741,OPN,
CC-58076,"  HAWKINS, J ",M,24,1990-05-03,6118 Illinois Ave,133, OPEN ,cb: 214.555.6699
CC-36076,"NELSON, H",M,26,"February 23, 1999",2358 Illinois Ave,beat 630,CLOSED,Witness can be reached at 214-555-2628
CC-50703,"EVANS, E", M,27,"May 31, 1986",7989 Military Pkwy,beat 526,CLSD,"Anonymous tip, callback 214.555.5510, said they saw a dark sedan"
CC 75321,"chavez, v",Male,43,2019-06-19,8852 Military Pkwy,beat 501,OPN,No callback number given
CC-90127,"WELLS, H",M,39,"March 22, 2025",7513 Singleton Blvd,, OPEN ,No callback number given
CC-28616,"baker, e",F,59,2000-08-07,4366 Fair Oaks Ave,241,Closed,"Anonymous tip, callback 214-555-3751, said they saw a dark sedan"
CC-87402,"OKAFOR, R",MALE, 11 ,02/13/1982,4328 Scyene Rd,Beat 153,CLOSED,Caller left callback (214) 555-1693
CC-58319,"WATSON,  H",M,22,2014-06-07,5240 GREENVILLE AVE,625,CLOSED,
CC-53395,"HERRERA, P", M,29,04/15/2015,1862 Larkmoor Ln, 153 ,CLSD,Caller left callback 214-555-1069
 CC-79806 ,"LOPEZ, T",M,30,2012-10-13,8528 Military Pkwy,335,CLOSED,No callback number given
CC85010,"BOOKER, L",M,19,2006-04-08,4091 Jefferson Blvd,beat 526,CLOSED,cb: 214-555-4363
 CC-25191 ,"Herrera, T", M,27,2006-06-21,3912 Elm St,420,closed,"Anonymous tip, callback (214) 555-6453, said they saw a dark sedan"
CC-83503,"  SCOTT, L ",M,36,08/26/1989,1344 Royal Ln,234,CLOSED,Caller left callback 214.555.7746
CC-51092,"GIBSON, S", M,29,"November 22, 2021",5760 Ferguson Rd,,OPEN,"Walk-in tip, declined to give contact"
CC-19665,"King, D",MALE,13,2011-01-24,4309 Larkmoor Ln,B-550,OPEN,Caller left callback 214-555-5577
cc-95274,"ROSS,  V",F,44,1995-01-20,5487 Lake June Rd,505,CLEARED,"Anonymous tip, callback 214-555-1033, said they saw a dark sedan"
CC-92456,"Douglas, B",M,15,1991-10-28,3878 Marsalis Ave,328,OPN,Witness can be reached at 214.555.3464
CC-73161,"Hall, L",M,27,"June 21, 2009",8465 Larkmoor Ln,754,OPEN,possibly linked to CC-65986
CC-49129,"OKAFOR, B",M,40,2002-06-10,337 Buckner Blvd,Beat 202,OPEN,possibly linked to CC-84334
CC-31699,"ORTIZ, W",M,23,2016-12-27,8431 Marsalis Ave,409,CLOSED,
 CC-34047 ,"Castillo, N",m,32,11/18/1993,6552 MARSALIS AVE,beat 208,CLEARED,
CC-72832,"ruiz, v",M,35,"June 10, 2024",5082 MARSALIS AVE,526,OPEN,
CC-82470,"Collins, B",Male,32,10/23/2019,3784 Webb Chapel Rd,750,OPN,"Anonymous tip, callback 214-555-6944, said they saw a dark sedan; possibly linked to CC-52054"
CC42087,"MILLER, V", M,21,2020-01-24,2323 Scyene Rd,Beat 529,OPEN,cb: 214-555-0005; possibly linked to CC-25178
CC-84346,"HAYES, G",Male,28,11/11/2001,4170 BONNIE VIEW RD,555,CLOSED,possibly linked to CC-95583
CC 37374,"ROBINSON, V",MALE,23,1986-03-18,9824 Camp Wisdom Rd,152,CLOSED,cb: 214-555-2841
CC-12093,"HAWKINS, R",M,43,1985-05-05,8605 WESTMORELAND RD,246,CLOSED,Caller left callback (214) 555-5215
CC-83082,"ALVAREZ,  P",m,40,1994-02-22,2865 Buckner Blvd, 242 ,closed,cb: 214-555-7375
CC-11335,"WELLS, B",M,38,1983-08-03,8214 BONNIE VIEW RD,521,OPEN,
CC-91235,"HOWARD, F",M,35,1989-06-01,8995 Marsalis Ave,B-215,CLOSED,Witness can be reached at 214.555.0109
CC-50616,"FUENTES, K",M,25,"October 22, 2020",4950 Scyene Rd,410,OPEN,No callback number given
CC-45291,"HOWARD, W",m,37,2023-09-29,7450 WEBB CHAPEL RD,beat 246, OPEN ,possibly linked to CC-82728
CC-58632,"Payne, C",Male,12,2007-03-15,9449 Lancaster Rd,713,CLEARED,possibly linked to CC-17206
CC-58103,"  MCCOY, G ",M,999,2017-03-27,4507 LEDBETTER DR,B-750,closed,"Neighbor reported shots, no name, no number"
CC-61803,"GREEN, D",f,15,2005-02-06,7269 Jefferson Blvd,157,CLOSED,Caller left callback 214.555.0112
CC-94178,"James, P",M,21,1991-04-09,9203 BONNIE VIEW RD,B-631,OPEN,cb: (214) 555-1707
 CC-93594 ,"williams, c",M,49,2009-12-27,9711 Singleton Blvd,beat 153,Closed,Witness can be reached at (214) 555-1972
CC-85133,"SCOTT, D",M, 34 ,2019-02-21,8181 SINGLETON BLVD,328,CLOSED,
CC-85175,"GIBSON, V",M,4,2022-08-25,1720 Kiest Blvd,beat 303,Closed,"Anonymous tip, callback (214) 555-8467, said they saw a dark sedan"
CC11499,"Lewis, J",F,37,"February 13, 2001",4339 Lancaster Rd, 629 ,OPN,"Neighbor reported shots, no name, no number"
CC-97052,"HILL, P",M,49,2007-09-27,3606 Singleton Blvd,B-631,CLOSED,possibly linked to CC-92091
CC 98420,"Payne, K",M,38,1990-10-13,3887 Webb Chapel Rd,241,Open,cb: 214-555-6818
CC-39020,"PRUITT, W",f,44,2004-04-13,5500 Lake June Rd,B-741,closed,cb: (214) 555-9733
 CC-93653 ,"BOOKER,  H",Male,27,"July 30, 2014",4920 Kiest Blvd,157,OPEN,
cc-13487,"perry, b",M,23,"December 2, 1983",1670 Jefferson Blvd,328,closed,cb: 214.555.2866; possibly linked to CC-72523
CC 31937,"HOWARD, W",MALE,17,1992-11-17,5690 BONNIE VIEW RD,429,open,No callback number given
cc-97090,"  DELGADO, C ",M,39,1/23/1989,9574 Webb Chapel Rd,208,closed,cb: 214.555.2950; possibly linked to CC-67637
CC-86712,"WHITE, G",MALE, 29 ,08/22/2004,3803 Kiest Blvd,256,CLOSED,"Anonymous tip, callback 214-555-1520, said they saw a dark sedan"
CC-76310,"Thomas, M",Male,10,2000-11-14,5485 Royal Ln,455,CLEARED,
 CC-18136 ,"Wallace, R", M,33,1998-06-14,6235 Lancaster Rd,717,OPEN,
cc-84325,"PARKER, N",M,19,2016-05-11,3667 Lancaster Rd,702,CLOSED,cb: 214-555-6398
cc-90198,"jackson, r",M,27,1994-02-25,9519 ELM ST,219,OPN,"Neighbor reported shots, no name, no number"
 CC-88226 ,"hughes, k",M,41,"December 22, 1993",8968 Lancaster Rd, 217 ,OPEN,
CC-98202,"grant, w",M,26,02/22/2008,5832 SINGLETON BLVD,Beat 612,CLOSED,"Neighbor reported shots, no name, no number"
CC-86679,"EDWARDS, N",M,40,"August 28, 1997",2478 Jefferson Blvd,beat 418,??,cb: 214.555.8885
cc-15163,"WOODS, A",M,28,1981-12-03,5266 Bonnie View Rd,B-517,CLOSED,Witness can be reached at 214.555.9631
CC 69989,"Foster, V",M, 39 ,2012-09-27,3106 Ferguson Rd,beat 242,CLOSED,Witness can be reached at 214.555.9231
CC-99113,"wright, p",M,39,8/20/2001,8490 Lancaster Rd,717,CLSD,"Neighbor reported shots, no name, no number"
CC-61003,"SANCHEZ, T",Male,28,1988-02-07,8332 Camp Wisdom Rd,152,CLOSED,"Walk-in tip, declined to give contact"
cc-54807,"Scott, C",M,22,2022-09-23,8620 Scyene Rd,beat 519,open,
CC 67113,"SPENCER, H",MALE,16,unknown,7821 Illinois Ave,119,CLOSED,"Tip line call, caller hung up"
CC-32245,"ROBINSON, G",M,34,4/29/1991,2346 Royal Ln,B-713,CLOSED,Witness can be reached at 214-555-7071
CC-39412,"  TATE, M ",M, 12 ,1998-06-12,9604 Camp Wisdom Rd,153,CLOSED,Witness can be reached at (214) 555-5169
 CC-66928 ,"Sanchez, P",m,0,"December 11, 2019",3548 Scyene Rd,beat 354,CLOSED,Caller left callback 214-555-3496; possibly linked to CC-36308
CC-30387,"Mitchell, J",M,unknown,2005-11-24,1887 Military Pkwy,B-505,OPEN,Witness can be reached at (214) 555-5057
CC-38721,"TORRES,  F",MALE,31,1994-06-07,1440 Singleton Blvd,217,OPEN,"Anonymous tip, callback 214.555.4644, said they saw a dark sedan"
CC-77230,"Norris, T",F, 45 ,2018-06-13,6561 Greenville Ave,430,Closed,Caller left callback (214) 555-9179
CC-60609,"Mccoy, E",M,39,12/15/1994,475 ILLINOIS AVE,153,Closed,"Tip line call, caller hung up"
CC-43224,"hill, v",f,38,2023-05-11,8982 LARKMOOR LN, 651 ,Open,"Tip line call, caller hung up"
CC-43814,"payne, t",M,34,5/8/2022,155 Military Pkwy,202,CLSD,cb: (214) 555-1492
CC-71622,"MARTIN, E",M,21,2015-04-19,4687 Buckner Blvd,beat 631,open,"Walk-in tip, declined to give contact"
CC-44775,"EDWARDS,  V", M,3,2023-01-30,5053 Harry Hines Blvd,409,CLSD,"Anonymous tip, callback (214) 555-6462, said they saw a dark sedan"
CC-98641,"  PEREZ, V ",M, 22 ,2016-06-21,2954 Webb Chapel Rd,,Open,"Neighbor reported shots, no name, no number"
CC82865,"holland, w",M,37,2012-12-05,7636 Greenville Ave, 152 ,OPEN,Caller left callback 214-555-8323
CC-90007,"PRICE, N",M,13,2009-01-09,3089 Ferguson Rd,beat 754,OPEN,"Anonymous tip, callback (214) 555-6968, said they saw a dark sedan"
CC-41283,"MILLER, N",M, 25 ,04/02/2023,2834 Singleton Blvd,625,CLOSED,cb: 214.555.9648
CC-72725,"Moore, T",M,45,06/29/1992,3311 Camp Wisdom Rd, 328 ,CLOSED,"Neighbor reported shots, no name, no number"
CC-76205,"PORTER, A",M,33,10/17/2018,6687 Larkmoor Ln,beat 451,CLOSED,"Tip line call, caller hung up"
CC-83262,"  RODRIGUEZ, A ",MALE,42,11/01/1986,6918 Military Pkwy,217,CLOSED,Witness can be reached at 214.555.2167; possibly linked to CC-23626
CC-15029,"HERRERA, S",F ,23,11/16/1989,2823 Marsalis Ave, 420 ,closed,Caller left callback 214.555.9012
CC-10190,"malone, h",M,13,12/12/2024,6553 Scyene Rd,Beat 133,OPEN,"Tip line call, caller hung up"
CC-21087,"TORRES, D",U,?,2017-05-19,473 Singleton Blvd,B-246,OPEN,"Walk-in tip, declined to give contact"
 CC-17971 ,"WILLIAMS,  M",M,39,1984-02-10,8930 Royal Ln,219,open,cb: 214.555.2778
CC-52017,"miller, k",M,25,1993-01-09,9757 GREENVILLE AVE,beat 241,CLSD,"Anonymous tip, callback 214-555-6594, said they saw a dark sedan"
CC-85445,"COLLINS, J",M,45,1997-10-31,732 Lancaster Rd,555,Closed,Witness can be reached at (214) 555-8439
CC-97771,"HERRERA,  W",M,19,1995-06-12,638 Military Pkwy,702,CLEARED,"Walk-in tip, declined to give contact"
CC-64985,"LONG, R",M,33,2010-10-29,739 ROYAL LN,beat 150,OPN,No callback number given
CC-36684,"Ramos, M",M,19,07/04/1994,3670 ROYAL LN,Beat 612,CLOSED,Caller left callback 214.555.7883
CC-61667,"CASTILLO, D", M,15,2013-09-11,5127 Lake June Rd,328,OPEN,Witness can be reached at 214-555-8531
CC-99972,"Brooks, L",M,34,2025-03-21,3347 Buckner Blvd,612,CLOSED,"Walk-in tip, declined to give contact"
CC-99316,"RUIZ, C",MALE,20,2/19/1993,4098 Elm St,B-256,CLOSED,Caller left callback 214-555-9961
CC-21816,"caldwell, k",M,unknown,7/10/1998,6039 Buckner Blvd,242,CLOSED,Witness can be reached at (214) 555-0578; possibly linked to CC-39743
CC-89027,"PHILLIPS, B",M, 15 ,01/26/1987,6525 BONNIE VIEW RD,717,CLOSED,Caller left callback 214.555.6978

CC-14316,"MEDINA, P",MALE,21,1995-03-29,9726 Military Pkwy,420,CLOSED,Witness can be reached at (214) 555-7277
CC-11042,"BOOKER, A", M,33,1989-01-25,7337 Illinois Ave,521,Open,No callback number given
CC-18479,"sanchez, f",M,23,2007-09-27,8723 Scyene Rd,beat 216,CLOSED,"Walk-in tip, declined to give contact"
CC16979,"NORRIS, W",M,9,1995-03-29,1348 Fair Oaks Ave,501,CLOSED,Witness can be reached at 214.555.8593
cc-59998,"Patterson, F",F,61,02/01/1995,4193 FERGUSON RD,451,Closed,cb: 214.555.7390; possibly linked to CC-11094
CC-80204,"perez, r",M,20,10/24/2006,7869 Illinois Ave,335,CLOSED,"Anonymous tip, callback (214) 555-5546, said they saw a dark sedan"
cc-63280,"GIBSON, S",M,34,2010-07-15,1213 Military Pkwy,B-717,CLOSED,cb: 214-555-2071
CC-17034,"Davis, A",F ,30,5/16/1987,3496 Kiest Blvd,Beat 455,CLOSED,Witness can be reached at 214.555.2526; possibly linked to CC-15339
CC-72725,"  MOORE, T ",m,45,1992-06-29,3311 Camp Wisdom Rd, 328 ,CLOSED,"Walk-in tip, declined to give contact"
CC-39443,"  KING, B ",M,28,6/15/2007,4026 Singleton Blvd, 451 ,OPEN,No callback number given
CC-45559,"JACKSON, F",Male,31,10/16/1981,5078 Ledbetter Dr,418,CLOSED,cb: 214.555.1771
CC-32683,"thompson, s",Male, 37 ,1/20/2018,1018 ILLINOIS AVE,242,OPEN,cb: 214-555-5471
CC-63078,"Osei, G",M,40,1985-06-21,7133 Royal Ln,beat 208,CLSD,"Tip line call, caller hung up"
CC-54743,"PORTER, M",m, 26 ,2023-04-16,2853 Greenville Ave,beat 625,CLOSED,"Anonymous tip, callback 214.555.3289, said they saw a dark sedan; possibly linked to CC-25430"
CC-96600,"  HERRERA, C ",,16,1993-12-23,6941 Webb Chapel Rd,Beat 519,OPN,cb: (214) 555-9953
CC39933,"PEREZ, H",M,40,"August 21, 2017",2419 Camp Wisdom Rd,328,OPEN,
CC-21197,"HENDERSON, P", M,50,"December 1, 2016",7056 LARKMOOR LN,Beat 216,open,"Anonymous tip, callback 214.555.6927, said they saw a dark sedan"
CC-49050,"FORD, N",F, 28 ,1987-06-13,9132 KIEST BLVD,439,closed,possibly linked to CC-51418
CC-61117,"fields, r",f,52,03/27/2017,2641 Greenville Ave, 241 ,Open,"Anonymous tip, callback 214.555.3032, said they saw a dark sedan"
cc-38951,"JACKSON, N",M,23,9/11/2012,8014 Singleton Blvd,242,OPEN,Caller left callback 214-555-9605
cc-76045,"sanchez, w",Male,30,1987-05-09,2144 Buckner Blvd, 754 ,OPEN,Witness can be reached at 214-555-8590
CC-29139,"WARD, E",M,29,02/19/1988,1959 Bonnie View Rd,152,CLOSED,cb: (214) 555-7557; possibly linked to CC-68916
CC60852,"marsh, b",Male,19,1995-01-10,1249 Elm St,beat 246,CLOSED,Caller left callback 214.555.3757; possibly linked to CC-62814
cc-36438,"  HILL, W ",M,38,1985-02-19,1715 Fair Oaks Ave,beat 519,closed,"Neighbor reported shots, no name, no number"
CC 47631,"vargas, f",M, 42 ,1991-08-19,4591 Webb Chapel Rd,B-439,CLOSED,Witness can be reached at 214.555.6298
CC-91519,"Ward, G",F,37,10/19/1996,4960 ROYAL LN,beat 439,OPEN,Caller left callback 214.555.2172
CC-12189,"JACKSON, D",M,30,1985-08-14,978 Ledbetter Dr,beat 328,CLSD,
CC-94171,"  WATSON, T ",M,60,1999-02-26,1669 Royal Ln,beat 328,CLOSED,
CC-12743,"howard, j",M,21,"October 21, 1990",637 Lancaster Rd,247,CLOSED,
CC-32578,"spencer, e",M,36,"August 2, 2004",8855 Scyene Rd,303, OPEN ,possibly linked to CC-70735
 CC-47121 ,"TRAMMELL, D",F,25,2016-10-05,1876 ILLINOIS AVE,153,CLOSED,"Tip line call, caller hung up"
 CC-71566 ,"CHAVEZ, W",MALE,48,"January 7, 2000",6634 LEDBETTER DR,beat 133,CLOSED,Caller left callback 214.555.2680
CC92686,"herrera, d",m,19,2018-10-25,5036 Elm St,Beat 359,CLSD,"Anonymous tip, callback 214-555-3155, said they saw a dark sedan; possibly linked to CC-79229"
cc-98487,"YOUNG,  G",m, 36 ,"June 14, 1993",7678 Marsalis Ave,B-501,CLOSED,Caller left callback (214) 555-9030; possibly linked to CC-27479
cc-94267,"PRUITT, T",M, 37 ,09/15/1982,6087 Scyene Rd,Beat 335,OPEN,No callback number given
CC-38546,"STEWART, S",F, 19 ,2018-11-22,4215 Fair Oaks Ave,215,Closed,possibly linked to CC-70275
CC-40842,"THOMAS, H",M,16,1988-11-27,5136 Westmoreland Rd,315,CLOSED,"Walk-in tip, declined to give contact"
cc-34965,"Thomas, R",Female,24,03/09/2021,584 KIEST BLVD,550,CLOSED,No callback number given
CC-83959,"EVANS,  D",M,35,2023-01-18,8550 Scyene Rd,Beat 202,Closed,
CC-30342,"Martin, R", M,20,1999-10-07,6938 BUCKNER BLVD,beat 119,CLOSED,"Anonymous tip, callback 214.555.6115, said they saw a dark sedan"
CC-10240,"Guerrero, D",M,41,"February 5, 1989",9962 Elm St,256,CLOSED,Witness can be reached at 214.555.6561
CC-45558,"WALKER, W",F,50,1985-01-10,4435 Kiest Blvd,412,OPN,cb: 214-555-8589
CC-43769,"Mitchell, C",M,52,2010-05-05,3335 LAKE JUNE RD,B-338,OPN,Witness can be reached at (214) 555-0003
CC-38894,"FLORES, D",M,18,08/16/2013,4010 Lake June Rd,beat 215,CLOSED,"Neighbor reported shots, no name, no number"
CC-22134,"vargas, n",M,13,2008-02-21,3303 Bonnie View Rd,629,OPEN,Witness can be reached at 214.555.7485
CC-59024,"HOLLAND, E",F,26,"March 11, 1999",7521 Webb Chapel Rd,beat 713,CLOSED,Witness can be reached at 214.555.9539
CC-40479,"WATSON,  K",m,38,1998-10-22,4100 Lake June Rd,412,CLOSED,
CC50189,"HOWARD, F",M,47,4/3/1989,2734 Royal Ln,Beat 328,CLEARED,"Neighbor reported shots, no name, no number"
CC 55709,"NORRIS, H",F,21,11/23/2000,2428 Elm St,455,OPEN,No callback number given
CC-77767,"Miller, L",M,24,10/22/1986,928 FERGUSON RD,630,open,Caller left callback (214) 555-8733
CC-98869,"  FOSTER, B ",M,34,2025-12-21,1850 Camp Wisdom Rd, 153 ,OPEN,"Anonymous tip, callback 214.555.8643, said they saw a dark sedan"
CC-70204,"WEBB, F",M, 20 ,2012-12-20,7747 MILITARY PKWY,130,Closed,"Anonymous tip, callback 214-555-5111, said they saw a dark sedan"
CC-71554,"collins, l",M,21,2000-02-17,5683 LANCASTER RD,651,CLOSED,cb: (214) 555-4301
CC-10819,"TRAMMELL, S",M,42,5/27/1989,3539 Ledbetter Dr,B-410,CLSD,"Tip line call, caller hung up"
CC-27461,"  WATSON, F ",M,19,"December 23, 1992",8520 Fair Oaks Ave,B-410,CLOSED,"Anonymous tip, callback 214.555.5305, said they saw a dark sedan"
cc-45748,"Phillips, L", M, 36 ,06/10/1995,2600 FERGUSON RD,241,Closed,possibly linked to CC-79584
CC-71198,"  ROBINSON, T ", M,21,11/24/1992,1656 Ferguson Rd,629,CLOSED,"Tip line call, caller hung up"
 CC-93816 ,"mitchell, d",F ,18,2015-11-10,5476 JEFFERSON BLVD,beat 152,OPEN,
CC-22580,"WASHINGTON,  A", M,36,07/27/02x,5634 SCYENE RD,Beat 328,CLOSED,No callback number given
CC-62406,"PRUITT, L",M,32,9/18/2018,3531 Ledbetter Dr, 517 ,OPEN,"Anonymous tip, callback 214-555-5340, said they saw a dark sedan"
cc-31735,"nelson, n",M,19,07/13/2006,8379 Buckner Blvd,717,CLOSED,"Walk-in tip, declined to give contact"
 CC-25455 ,"ROBINSON, P",f,23,1986-07-10,6159 Illinois Ave,Beat 247,CLOSED,
CC-93536,"GOMEZ, W",M,33,02/10/1997,7920 JEFFERSON BLVD,724,Open,cb: (214) 555-5025
 CC-28355 ,"DAVIS, A",Female,26,2019-09-15,1032 Illinois Ave,702,closed,Caller left callback 214-555-1736
CC-90642,"Pruitt, V",M,28,1990-07-20,5742 Harry Hines Blvd,150,CLOSED,"Anonymous tip, callback 214-555-8390, said they saw a dark sedan"
   
CC-50821,"Moore, B",M,38,1984-07-18,1888 Ledbetter Dr,153,closed,possibly linked to CC-50297
CC-61948,"reed, m",M,40,1/14/1990,9120 Webb Chapel Rd,beat 256,OPEN,Caller left callback 214.555.9856; possibly linked to CC-85073
CC-23783,"SCOTT, C",MALE, 35 ,"October 30, 1986",2917 Ferguson Rd,750,Closed,cb: 214-555-5131
CC-29725,"SPENCER, P",F,28,2016-09-07,8927 Lancaster Rd,439,OPEN,Witness can be reached at (214) 555-9126; possibly linked to CC-76830
cc-11051,"COLEMAN, J",M,43,1999-02-26,5443 Westmoreland Rd,328,CLOSED,"Anonymous tip, callback (214) 555-6106, said they saw a dark sedan"
CC-24215,"vargas, d",F,21,11/17/1991,2475 Royal Ln,,CLEARED,Witness can be reached at (214) 555-9375
CC-19902,"DIXON, H",Female,34,01/25/2011,7258 Marsalis Ave,beat 455,CLOSED,Witness can be reached at (214) 555-3269
 CC-24726 ,"  GREEN, V ",F,22,10/02/1992,1964 Illinois Ave,505,Closed,
CC-49011,"GRAHAM, L",F ,49,"June 17, 1994",3002 Greenville Ave,651,OPEN,"Walk-in tip, declined to give contact"
cc-32345,"NAVARRO, M",m,23,2012-10-22,6386 Singleton Blvd,Beat 216,CLOSED,"Anonymous tip, callback 214-555-5790, said they saw a dark sedan"
CC-46845,"MARTIN, H",F,50,2001-09-02,6194 Westmoreland Rd,B-418,OPEN,possibly linked to CC-38014
CC-80655,"WARD, V",female,33,10/9/2022,4897 Ferguson Rd,B-529,OPEN,"Walk-in tip, declined to give contact"
cc-33221,"ROSS, B",F,34,1993-07-17,4084 WESTMORELAND RD,beat 555,CLOSED,Caller left callback 214-555-2092
CC-11654,"FOSTER, M", M,32,1997-12-15,8948 Bonnie View Rd,242,open,"Tip line call, caller hung up"
CC-40610,"WILLIAMS, K",F,unknown,2021-09-04,4727 Military Pkwy,630,OPEN,
CASE?,"FUENTES,  P",M,39,1988-01-18,4717 LARKMOOR LN,328,CLEARED,possibly linked to CC-18112
CC-74528,"HENDERSON, M",M,43,06/16/2015,1975 LAKE JUNE RD, 328 ,Closed,"Anonymous tip, callback (214) 555-7906, said they saw a dark sedan"
CC-29793,"phillips, k", M,19,2007-02-25,9552 Fair Oaks Ave,526,OPEN,Witness can be reached at (214) 555-2739
CC-31477,"guerrero, l",M,14,7/28/1993,7529 Ledbetter Dr,B-430,CLOSED,"Tip line call, caller hung up"
CC-25576,"Carter, L",M,19,1990-07-23,7921 Royal Ln,150,CLOSED,"Anonymous tip, callback 214-555-1351, said they saw a dark sedan"
CC-15039,"Tate, M",F,56,1992-08-25,4638 Larkmoor Ln, 326 ,CLSD,
CC-85780,"MORALES, A",M,21,2009-03-04,6367 Illinois Ave,439,Closed,"Tip line call, caller hung up"
CC-27947,"Ross, E",M,38,1985-05-28,8287 SCYENE RD,beat 303,OPEN,"Neighbor reported shots, no name, no number"
CC-60363,"Ramos, F",M,10,2003-11-19,494 SCYENE RD,beat 246,closed,Caller left callback (214) 555-6704; possibly linked to CC-82305
CC99101,"GARCIA, N",M, 31 ,2091-07-08,6156 ELM ST,630,closed,"Neighbor reported shots, no name, no number"
CC-82152,"NORRIS, L",M,0,"January 20, 1984",4004 Elm St,529,,Caller left callback (214) 555-6902
CC-95800,"  REYES, J ",M,14,2010-06-25,4315 Larkmoor Ln,beat 359,OPEN,No callback number given
CC-80736,"PRUITT, R",F,54,1989-10-09,7421 Lake June Rd,412,OPEN,Witness can be reached at (214) 555-6841; possibly linked to CC-43944
CC-58776,"  YOUNG, B ",MALE,2,1994-10-02,8968 Ledbetter Dr,429,CLOSED,possibly linked to CC-37556
CC-19435,"HOWARD, G",M, 31 ,2023-05-10,7721 Ledbetter Dr,B-702,CLOSED,Caller left callback (214) 555-2056
CC-79583,"REYES, C",M,9,11/20/2024,3219 Buckner Blvd,Beat 741,CLOSED,
CC 30877,"KING, B",m,33,1988-07-14,437 LAKE JUNE RD, 517 ,closed,
CC-21786,"espinoza, g",F,27,1987-03-24,6643 Ferguson Rd,215,Closed,cb: 214.555.6427
CC-55869,"Owens, J",F ,20,1984-12-09,8763 Jefferson Blvd,,closed,Caller left callback 214-555-6299
CC-39108,"SANCHEZ, J",m,11,2018-03-04,7476 Scyene Rd,Beat 234,CLOSED,
CC-74876,"Bryant, R",M,27,2013-05-31,6170 Webb Chapel Rd,Beat 420,OPEN,Caller left callback 214.555.1847
cc-29458,"SANCHEZ, F",F ,43,2011-08-05,2333 Ledbetter Dr,Beat 702,CLOSED,
cc-98423,"SANDERS, D",M, 28 ,2021-12-24,3820 Bonnie View Rd,430,Closed,Witness can be reached at (214) 555-6382
CC-28407,"WATSON, H",M, 49 ,06/27/1989,7309 WEBB CHAPEL RD, 529 
CC-11486,"Espinoza, R",F,14,3/12/2020,7893 Camp Wisdom Rd, 612 ,CLOSED,cb: (214) 555-6971
CC-57906,"  STEWART, H ",f,44,05/24/2014,3589 Jefferson Blvd,451,OPN,
CC12464,"  BANKS, B ",female,39,"May 24, 2009",8261 Singleton Blvd,216,CLOSED,Caller left callback 214-555-0718
CC-28161,"ADAMS, N",Male,33,"April 22, 1984"
CC-66379,"flores, l",U,61,"February 5, 2014",8375 MARSALIS AVE,247,CLEARED,Caller left callback 214.555.2789
CC-39023,"  SANCHEZ, F ",M,37,2010-11-32,7150 Harry Hines Blvd,651,Open,Caller left callback 214.555.2919; possibly linked to CC-67411
CC-48557,"TURNER, G",m,28,04/06/2022,1108 SINGLETON BLVD,410,closed,"Neighbor reported shots, no name, no number"
CC-25945,"PARKER, E",female,44,2017-01-27,4967 Greenville Ave,553,CLOSED,Witness can be reached at 214.555.3683
CC-34290,"Turner, W",M,12,1987-02-02,8632 Illinois Ave,303,CLOSED,cb: 214.555.7726
CC-85905,"JACKSON,  S",Female, 25 ,07/07/2006,751 Fair Oaks Ave, 150 ,Open,
 CC-21674 ,"  PERRY, A ",M,56,01/03/1987,3630 Ledbetter Dr,246,Open,No callback number given
CC-24153,"MENDOZA, K",M, 25 ,12/7/2016,2287 Greenville Ave,B-157,Closed,Witness can be reached at 214.555.8531
CC-43779,"  SMITH, B ",M,55,2010-05-02,3789 Greenville Ave,553,OPEN,"Walk-in tip, declined to give contact"
CC-48516,"  EDWARDS, H ",M,20,1988-01-29,1067 Military Pkwy, 256 ,CLOSED,"Anonymous tip, callback 214-555-5808, said they saw a dark sedan"
cc-60196,"HENDERSON, F",M,38,04/15/2000,3377 Illinois Ave,651,OPEN,"Walk-in tip, declined to give contact"
CC-14843,"BANKS, J",M,43,8/19/2012,6050 Harry Hines Blvd,beat 505,OPEN,Caller left callback 214-555-4483
 CC-52796 ,"REED, M",M,22,1988-08-21,8719 WESTMORELAND RD,612,CLOSED,Caller left callback (214) 555-1739
CC-82305,"trammell, w",F,21,1985-03-19,9051 Greenville Ave,B-133,OPEN,
CC79530,"Alvarez, N",F,33,01/11/2013,3912 KIEST BLVD,,CLSD,
CC-50299,"  WATSON, J ",M, 55 ,2018-12-24,399 Larkmoor Ln,,CLOSED,
CC-96405,"Morales, T",M,51,1983-01-20,1422 Singleton Blvd,Beat 303,CLOSED,No callback number given
CC-31423,"BRYANT, F",M,43,03/13/2024,2718 Camp Wisdom Rd,438, OPEN ,"Anonymous tip, callback 214.555.3344, said they saw a dark sedan"
 CC-60182 ,"  FOSTER, H ",M,41,2020-06-07,5730 Harry Hines Blvd,457,CLOSED,cb: 214-555-2878; possibly linked to CC-90708
CC99949,"DAVIS, C",F,51,2019-08-15,6391 Marsalis Ave,Beat 457,closed,Caller left callback 214-555-0279
CC-51875,"Howard, D",Male,34,1985-02-12,3861 Scyene Rd,630,CLEARED,No callback number given
cc-54091,"herrera, n",M,20,1997-04-09,4222 Camp Wisdom Rd,335,CLOSED,Caller left callback (214) 555-8447; possibly linked to CC-75616
CC-57338,"TUCKER, K",MALE, 23 ,2010-10-14,6036 Camp Wisdom Rd,624,closed,"Anonymous tip, callback 214.555.9854, said they saw a dark sedan; possibly linked to CC-94006"
CC-23205,"Walker, D",M, 60 ,2016-03-16,4437 Harry Hines Blvd,beat 439,CLOSED,Witness can be reached at 214-555-0198
cc-83244,"JOHNSON, P", M,47,08/13/2019,1078 Webb Chapel Rd,418,OPEN,
CC-70575,"JAMES, S",m,20,"June 23, 1993",8722 Royal Ln,Beat 121,CLOSED,
CC-50894,"bell, v",female,36,"June 5, 1999",4748 Larkmoor Ln,Beat 439,CLOSED,No callback number given
CC-60620,"Sullivan, F",M,40,3/20/2020,6271 Fair Oaks Ave,215,OPEN,
 CC-86109 ,"Thompson, N", M,?,05/27/1995,3363 Larkmoor Ln,beat 717,CLEARED,cb: 214-555-7693
CC-14502,"herrera, l",M,?,1991-02-12,3329 Illinois Ave,242,CLOSED,possibly linked to CC-90687
 CC-65895 ,"Martinez, K",M,39,2018-12-01,4722 Jefferson Blvd,242,OPEN,Caller left callback 214-555-1264
 CC-98817 ,"OKAFOR, K",M,39,"March 28, 1982",6637 BONNIE VIEW RD,Beat 420,OPEN,"Tip line call, caller hung up"
CC-91051,"Price, F",Male,41,"May 7, 2003",5960 Elm St,beat 241,OPEN,No callback number given
CC-10572,"SIMMONS, V",M,29,1994-02-28,6428 Westmoreland Rd,B-521,CLOSED,cb: (214) 555-1889
 CC-59476 ,"MITCHELL, L",M, 42 ,2014-11-25
CC-52250,"PRICE, F",M,31,11/15/2018,1216 LAKE JUNE RD,beat 501,CLOSED,"Tip line call, caller hung up"
CC-83695,"SMITH, F",M,16,"June 23, 2005",4507 Military Pkwy,beat 354,closed,cb: 214-555-5876
CC-48869,"ADAMS,  S",M,21,1989-12-04,5419 Lake June Rd,beat 555,CLOSED,
CC-63137,"Nelson, P",M, 38 ,1989-07-18,6208 Marsalis Ave,152,CLOSED,"Anonymous tip, callback 214.555.6792, said they saw a dark sedan"
cc-98453,"  NGUYEN, K ",m, 42 ,2004-11-24,5793 Fair Oaks Ave,beat 451,CLOSED,Caller left callback 214-555-3128
CC-41269,"CASTILLO,  M",M,50,4/28/1986,2663 Ferguson Rd,409,OPEN,"Neighbor reported shots, no name, no number"
CC-39914,"ROBINSON, T",m,52,10/04/1986,4338 Jefferson Blvd, 219 ,CLOSED,Caller left callback 214-555-7972; possibly linked to CC-47105
CC-33242,"  RAMIREZ, D ",M,35,2018-09-09,9447 Military Pkwy,B-328,Open,No callback number given
CC-42090,"NAVARRO, P",F,29,9/8/1996,8086 Greenville Ave,Beat 750,CLOSED,cb: (214) 555-1439
CC-63992,"WILSON, M",M,45,2011-06-26,2101 Larkmoor Ln,335,CLOSED,Caller left callback 214-555-0151
CC-32313,"BROOKS, F",,20,12/17/1991,7877 BONNIE VIEW RD,B-157,OPEN,Witness can be reached at 214-555-0193
CC-46157,"Holland, G", M,23,12/13/1993,1415 Singleton Blvd,B-457,Closed,cb: 214.555.0248
 CC-58424 ,"  DELGADO, P ",M,30,10/11/1998,4739 Elm St,750,Closed,"Anonymous tip, callback (214) 555-2440, said they saw a dark sedan"
CC-65098,"WHITE, D",M,39,"August 20, 2004",2484 Elm St,457,Closed,
CC-27706,"BANKS, W",M,44,"May 17, 2003",535 ELM ST,717,OPEN,"Walk-in tip, declined to give contact"
CC-18892,"WILSON, S",M,8,1993-04-05,7092 Bonnie View Rd,beat 246,CLOSED,"Neighbor reported shots, no name, no number"
CC 88595,"Mccoy, L", M,8,12/08/2012,686 Royal Ln,625,OPEN,
CC-82610,"  GRAHAM, H ",M,24,1987-10-19,630 Elm St,359,CLOSED,possibly linked to CC-22208
CC-52101,"FLORES, B",F,30,04/04/1989,5950 Harry Hines Blvd, 215 ,CLOSED,No callback number given
cc-42548,"CRUZ, B",M,25,11/13/1999,1145 Singleton Blvd, 629 ,CLOSED,"Neighbor reported shots, no name, no number"
cc-65744,"DOUGLAS, H",m, 23 ,1992-05-25,4406 Ferguson Rd,B-256,OPEN,cb: 214.555.6777
CC-13404,"  ESPINOZA, V ",M,41,1984-05-29,9910 Kiest Blvd,B-152,CLOSED,No callback number given
CC-66310,"GRAHAM, W",M,45,"March 25, 1994",1330 JEFFERSON BLVD,553,OPEN,cb: 214-555-3775
CC-40828,"DELGADO, S",M,999,1989-05-08,447 Lake June Rd,439,CLOSED,"Neighbor reported shots, no name, no number"
cc-50343,"YOUNG, S",F,38,1994-07-02,3976 ILLINOIS AVE,529,CLOSED,cb: (214) 555-2755
CC-98407,"Pruitt, M",Male,16,1985-08-11,9792 Illinois Ave,612,Closed,"Neighbor reported shots, no name, no number"
CC-50054,"LANE, M",F,44,2005-10-03,969 Singleton Blvd,217,CLOSED,
CC37444,"WASHINGTON,  J",M, 23 ,03/20/1994,5403 Lake June Rd,651,OPEN,Caller left callback 214-555-5034
CC-21888,"  MEDINA, R ",F, 25 ,1994-01-11,9825 Singleton Blvd,420,CLOSED,
CC54264,"RIVERA,  J",F,34,2004-04-29,1753 Marsalis Ave,Beat 246,CLOSED,Witness can be reached at (214) 555-8919
CC20740,"SPENCER,  J",M,42,2019-04-10,7967 ELM ST, 526 ,closed,Caller left callback (214) 555-0027
CC 44987,"nelson, s",F ,36,2017-03-04,2150 LANCASTER RD,741,open,Witness can be reached at (214) 555-9871
CC-60297,"LOPEZ, S",M,29,1/22/2009,1234 Royal Ln,B-219,CLOSED,Witness can be reached at (214) 555-7223
CC81753,"PORTER, B",M,7,11/12/1984,5244 MARSALIS AVE,354,CLOSED,"Neighbor reported shots, no name, no number"
cc-59368,"ROBINSON, J", M,unknown,3/17/1991,7287 Greenville Ave,202,OPEN,No callback number given
CC-28033,"SMITH, H",M,34,2001-08-11,1555 Lake June Rd,418,OPEN,"Tip line call, caller hung up"
CC-74422,"RAMOS, E",M,42,05/25/2024,803 LAKE JUNE RD,217,open,Caller left callback (214) 555-9082
CC-47309,"TRAMMELL, B",M,43,2019-02-22,230 GREENVILLE AVE,beat 359,OPEN,cb: 214-555-5997; possibly linked to CC-91619
CC-65551,"WASHINGTON, L",M,34,1995-05-10,2816 Lancaster Rd,,OPEN,possibly linked to CC-46615
cc-82605,"SMITH, M",M,52,"April 16, 1998",1889 Marsalis Ave,241,CLEARED,cb: 214.555.1127
CC-56358,"ward, k",M, 3 ,2020-05-24,6433 LANCASTER RD,beat 521,open,"Walk-in tip, declined to give contact"
CC-70944,"GARNER,  G",M, 51 ,1997-05-03,2098 Camp Wisdom Rd,121,closed,Caller left callback (214) 555-6218; possibly linked to CC-22826
 CC-47550 ,"Payne, W",M,28,1992-12-08,3135 Illinois Ave,553,closed,
CC-46124,"DIXON, K",Female,37,2016-12-04,5622 Illinois Ave,119,CLOSED,cb: 214-555-1816
CC-17280,"SMITH, E",F,,1992-07-31,3980 Webb Chapel Rd,Beat 553,CLOSED,possibly linked to CC-53107
 CC-49301 ,"Tate, P",M,30,1994-09-11,3580 FAIR OAKS AVE,beat 241,CLOSED,"Neighbor reported shots, no name, no number"
 CC-93000 ,"  HARRIS, M ",F,46,1990-05-26,1537 Kiest Blvd,Beat 754,OPEN,"Walk-in tip, declined to give contact"
CC-22826,"Price, T",M,45,1983-02-16,9962 ILLINOIS AVE,beat 328,Open,
CC-55825,"MITCHELL, F",f,18,1989-07-31,2565 CAMP WISDOM RD,153,Closed,cb: 214.555.5365
 CC-15686 ,"  REYES, F ",m,12,1994-09-28,975 Bonnie View Rd,133,CLOSED,"Tip line call, caller hung up"
CC-97709,"MARSH, V",M,13,05/19/2020,8323 Westmoreland Rd,121,OPEN,cb: (214) 555-0501
CC-89423,"CARTER, S", M,14,2/13/1993,6696 Royal Ln,439,open,Witness can be reached at 214.555.0789
CC-58153,"THOMPSON, P", M,8,9/13/2005,4106 Fair Oaks Ave,beat 517,OPEN,"Anonymous tip, callback 214-555-3794, said they saw a dark sedan"
CC-99044,"DELGADO, M",M,42,1999-02-14,7440 Bonnie View Rd,550,CLOSED,"Anonymous tip, callback 214.555.4819, said they saw a dark sedan"
CC-78032,"  RICHARDSON, D ",M,43,2001-01-21,6923 Buckner Blvd,Beat 217,CLOSED,Caller left callback 214.555.2146
CC-48534,"SCOTT, K", M,13,08/15/2005,9472 HARRY HINES BLVD, 119 , OPEN ,"Neighbor reported shots, no name, no number"
CC-95102,"SIMS,  G",Male,26,2007-11-14,6247 Royal Ln,521,OPN,"Anonymous tip, callback (214) 555-7500, said they saw a dark sedan"
CC-81840,"williams, n",M, 40 ,2017-03-26,225 Lake June Rd,741,open,"Anonymous tip, callback 214-555-9539, said they saw a dark sedan"
CC-42630,"trammell, l",M,50,2/11/1990,5371 Larkmoor Ln,beat 631,Closed,Caller left callback 214.555.6099
cc-84334,"FIELDS, V",M, 26 ,2025-04-22,9673 Westmoreland Rd, 242 ,CLOSED,"Walk-in tip, declined to give contact"
CC90559,"HILL, F",F,28,09/18/1983,2578 Jefferson Blvd,429,CLSD,Witness can be reached at 214.555.7428
CC 80764,"ALVAREZ, T",M,34,2020-05-01,9910 Ferguson Rd, 702 ,CLSD,Witness can be reached at 214-555-7458
CC-72139,"  RICHARDSON, E ",M,34,1998-07-27,3473 Lake June Rd,246,CLOSED,
CC-82159,"NELSON, F",M, 48 ,2021-12-11,5450 Ledbetter Dr,217,CLOSED,"Anonymous tip, callback (214) 555-8586, said they saw a dark sedan; possibly linked to CC-56507"
cc-95880,"GREEN, V",f,20,2023-04-15,4055 Lake June Rd,beat 630,OPEN,Caller left callback (214) 555-1623
cc-52828,"  WOODS, W ",F,30,10/26/2000,8108 Singleton Blvd,B-631,open,"Tip line call, caller hung up"
CC-81995,"  PRICE, P ",M,44,"November 6, 2019",8664 Military Pkwy,412,Closed,cb: 214.555.5732
CC-36437,"  JACKSON, G ",M,21,04/27/1996,7228 Webb Chapel Rd,B-328,OPEN,"Anonymous tip, callback 214-555-7579, said they saw a dark sedan"
CC-98759,"HUGHES, F",F,22,2011-10-19,6360 Camp Wisdom Rd,133,CLOSED,No callback number given
CC-30025,"NORRIS, H",M,34,1987-08-16,3974 Lake June Rd,B-216,CLOSED,cb: 214-555-6672
CC-27321,"RAMIREZ, T",F,34,2006-05-19,733 Camp Wisdom Rd,429,CLEARED,"Anonymous tip, callback 214.555.8160, said they saw a dark sedan"
CC-17227,"HARRIS, N",M,11,"December 6, 2002",9671 Jefferson Blvd, 418 ,CLOSED,cb: 214.555.7565
CC-79572,"  HERRERA, C ",M,0,1990-05-17,9598 Fair Oaks Ave,501,CLEARED,Witness can be reached at 214-555-6982
CC-88096,"GRANT, M",M,0,09/29/2000,9810 Illinois Ave,beat 713,CLOSED,Witness can be reached at (214) 555-6870
CC10100,"ROBINSON, R",M,37,2007-07-29,5604 Fair Oaks Ave,Beat 150,Closed,cb: (214) 555-9967; possibly linked to CC-16200
CC 79217,"  JAMES, F ",M,38,2023-09-10,1568 Lake June Rd,130,CLOSED,Witness can be reached at (214) 555-4381; possibly linked to CC-24759
CC-53612,"PATTERSON, J",Male,6,"October 6, 2018",6583 Scyene Rd,,OPN,No callback number given
 CC-58756 ,"Parker, R",F,21,,222 Webb Chapel Rd,303,OPEN,"Anonymous tip, callback 214.555.4003, said they saw a dark sedan; possibly linked to CC-77795"
CC-56511,"THOMPSON, L",M,30,1984-07-07,3465 Scyene Rd,B-519,Closed,Caller left callback (214) 555-8627
CC-44784,"scott, s",M,35,"August 3, 2004",9958 Singleton Blvd,153,Closed,"Neighbor reported shots, no name, no number"
CC95190,"PERRY, W",M,19,04/07/1994,1209 Ferguson Rd,439,closed,"Neighbor reported shots, no name, no number"
CC77037,"HERRERA, E",m,18,01/07/1991,939 Elm St,B-326,CLSD,Witness can be reached at (214) 555-1265
CC-10406,"DOUGLAS, N",M,20,1983-09-20,2358 Kiest Blvd,241,CLOSED,Caller left callback (214) 555-4850
CC-27863,"ELLIS, N",female,32,2013-05-31,3716 Lancaster Rd,208,OPEN,Witness can be reached at 214-555-8632
cc-46808,"ALVAREZ, G",M,17,1989-10-13,3273 Larkmoor Ln,,CLOSED,"Walk-in tip, declined to give contact"
CC-14289,"MARTIN, H",M,34,2025-09-09,3685 Ledbetter Dr,234,OPEN,possibly linked to CC-92859
CC 18352,"BOOKER, C",F ,22,2000-02-03,7788 Lake June Rd,B-430,CLOSED,cb: (214) 555-7776
CC-17986,"  OSEI, P ", M,37,12/17/1997,9223 Camp Wisdom Rd,Beat 439,OPEN,"Walk-in tip, declined to give contact"
CC-76116,"  MITCHELL, B ",M,?,2024-05-19,1877 Lake June Rd,133,OPEN,Witness can be reached at 214.555.2239
CC-47432,"WASHINGTON, B",M,47,2018-09-08,3114 Military Pkwy,359,CLEARED,"Tip line call, caller hung up"
CC-15887,"banks, j",M,47,1999-05-23,4995 Lancaster Rd,326,CLOSED,"Walk-in tip, declined to give contact"
CC-99097,"  FORD, P ",M,36,05/15/2015,5687 Royal Ln,133,OPEN,Witness can be reached at (214) 555-3335
CC-83743,"NGUYEN, G",M,20,1985-11-24,2388 KIEST BLVD,328,CLEARED,possibly linked to CC-95463
CC-33668,"STEWART, R",F,29,04/04/1995,8772 Ledbetter Dr,629,OPEN,
cc-13006,"  THOMAS, J ",M, 31 ,2018-12-19,3021 Singleton Blvd, 152 ,OPEN,
CC-17066,"  LONG, V ",M,21,"May 5, 2013",7093 Larkmoor Ln,119,closed,
CC-18864,"MURPHY, V", M,17,1996-01-03,122 Greenville Ave, 455 ,CLOSED,"Tip line call, caller hung up"
CC-77934,"Payne, B",M,43,"July 12, 2007",4243 Singleton Blvd,B-624,closed,cb: 214-555-2625
CC-13369,"KING, E",Male,39,1986-02-23,4406 Jefferson Blvd,631,OPN,Caller left callback 214-555-1283
CC-58120,"wallace, b",m,56,"June 26, 2017",8117 Marsalis Ave, 553 ,open,"Anonymous tip, callback 214-555-1278, said they saw a dark sedan"
cc-42717,"EDWARDS, L",M,26,11/03/1982,7081 Webb Chapel Rd,beat 717,Closed,"Tip line call, caller hung up"
CC65654,"BANKS, R",M, 27 ,2009-02-22,7043 ROYAL LN,702,CLOSED,Caller left callback (214) 555-3015; possibly linked to CC-83266
CC-14187,"COLLINS, R",M,25,6/18/2020,7269 Kiest Blvd,519,OPN,"Anonymous tip, callback (214) 555-0803, said they saw a dark sedan"
CC 84387,"okafor, w",M, 21 ,2006-07-02,7985 Marsalis Ave,246,Closed,"Walk-in tip, declined to give contact"
CC-95569,"Delgado, V", M,35,2021-10-11,4222 FERGUSON RD,412,Open,Witness can be reached at (214) 555-7332
CC-58553,"TURNER, L",M,27,2015-08-21,4020 ILLINOIS AVE,550,CLOSED,Witness can be reached at (214) 555-6416
CC-98167,"EDWARDS, R",F, 33 ,1/22/2014,9490 JEFFERSON BLVD,234,Closed,Witness can be reached at 214-555-9525
 CC-13059 ,"ESPINOZA, A",M,25,07/22/2011,8317 Elm St, 354 ,OPN,Caller left callback 214.555.7034; possibly linked to CC-19755
CC-39240,"washington, w",M,31,"December 5, 2020",518 Buckner Blvd,438,Open,"Neighbor reported shots, no name, no number"
CC 17426,"Turner, S",m,28,1998-04-02,9587 Lancaster Rd,beat 410,CLOSED,Witness can be reached at (214) 555-2331; possibly linked to CC-52204
cc-19889,"MILLER, G",F,24,1995-04-11,1553 Westmoreland Rd,Beat 121,CLOSED,cb: 214-555-9651; possibly linked to CC-89791
CC-12760,"OSEI, P",M,0,1996-06-24,2947 Royal Ln,Beat 521,OPEN,"Anonymous tip, callback 214.555.4475, said they saw a dark sedan"
CC-70396,"JOHNSON, S",M, 34 ,10/13/1991,8089 Elm St,B-631,CLOSED,cb: 214.555.3220; possibly linked to CC-88162
CC-54065,"WELLS, D",Male,30,2002-12-10,3591 Kiest Blvd,429,OPEN,"Walk-in tip, declined to give contact"
CC74206,"Scott, S",M, 48 ,1999-08-18,3243 Webb Chapel Rd,Beat 216, OPEN ,
CC-82577,"FIELDS, J",F,39,2017-02-03,9375 Harry Hines Blvd,517,OPEN,cb: 214.555.6690
CC48640,"WRIGHT, G",female,50,01/11/1994,5118 SINGLETON BLVD,beat 455,CLOSED,
CC-75360,"MILLER, W",M,50,4/3/2021,3164 KIEST BLVD,526,OPEN,Witness can be reached at 214-555-5230; possibly linked to CC-73989
CC-67998,"SANDERS, D",Male,37,1997-08-04,8354 Singleton Blvd,702,CLOSED,
CC-32872,"ORTIZ, C",M, 32 ,1996-02-06,8305 Illinois Ave,521,OPEN,possibly linked to CC-93699
CC-39582,"RODRIGUEZ, T",F,45,2025-02-02,2445 Westmoreland Rd,439,Closed,Witness can be reached at 214-555-1977
CC-83595,"  MARTIN, J ",F,13,2021-08-24,9256 SCYENE RD,217,Open,"Anonymous tip, callback (214) 555-7715, said they saw a dark sedan"
CC-36857,"Parker, L",M,12,03/30/2005,2524 Scyene Rd,beat 750,PENDING?,No callback number given
CC 99923,"WOODS, E",M,34,1998-08-11,5639 Marsalis Ave,Beat 246,Closed,Witness can be reached at 214-555-2008
CC-64090,"FIELDS, C",m,26,2019-02-08,4659 Greenville Ave, 702 ,OPEN,possibly linked to CC-95463
CC-66631,"medina, j",M,45,2022-02-12,4559 Kiest Blvd,beat 119,CLSD,Witness can be reached at (214) 555-7032
CC99290,"GUERRERO, M",M, 26 ,2011-12-20,739 LARKMOOR LN,326,OPN,"Anonymous tip, callback (214) 555-0898, said they saw a dark sedan"
CC-75644,"EDWARDS, G",M,35,1996-07-22,9024 Lake June Rd,741,CLOSED,cb: (214) 555-3976
CC-30342,"Martin, R",M,20,1999-10-07,6938 Buckner Blvd,beat 119,CLEARED,Caller left callback 214-555-6115
cc-22119,"VARGAS,  W",M,23,2021-02-17,2471 Royal Ln,410,open,No callback number given
CC-52620,"MARTINEZ, R",M,8,2022-09-03,3995 WESTMORELAND RD,Beat 521,Open,possibly linked to CC-62841
CASE?,"LANE, A",M,22,1/3/1992,5109 Larkmoor Ln,234,OPEN,"Tip line call, caller hung up"
CC-22445,"FOSTER, T",F,11,1991-03-03,8179 Webb Chapel Rd,202,CLOSED,Caller left callback (214) 555-5435
CC-52961,"EVANS, M",F,43,1999-10-02,7003 Lancaster Rd,beat 550,CLEARED,cb: (214) 555-3847
CC-61561,"  MARTIN, N ",F ,31,01/17/2018,5302 Royal Ln,beat 121, OPEN ,Caller left callback 214-555-1854
CC-30733,"WALKER, R",M, 9 ,07/14/1996,3770 Kiest Blvd,Beat 133,Open,"Tip line call, caller hung up"
CC99807,"HILL, A",M,23,2018-10-27,3773 WEBB CHAPEL RD,beat 247,open,cb: 214-555-7685
CC-87951,"Ortiz, B",M,27,2019-04-24,4842 Harry Hines Blvd,409,OPEN,possibly linked to CC-47611
CC-45864,"Dixon, M",m,31,2023-04-11,2288 Royal Ln,750,CLOSED,Caller left callback 214.555.0285
CC-49214,"  PARKER, D ", M,27,2018-02-24,721 MARSALIS AVE,B-550,CLOSED,
CC-16567,"Turner, W",M,37,1993-06-19,4860 JEFFERSON BLVD,529,CLSD,"Anonymous tip, callback 214-555-5775, said they saw a dark sedan"
CC-30792,"DOUGLAS, E",m, 41 ,2001-07-10,957 Kiest Blvd,B-215,CLOSED,"Anonymous tip, callback (214) 555-2473, said they saw a dark sedan"
CC-52864,"NAVARRO, W",M,21,2006-10-26,9064 Lake June Rd, 651 ,OPN,"Anonymous tip, callback 214.555.1523, said they saw a dark sedan"
CC-18553,"Ellis, B", M,14,2020-01-16,1372 Singleton Blvd,612,OPEN,cb: 214-555-4425
 CC-82304 ,"MILLER,  R",M,39,3/3/1995,6582 Royal Ln,130,open,Witness can be reached at (214) 555-5343
 CC-32497 ,"ESPINOZA, T", M,24,2001-03-05,6804 SCYENE RD,Beat 713,Closed,cb: 214-555-4645
cc-92605,"DELGADO, A",M,41,2010-01-29,6965 Lake June Rd,Beat 133,OPEN,possibly linked to CC-71883
CC-33494,"HAWKINS,  S",m,25,"December 23, 1987",9449 ROYAL LN,153,CLOSED,No callback number given
CC-65539,"  REED, S ",F,36,"January 5, 2022",8501 Lancaster Rd,beat 256,CLOSED,"Neighbor reported shots, no name, no number"
 CC-90163 ,"RIVERA, V",MALE,30,05/26/1990,2353 Camp Wisdom Rd,beat 505,Closed,"Neighbor reported shots, no name, no number"
CC26847,"HAWKINS, R",M,65,2020-05-25,9794 GREENVILLE AVE,beat 234,CLOSED,"Anonymous tip, callback 214-555-0190, said they saw a dark sedan"
CC-82795,"MURPHY, F",M,24,02/19/1987,6930 Fair Oaks Ave,241,Closed,"Anonymous tip, callback 214.555.7463, said they saw a dark sedan"
CC-49169,"  ELLIS, T ",M,41,10/24/2020,8855 Lancaster Rd,241, OPEN ,"Walk-in tip, declined to give contact"
 CC-42157 ,"BANKS,  K", M,11,2024-01-16,9312 Webb Chapel Rd,beat 247,OPEN,Witness can be reached at (214) 555-3352; possibly linked to CC-42548
CC69211,"HILL, L",U,36,06/07/1996,9097 Camp Wisdom Rd,B-242,OPEN,possibly linked to CC-79052
 CC-21677 ,"espinoza, s",M, 35 ,01/19/2002,3469 SCYENE RD,beat 420, OPEN ,Witness can be reached at (214) 555-6815
CC-36502,"REYES, H",M,23,"June 27, 2012",3632 LEDBETTER DR,630,CLOSED,Caller left callback 214-555-5525
CC-99052,"PRICE, K",M,11,1999-10-26,195 Buckner Blvd,741,Closed,Caller left callback 214-555-6247
CC41894,"Foster, K",Male,33,1982-06-06,2929 Webb Chapel Rd,130,CLOSED,cb: (214) 555-8868; possibly linked to CC-12195
CC-31456,"RIVERA, K",M,27,1986-12-29,7521 ILLINOIS AVE,B-439,CLOSED,"Tip line call, caller hung up"
CC-56674,"jenkins, d",M,25,2001-11-05,5042 Scyene Rd,beat 208,OPEN,"Neighbor reported shots, no name, no number"
CC-72093,"PAYNE, B",MALE,39,2018-06-22,2234 Camp Wisdom Rd,B-429,closed,Witness can be reached at (214) 555-5828
CC-59038,"Sullivan, R",MALE,29,2021-11-09,5138 Military Pkwy,beat 451,OPEN,No callback number given
CC-33935,"PERRY, T",M,35,09/25/1992,6058 Military Pkwy,Beat 119,OPEN,cb: 214-555-1435
 CC-91072 ,"Payne, H",Male,15,"September 28, 2009",2405 MILITARY PKWY,505,Closed,"Neighbor reported shots, no name, no number"
CC-31923,"SIMS, A",M,49,2013-02-24,7448 Lake June Rd,Beat 724,CLOSED,cb: (214) 555-7945
CC-94520,"PAYNE, M",M, 48 ,1997-11-08,6437 Lake June Rd,,CLSD,"Neighbor reported shots, no name, no number"
cc-72863,"lewis, w",F,57,11/15/1993,8003 LEDBETTER DR,430,CLEARED,Caller left callback 214.555.4074
CC-87664,"banks, e",m,-1,1999-12-29,2603 Greenville Ave,beat 150,CLOSED,cb: 214-555-0738
CC 32444,"ramos, c",m,32,2022-07-05,477 Fair Oaks Ave,B-526,CLOSED,Caller left callback 214.555.1751
CC-60417,"BELL, S",M,28,10/04/1995,627 Marsalis Ave,303,Closed,cb: (214) 555-1359
CC-70423,"CARTER, E",M,24,1990-09-14,5220 Scyene Rd,B-505,CLOSED,Caller left callback 214-555-6014
CC20650,"edwards, n",F,23,09/12/1984,1045 WEBB CHAPEL RD,beat 625,CLSD,"Anonymous tip, callback 214-555-3365, said they saw a dark sedan"
CC-40110,"CRUZ, H",F,38,10/24/2023,6745 Bonnie View Rd, 328 ,CLOSED,Caller left callback (214) 555-2113
CC-56474,"ADAMS,  M",M, 50 ,1994-07-17,1093 MILITARY PKWY,B-457,closed,cb: (214) 555-9168
 CC-71787 ,"SIMS, J",M,8,2006-06-14,5144 Bonnie View Rd, 439 ,Closed,"Walk-in tip, declined to give contact"
CC79036,"LEWIS, E",f, 38 ,04/13/1993,6516 Illinois Ave,,Open,"Tip line call, caller hung up"
CC-39417,"stewart, d",M, 21 ,2017-08-30,422 ELM ST,B-409,OPEN,"Tip line call, caller hung up"
CC-96160,"  MILLER, P ",F,16,02/28/1998,5324 Kiest Blvd,455,OPEN,"Tip line call, caller hung up"
CC-75090,"GARCIA, M", M,39,04/03/2002,9942 Greenville Ave,429,OPEN,"Anonymous tip, callback 214-555-5181, said they saw a dark sedan"
cc-35824,"Carter, R",M,28,1986-03-21,6537 Lancaster Rd,beat 717,closed,"Walk-in tip, declined to give contact"
CC-85357,"COLEMAN, N",M, 21 ,1986-10-20,5635 Camp Wisdom Rd,335,OPEN,possibly linked to CC-36796
cc-16797,"WRIGHT, F",M,19,2019-12-17,646 HARRY HINES BLVD,beat 354,OPEN,"Neighbor reported shots, no name, no number"
CC-22208,"  ROSS, S ",M, 36 ,"August 8, 2018",2116 Scyene Rd,439,CLOSED,No callback number given
CC-79965,"EVANS, L",M,48,"April 5, 1993",7650 Military Pkwy,208,OPEN,Witness can be reached at 214.555.7524
CC-11798,"JORDAN, N",M,,2019-03-15,7008 Greenville Ave,Beat 153,OPEN,possibly linked to CC-28047
CC-68651,"walker, s", M,43,1993-06-06,6002 Illinois Ave, 550 ,OPEN,
CC-94637,"Perez, T",M,32,2018-02-03,5354 Harry Hines Blvd,439,Closed,cb: 214.555.8514
CC85892,"OWENS, J",F, 52 ,2/22/1997,8687 Fair Oaks Ave,505,CLOSED,possibly linked to CC-85732
,"ALVAREZ, K",M,39,2001-03-21,7415 Harry Hines Blvd,501,Open,"Walk-in tip, declined to give contact"
cc-96832,"Lewis, C",M,,07/24/1983,5380 Ferguson Rd,430,CLEARED,Caller left callback 214.555.9297
CC-19821,"BELL, C",M,58,2010-10-28,2513 ILLINOIS AVE, 338 ,OPEN,possibly linked to CC-59780
cc-97521,"CASTILLO, A",female,31,2/20/2012,2963 Bonnie View Rd,,OPEN,
CC-98414,"DIXON, G",F,21,06/24/1998,7117 Greenville Ave,215, OPEN ,"Anonymous tip, callback 214.555.5894, said they saw a dark sedan"
CC-96967,"SCOTT, K",M, 29 ,02/22/1990,9189 Greenville Ave,750,Open,Caller left callback 214.555.6103
cc-65771,"GREEN, T", M,35,1997-03-22,4038 Jefferson Blvd,631,CLOSED,Caller left callback 214.555.6842; possibly linked to CC-15103
 CC-62398 ,"WATSON, A",M,37,1993-03-26,807 Harry Hines Blvd,beat 216, OPEN ,No callback number given
CC-89121,"EDWARDS,  M",M,26,7/21/1990,8415 Harry Hines Blvd,750,OPN,Witness can be reached at 214.555.3803
CC-93827,"Sanders, V",M,38,2023-06-04,4252 Ledbetter Dr,335,OPEN,"Anonymous tip, callback 214.555.2078, said they saw a dark sedan"
CC-69815,"  JACKSON, K ",Male,32,2025-06-05,9561 Kiest Blvd,B-612,CLOSED,Witness can be reached at 214-555-1311
CC-34971,"Ward, R",m,36,2023-07-28,1622 Elm St,B-410,OPEN,possibly linked to CC-31322
cc-52289,"LANE, S",M, 55 ,07/26/1996,9463 Military Pkwy,Beat 157,CLOSED,Witness can be reached at (214) 555-8310
CC-28840,"PORTER,  R",M,23,1989-10-30,9644 Fair Oaks Ave, 625 ,CLOSED,cb: 214-555-6542
CC 85420,"Moore, K",M,42,1986-11-13,9349 Camp Wisdom Rd,455,CLEARED,"Walk-in tip, declined to give contact"
CC-78610,"ADAMS, L",F,21,11/28/2006,7645 SCYENE RD,beat 121,Open,Witness can be reached at 214-555-0886
CC-82988,"  NGUYEN, M ", M,32,11/6/2014,7483 Lake June Rd,517,Open,"Anonymous tip, callback 214.555.1204, said they saw a dark sedan"
CC-90994,"GREEN, V",M,27,1981-08-12,8867 FERGUSON RD,beat 451,CLOSED,
CC-40853,"RODRIGUEZ, J",M,6,12/08/2002,1100 Kiest Blvd,303,CLOSED,cb: 214.555.4906
CC-48823,"Edwards, L",M,31,2/22/1997,3291 Royal Ln,beat 420,OPN,
CC-78315,"Mccoy, R",M,45,2004-03-21,1437 FAIR OAKS AVE,630,CLSD,"Tip line call, caller hung up"
CC-79399,"HUGHES, P",F,34,1991-06-13,6052 Harry Hines Blvd,beat 521, OPEN ,
CC-15991,"STEWART, G",MALE,26,2019-11-16,6142 Jefferson Blvd,457,CLOSED,"Anonymous tip, callback 214-555-7930, said they saw a dark sedan"
cc-49384,"LEWIS, N",M,40,2016-11-15,3355 Buckner Blvd, 629 , OPEN ,"Tip line call, caller hung up"
CC-43116,"HAYES, B",F,unknown,"January 15, 1992",3736 Westmoreland Rd,702,closed,Witness can be reached at 214-555-7164
CC-64222,"WOODS, A",MALE,34,1989-05-09,9349 Lake June Rd,354,CLOSED,
CC-50904,"  HARRIS, P ",M,2,9/18/2024,4817 Scyene Rd, 451 ,CLOSED,cb: 214-555-3715
cc-44006,"perry, r",M,17,06/12/1987,113 Ledbetter Dr,152,CLOSED,
CC-68215,"wells, w", M,35,01/07/1996,808 Illinois Ave,202,CLOSED,
CC-80242,"Watson, E",Male, 40 ,10/13/1990,8174 Lake June Rd,beat 338,Closed,"Tip line call, caller hung up"
CC-58335,"VARGAS, W",F,22,1991-06-10,2345 FAIR OAKS AVE,439,CLOSED,Caller left callback (214) 555-6920
CC-80523,"nguyen, e",M, 35 ,"May 26, 1991",9218 Buckner Blvd,550,CLOSED,"Anonymous tip, callback (214) 555-5257, said they saw a dark sedan"
CC49536,"OKAFOR, M",F,40,1989-02-17,4573 Ledbetter Dr,501,CLOSED,Witness can be reached at 214-555-9940
CC-36589,"hill, c",F,33,8/3/1996,5478 WESTMORELAND RD,420,CLSD,Witness can be reached at (214) 555-8641
cc-40427,"PORTER, B",M,35,1990-08-15,2886 Singleton Blvd,B-724,OPEN,
 CC-24720 ,"bryant, j",m,33,2015-01-03,3232 Lancaster Rd, 529 ,OPEN,Witness can be reached at 214.555.9402
CC-78061,"WILLIAMS, H",M,37,1990-01-17,197 Lancaster Rd,beat 505, OPEN ,"Neighbor reported shots, no name, no number"
CC-99993,"Washington, N",M,35,10/23/2009,6280 LARKMOOR LN,beat 133, OPEN ,
CC-83871,"WILSON, J",Male,20,02/01/2022,891 Marsalis Ave,beat 555,Closed,No callback number given
CC-92778,"NELSON, H",M,32,01/18/2005,9900 Singleton Blvd,418,OPEN,Caller left callback (214) 555-7434
CC-52203,"WATSON, V",Male, 41 ,1984-08-23,2597 Fair Oaks Ave,517,OPEN,Caller left callback 214-555-6826
cc-84974,"Ellis, K",M,23,2001-09-01,4218 Jefferson Blvd,215,CLOSED,"Tip line call, caller hung up"
CC-15960,"Long, A",U,30,"September 6, 1993",9225 Harry Hines Blvd,beat 702,closed,"Anonymous tip, callback 214.555.3763, said they saw a dark sedan; possibly linked to CC-91226"
CC-66527,"ESPINOZA,  V",F,44,"March 22, 2014",7776 ROYAL LN,150,CLOSED,Caller left callback 214.555.2506
CC-18324,"HILL, D",m,45,11/24/1992,8833 Larkmoor Ln,B-246,CLOSED,Witness can be reached at 214.555.9853
CC15283,"BANKS, H",f,?,"February 2, 1993",8332 Ferguson Rd,429,open,No callback number given
 CC-36444 ,"JENKINS, F",m,36,2/27/2025,1368 Jefferson Blvd,651,Open,Witness can be reached at 214-555-2568
cc-10900,"jordan, v",female,16,2003-03-30,1428 MARSALIS AVE,B-217,CLOSED,Caller left callback 214.555.9683
CC-56079,"BROOKS, B",M,36,02/24/1995,7615 Buckner Blvd, 410 ,OPEN,Caller left callback 214-555-4513
CC-80596,"MARTIN, V",M, 25 ,03/04/2023,2856 HARRY HINES BLVD,451,Open,"Anonymous tip, callback (214) 555-0398, said they saw a dark sedan"
CC-42113,"GOMEZ, A",M,22,2013-10-11,620 CAMP WISDOM RD,Beat 326,CLEARED,Witness can be reached at 214.555.9358
CC-82204,"NAVARRO, R",F, 25 ,1981-07-03,757 Marsalis Ave,550,CLOSED,"Anonymous tip, callback 214-555-7895, said they saw a dark sedan"
CC-59428,"HAWKINS, W",M,31,1995-01-25,8022 BONNIE VIEW RD,beat 202,OPEN,Caller left callback 214.555.4476
CC-91954,"HUGHES, R",M,40,2019-05-21,8122 Greenville Ave,505,CLSD,"Anonymous tip, callback 214-555-1814, said they saw a dark sedan"
CC-16393,"FIELDS, R",F,16,1992-12-28,9857 Harry Hines Blvd,beat 256, OPEN ,"Anonymous tip, callback (214) 555-1772, said they saw a dark sedan; possibly linked to CC-89368"
CC-45830,"BRYANT,  T",M, 10 ,1995-10-31,8440 Bonnie View Rd, 216 ,CLOSED,Witness can be reached at 214.555.3848
CC-55060,"HERRERA, W",f,54,1987-04-30,5314 Ferguson Rd,354,CLOSED,Caller left callback 214-555-2184
CC-28589,"ALVAREZ, J",F,20,"June 1, 2014",3269 Illinois Ave,612,CLOSED,Witness can be reached at (214) 555-2906
CC 77545,"TURNER, W",M,53,2012-08-26,3391 Illinois Ave,B-555,OPEN,"Anonymous tip, callback 214.555.3174, said they saw a dark sedan"
CC46221,"REED, B", M,31,2023-02-17,1769 Webb Chapel Rd,328,closed,"Walk-in tip, declined to give contact"
CC-25178,"SANDERS, C",M,34,"September 26, 1992",3961 Greenville Ave,521,CLOSED,cb: (214) 555-8932; possibly linked to CC-17971
CC-75686,"BRYANT, F",M,32,2007-06-27,2848 LEDBETTER DR, 555 ,Open,No callback number given
CC-53366,"COLEMAN, K",M, 25 ,2001-04-32,9809 Illinois Ave, 430 , OPEN ,Caller left callback 214-555-1956
cc-82900,"  LEWIS, V ",M,42,08/22/1999,1119 Ferguson Rd,B-246,OPN,"Anonymous tip, callback (214) 555-0107, said they saw a dark sedan"
CC-51449,"KING, J",F,60,1990-12-01,9751 Harry Hines Blvd, 152 ,CLOSED,
CC-11478,"  BELL, E ",M,53,"May 17, 2000",6712 Webb Chapel Rd,526,CLEARED,"Tip line call, caller hung up"
CC-80400,"  JENKINS, S ",M,38,,1727 FERGUSON RD,202,CLOSED,cb: 214-555-7421
CC-16781,"HILL, F",MALE,30,1990-12-17,9412 LARKMOOR LN,612,CLOSED,Caller left callback 214-555-7121; possibly linked to CC-58779
CC-91126,"DIXON, T",F,17,02/06/2001,1763 Elm St,Beat 521,PENDING?,"Neighbor reported shots, no name, no number"
CC-71882,"SMITH, M",M,23,06/22/1982,7739 ILLINOIS AVE,B-529,CLOSED,Caller left callback 214.555.2389
cc-79908,"Mendoza, C",M,42,09/09/1997,6450 BUCKNER BLVD,B-234,closed,"Anonymous tip, callback 214-555-9780, said they saw a dark sedan"
CC-57875,"SULLIVAN, V",M,18,11/19/2000,2129 Military Pkwy,328,CLOSED,Caller left callback 214.555.2894
CC73525,"CHAVEZ, S",M,38,1988-10-28,919 Greenville Ave,150,CLOSED,"Walk-in tip, declined to give contact"
CC-65047,"PHILLIPS, H",M,28,"January 21, 1993",5108 Military Pkwy, 629 ,CLEARED,Witness can be reached at 214.555.9849
cc-86036,"Jackson, A",F,16,2011-07-24,4948 Webb Chapel Rd,beat 418,closed,Witness can be reached at 214-555-9748; possibly linked to CC-27878
cc-65143,"trammell, c",F,32,2006-09-22,409 Scyene Rd,713,OPEN,
CC-87831,"Hill, E",M,20,1993-05-16,8518 WESTMORELAND RD,354,Closed,
CC-53966,"NELSON, D",M,32,1986-07-21,9053 Greenville Ave, 439 ,Closed,cb: 214-555-6713
CC-20846,"ford, r",M,UNK,"October 3, 2006",3582 MILITARY PKWY,430,Closed,"Tip line call, caller hung up"
CC-73811,"WRIGHT, K",M,22,5/5/2020,7896 Jefferson Blvd,130,CLOSED,cb: (214) 555-1755
 CC-41046 ,"WOODS,  G",M,26,09/20/1986,2699 Larkmoor Ln,B-256,CLOSED,"Anonymous tip, callback 214.555.8730, said they saw a dark sedan"
CC 83060,"Simmons, A",female,44,1996-03-26,2810 ROYAL LN, 438 ,CLOSED,
CC-40770,"DIXON, V",M,38,2019-07-10,6949 Ferguson Rd,,CLOSED,Witness can be reached at 214.555.4936
CC-46950,"THOMPSON, S",F ,35,02/03/1997,350 Buckner Blvd,130,CLOSED,"Tip line call, caller hung up"
 CC-68706 ,"  LONG, L ",M,21,1981-08-18,4106 SINGLETON BLVD,152,Closed,Caller left callback 214-555-7623
cc-26192,"KING, G",M,26,1988-09-14,2013 KIEST BLVD, 451 ,CLEARED,Witness can be reached at 214-555-4387; possibly linked to CC-82795
CC-23824,"HALL,  L",M,33,2016-07-04,7334 LEDBETTER DR,234,Closed,Witness can be reached at (214) 555-8165; possibly linked to CC-21738
CC-14566,"torres, r",M,56,2016-05-09,4259 Elm St,Beat 418,CLOSED,Caller left callback 214.555.3970
CC-89951,"MALONE, B",M,23,"January 19, 2011",7811 Singleton Blvd,beat 555,Open,
CC60337,"PRICE, L",M,18,1997-10-20,8923 Buckner Blvd,624,CLOSED,"Walk-in tip, declined to give contact"
CC 55632,"MILLER, K", M,21,1/17/2012,9887 Kiest Blvd, 246 ,OPEN,
CC-29848,"NORRIS, J",M, 52 ,2001-12-05,6565 Lancaster Rd,359,CLOSED,Caller left callback (214) 555-2782
CC-21560,"Ortiz, F",M, 0 ,1985-11-12,9847 Lake June Rd,B-335,closed,Witness can be reached at 214-555-0762
CC-17979,"VARGAS, T",Male,26,6/13/2015,2629 Lake June Rd,217,CLEARED,No callback number given
CC-85976,"MCCOY, D",Male,20,2020-07-14,7936 SCYENE RD,beat 410,Open,Caller left callback (214) 555-5270
CC-29402,"  GREEN, V ",m,35,1983-03-06,4318 Kiest Blvd,B-217,CLOSED,cb: (214) 555-8481
 CC-30128 ,"JACKSON, B",Male, 37 ,2027-08-16,2108 WEBB CHAPEL RD,219,OPEN,possibly linked to CC-55674
cc-72567,"Ford, L",M,56,1989-04-29,2360 Fair Oaks Ave,beat 242,OPEN,cb: (214) 555-7535
CC-26692,"PRICE, P", M,UNK,4/15/2006,2293 GREENVILLE AVE,beat 717, OPEN ,"Tip line call, caller hung up"
CC-44771,"  RIVERA, T ",Male,38,8/17/1990,9544 Scyene Rd,216,CLOSED,Caller left callback 214-555-0894
CC-60543,"  OWENS, T ",M,16,1998-08-13,2628 Larkmoor Ln,455,open,"Anonymous tip, callback (214) 555-0417, said they saw a dark sedan"
CC 26768,"PORTER, W",M,30,"December 13, 1998",5173 CAMP WISDOM RD,629,CLEARED,
CC-59812,"vargas, b",M,37,"May 17, 2005",6411 Jefferson Blvd, 359 ,CLOSED,Caller left callback 214.555.3630
cc-58102,"OSEI, W",m,32,1985-09-19,8832 Ferguson Rd,529,OPEN,"Anonymous tip, callback (214) 555-0065, said they saw a dark sedan"
CC-48690,"sanchez, j", M,32,2012-09-08,4692 Camp Wisdom Rd,215, OPEN ,Witness can be reached at (214) 555-2848
CC-31903,"PRICE, H",Female,18,3/2/2019,3431 ELM ST,,closed,"Anonymous tip, callback 214.555.3745, said they saw a dark sedan"
CC-86810,"FORD, S",M,29,2004-09-09,7422 Webb Chapel Rd,beat 438,CLOSED,Caller left callback 214.555.8458
CC-25198,"  ROBINSON, E ",M,10,1998-08-28,7307 Illinois Ave,219,CLOSED,possibly linked to CC-53599
CC-55480,"NGUYEN, B",M,3,1985-02-02,2503 Harry Hines Blvd,505,CLOSED,cb: 214-555-8766
cc-59141,"SCOTT, C",M,N/A,12/4/2012,6634 Ferguson Rd,241,OPN,possibly linked to CC-30656
CC-93326,"Garner, C",F,30,2018-09-21,8472 LEDBETTER DR,624,OPEN,Caller left callback 214-555-1603; possibly linked to CC-41273
CC-16906,"white, r",M,22,"April 27, 1989",9292 GREENVILLE AVE,beat 505,CLEARED,cb: 214.555.1458
CC 76333,"ortiz, r",M, 31 ,2025-07-04,4621 Webb Chapel Rd,242,Closed,Witness can be reached at 214.555.5872
CC-82816,"Rodriguez, M",M, 40 ,N/A,9801 Lake June Rd,335,OPEN,"Tip line call, caller hung up"
cc-53069,"CHAVEZ, S",M,42,1983-08-22,1734 Greenville Ave,234,closed,
CC-23900,"Rodriguez, L",M,21,1986-08-15,2339 Elm St,256,CLOSED,
CC-10938,"JORDAN, R",M,54,05/03/1993,4613 Military Pkwy,B-217,CLOSED,Witness can be reached at 214-555-3692
CC-47713,"johnson, h",M,28,2023-07-22,7018 SCYENE RD,157,closed,No callback number given
CC-38895,"HOWARD, W",Female,34,  ,1245 Ferguson Rd,beat 241,CLOSED,cb: 214-555-0299
 CC-78511 ,"  WILLIAMS, F ",MALE,35,2020-11-25,8151 SINGLETON BLVD,521,CLOSED,Caller left callback (214) 555-2275
CC-78062,"  COLEMAN, T ",M,N/A,2025-02-11,6129 Webb Chapel Rd,519,Open,"Walk-in tip, declined to give contact"
CC 44414,"MCCOY, C",M,25,"November 21, 1990",2023 Royal Ln,418,OPEN,possibly linked to CC-34048
CC-10778,"spencer, d",M,28,2023-08-13,5562 Fair Oaks Ave,234,OPEN,"Tip line call, caller hung up"
cc-48471,"REYES, W",M,25,2024-12-11,6756 Marsalis Ave,beat 526,OPN,Caller left callback 214-555-4814
CC-82902,"Fuentes, F",F,7,"June 13, 2024",9902 LARKMOOR LN,550,OPN,
CC-28252,"SULLIVAN, S",M,32,07/13/1989,3339 Harry Hines Blvd,B-630,CLOSED,
CC-83210,"SIMMONS, T",M,29,10/21/2007,7060 Jefferson Blvd,517,open,
CC-49900,"jackson, k",MALE, 37 ,2008-05-16,9691 Harry Hines Blvd,754,CLOSED,Witness can be reached at (214) 555-1382
CC-56077,"HERRERA,  M",M,4,1999-05-08,151 Singleton Blvd,429,CLSD,Caller left callback 214-555-7961
CC-52979,"KING, D",M,22,2002-06-16,2976 Buckner Blvd,517,CLEARED,Witness can be reached at 214-555-7180
CC-98902,"Watson, B",M,31,03/18/1993,2469 Elm St,555,OPEN,No callback number given
CC-84530,"Watson, S",M,10,1982-04-10,830 Bonnie View Rd,beat 153,CLOSED,"Neighbor reported shots, no name, no number"
CC 37117,"Jackson, C",M,18,2025-02-24,9382 Ferguson Rd,612,CLEARED,"Neighbor reported shots, no name, no number"
CC-78813,"MARTINEZ, K",M,unknown,02/23/2003,6043 GREENVILLE AVE, 409 , OPEN ,Witness can be reached at 214.555.3647
cc-58619,"flores, n",M,50,2015-10-08,1762 Buckner Blvd,717,closed,No callback number given
CC-33682,"  COLEMAN, M ",F,38,1990-03-26,9826 Harry Hines Blvd,beat 119,OPEN,possibly linked to CC-10698
 CC-17637 ,"RAMIREZ, T", M,17,2011-06-02,9162 Greenville Ave,beat 315,CLOSED,"Tip line call, caller hung up"
CC-27004,"PORTER, R", M,30,06/16/1993,997 Marsalis Ave,412,CLOSED,
CC91226,"long, j",M, 32 ,"July 20, 1994",3930 WEBB CHAPEL RD,beat 303,CLOSED,"Tip line call, caller hung up"
CC-65437,"king, w",M, 29 ,2003-12-30,2429 Larkmoor Ln,beat 315,CLOSED,"Walk-in tip, declined to give contact"
CC-78568,"Alvarez, L", M,-1,05/01/2024,8428 FERGUSON RD,505,CLSD,Caller left callback (214) 555-0087
 CC-24922 ,"COLEMAN, R",F,30,1989-05-27,3271 Lake June Rd,B-412,Closed,Witness can be reached at 214-555-1632
CC-62348,"booker, c",F, 23 ,5/26/1989,286 Westmoreland Rd,750,CLOSED,cb: (214) 555-4513; possibly linked to CC-17251
CC-46615,"MALONE, P",F,51,08/11/2020,2022 Greenville Ave,152,OPEN,cb: (214) 555-4894
CC-19700,"RODRIGUEZ, B",F,15,"February 13, 1981",5256 Westmoreland Rd,beat 501,CLSD,possibly linked to CC-91532
CC-17945,"ADAMS, S",m,26,2009-06-03,6575 Buckner Blvd,501, OPEN ,No callback number given
CC-97961,"MOORE, B",Male,7,"March 23, 2015",3392 Camp Wisdom Rd,beat 242,closed,"Anonymous tip, callback 214-555-0842, said they saw a dark sedan"
cc-82636,"VARGAS, M",M,34,2016-11-28,4489 Illinois Ave,629,OPEN,cb: 214.555.7456
CC-77587,"SMITH, F",Female,12,11/11/1982,6380 Bonnie View Rd,612,CLEARED,Caller left callback 214-555-2429
CC-39142,"TRAMMELL, B",M,47,08/01/1985,6303 Camp Wisdom Rd,612,OPEN,cb: 214.555.4957
CC-89220,"TURNER, E",M,unknown,2019-07-08,744 Marsalis Ave,303,OPEN,"Walk-in tip, declined to give contact"
CC-81916,"SANCHEZ, R",M, 24 ,04/10/1990,7509 ROYAL LN,130,CLOSED,Witness can be reached at (214) 555-4671
CC-41680,"HENDERSON, M",F,37,2023-10-04,7576 Military Pkwy,439,Closed,"Walk-in tip, declined to give contact"
CC-35824,"  CARTER, R ",M,28,3/21/1986,6537 Lancaster Rd,beat 717,Closed,
CC-60864,"MOORE, D",F,29,1999-02-16,5220 Military Pkwy,B-354,closed,"Walk-in tip, declined to give contact"
CC-99806,"parker, c",M,31,1998-03-19,9322 Elm St,B-326,CLOSED,"Tip line call, caller hung up"
CC-54975,"  THOMPSON, S ",M,28,"February 20, 2019",9595 Camp Wisdom Rd,beat 629,CLOSED,possibly linked to CC-85254
CC-38051,"torres, n",M,37,"July 21, 2022",8432 Kiest Blvd,338,Open,cb: 214-555-1626
CC-61533,"  MARTIN, B ",unk,44,11/29/2005,3646 LANCASTER RD,451,OPEN,"Walk-in tip, declined to give contact"
CC-98976,"  WALLACE, F ",F,22,1993-09-23,7552 Bonnie View Rd,Beat 750,open,Witness can be reached at 214.555.4474; possibly linked to CC-15429
cc-66128,"Vargas, B",M, 17 ,1982-08-19,1579 Ledbetter Dr,326,Closed,
CC-69113,"ROSS, H",MALE,40,2015-02-20,5982 Greenville Ave,beat 315,OPEN,"Walk-in tip, declined to give contact"
CC-34551,"LANE, W",F,27,"December 10, 2022",5889 Ferguson Rd,Beat 451,OPEN,"Walk-in tip, declined to give contact"
CC-81444,"  PATTERSON, E ",F, 0 ,4/18/1986,9027 Scyene Rd,beat 526,closed,cb: 214.555.3317
CC-34337,"OSEI, B",F,36,1992-10-10,2240 Camp Wisdom Rd,713,??,Witness can be reached at 214.555.3323; possibly linked to CC-49605
CC-14625,"ESPINOZA,  R",M,53,1981-04-25,3534 Jefferson Blvd,Beat 555,CLOSED,"Walk-in tip, declined to give contact"
CC-73768,"RODRIGUEZ, W",M,12,06/20/1991,145 Elm St,624,CLOSED,"Tip line call, caller hung up"
,"LOPEZ, J",M,43,"August 1, 1990",6090 Marsalis Ave,150,Closed,Caller left callback 214-555-0150
CC67265,"chavez, b",F,47,2011-02-13,3556 Westmoreland Rd,630, OPEN ,
CC-11223,"MURPHY, E",M,26,08/28/1998,8695 Greenville Ave, 553 ,OPEN,No callback number given
CC-66585,"HAWKINS, B",M,20,2010-04-08,7356 FAIR OAKS AVE,beat 150,closed,Witness can be reached at 214.555.4538
CC-87864,"SCOTT, B",M,16,2008-02-01,9203 Marsalis Ave,241,CLEARED,cb: (214) 555-5771; possibly linked to CC-89720
CC-92152,"PATTERSON, C",M,0,2025-10-17,554 FERGUSON RD, 713 ,CLOSED,cb: (214) 555-6364
CC-65816,"  WEBB, G ",Male,39,2017-12-17,822 Fair Oaks Ave,beat 651,CLOSED,Witness can be reached at 214.555.3418
CC-50536,"OKAFOR, R",MALE,36,2025-08-09,5318 ELM ST,beat 555,OPEN,Witness can be reached at 214.555.1073; possibly linked to CC-70944
CC-67424,"CRUZ, J",M,39,1986-12-24
CC-41287,"RODRIGUEZ,  M",M,22,2018-01-03,6560 MARSALIS AVE,B-754,Open,"Neighbor reported shots, no name, no number"
CC-83504,"PORTER, F",M,37,2/8/1986,8952 LARKMOOR LN,517,CLOSED,
CC-40466,"ruiz, h",Female,27,06/29/1981,4921 Lake June Rd,beat 625,CLOSED,"Walk-in tip, declined to give contact"
CC-59653,"TATE,  R",M,unknown,1996-10-12,4242 Ferguson Rd,420,OPEN,Witness can be reached at (214) 555-8895
cc-52848,"Owens, V",M,29,08/20/2010,7386 Singleton Blvd,,CLOSED,Caller left callback (214) 555-0955
 CC-50192 ,"YOUNG, B",M, 38 ,"March 13, 1999",5843 BONNIE VIEW RD,beat 438,closed,cb: 214.555.9222
 CC-24207 ,"GOMEZ, D", M,53,2024-10-02,6851 ILLINOIS AVE,410,CLOSED,"Walk-in tip, declined to give contact"
CC-24897,"GARNER, C", M,25,08/11/2010,1259 Webb Chapel Rd,Beat 429,Open,"Anonymous tip, callback (214) 555-3106, said they saw a dark sedan"
CC-36861,"marsh, r",M,12,02/22/1990,2997 Larkmoor Ln,651,Closed,"Walk-in tip, declined to give contact"
CC-93149,"TURNER, G",MALE,47,11/15/1992,320 HARRY HINES BLVD
CC-43814,"PAYNE, T",MALE,34,2022-05-08,155 Military Pkwy,202,closed,Witness can be reached at 214.555.1492
CC-20052,"GIBSON, S",Male,24,11/21/1999,5635 Jefferson Blvd,150,closed,"Neighbor reported shots, no name, no number"
CC-38695,"parker, v",F, 29 ,09/08/2016,7188 Westmoreland Rd,Beat 150,CLOSED,Caller left callback 214.555.9775
CC-50903,"VARGAS, V",M,40,1988-01-12,5411 Webb Chapel Rd,Beat 410,CLOSED,cb: (214) 555-9721
CC-47898,"sims, b",Female,34,1997-03-22,6790 Kiest Blvd,beat 256,closed,
CC-52043,"  BRYANT, B ",M,29,9/16/2008,2524 LEDBETTER DR,430,CLOSED,cb: 214-555-1549
CC-11011,"Bryant, H",F,21,2/1/1989,7183 Military Pkwy,526,CLOSED,"Neighbor reported shots, no name, no number"
CC-57845,"delgado, v",M,39,08/08/1999,9469 Bonnie View Rd,beat 651,CLOSED,possibly linked to CC-38984
CC88740,"TURNER,  W",M,31,"June 24, 2001",5964 Webb Chapel Rd,Beat 717,Open,"Neighbor reported shots, no name, no number"
CC53393,"LOPEZ, H",M,21,01/01/1986,8515 Harry Hines Blvd,208,CLOSED,Witness can be reached at 214.555.0521
CC-85732,"CARTER, F",Male,10,"January 7, 2012",6729 Military Pkwy,121,OPEN,"Anonymous tip, callback 214-555-6675, said they saw a dark sedan"
CC-39494,"ORTIZ, G",M,23,06/12/1985,1227 CAMP WISDOM RD,246,Open,
CC-39239,"WEBB, C",M,35,3/19/1991,2902 Westmoreland Rd, 234 ,CLOSED,
cc-57038,"FLORES, P",Male,999,04/08/2007,9092 Larkmoor Ln,Beat 455,CLOSED,cb: (214) 555-4108
 CC-19474 ,"Porter, N",M,23,2000-07-13,7480 WEBB CHAPEL RD,328,CLEARED,"Walk-in tip, declined to give contact"
cc-76221,"  NAVARRO, J ",m,42,1991-08-01,514 FERGUSON RD,,closed,cb: (214) 555-1886
cc-65068,"nguyen, j",F,32,1988-04-12,8135 Fair Oaks Ave,631,Open,"Neighbor reported shots, no name, no number"
 CC-86061 ,"WHITE, G",M,27,05/03/2022,8919 Marsalis Ave,354,closed,Caller left callback 214.555.9537
CC-59527,"nguyen, e",Female,21,"October 27, 2009",4783 Lancaster Rd,338,OPN,
CC-45156,"TRAMMELL, K",MALE,7,1984-02-23,2457 Lancaster Rd, 157 ,CLOSED,"Walk-in tip, declined to give contact"
CC87180,"PORTER, K",M,29,3/25/1992,7312 Camp Wisdom Rd,beat 219,CLOSED,Caller left callback 214.555.4988
CC-89692,"YOUNG, D",M,27,2000-08-09,7886 WEBB CHAPEL RD,553,Closed,Caller left callback 214-555-8630; possibly linked to CC-26253
CC-86744,"HOWARD, D",M,50,10/07/2010,4653 Singleton Blvd, 202 ,CLOSED,possibly linked to CC-49375
CC-58197,"JENKINS,  R",F,11,"November 11, 2018",3195 Bonnie View Rd,Beat 150,OPEN,Caller left callback 214.555.9845
CC 56256,"  GREEN, P ",M,37,"March 6, 2003",9722 Elm St,121,OPEN,
CC-21230,"lopez, t",f, 36 ,2001-06-23,5661 ELM ST,630,CLOSED,Witness can be reached at 214.555.2730
 CC-11438 ,"FORD, D",M,28,07/02/1990,2208 MARSALIS AVE,133,CLOSED,possibly linked to CC-51308
CC-57275,"EVANS, G", M, 16 ,1995-04-02,1909 Marsalis Ave,Beat 519,CLEARED,Witness can be reached at 214-555-6548
CC-58694,"HILL, E",F,UNK,6/2/1985,5323 Buckner Blvd,B-412,CLOSED,"Anonymous tip, callback (214) 555-3616, said they saw a dark sedan"
CC-31132,"FUENTES, W",MALE,23,06/24/1991,278 WEBB CHAPEL RD,750,CLOSED,possibly linked to CC-36677
CC76248,"MENDOZA, C",F,50,2016-04-30,7618 Singleton Blvd,,CLOSED,Caller left callback 214.555.6682
CC-79704,"Hill, N",M,35,1981-06-09,9172 Ledbetter Dr,Beat 519,Closed,Witness can be reached at (214) 555-0327
CC-11123,"  SANCHEZ, J ",M,31,2/11/2007,5780 Greenville Ave,B-219,closed,
 CC-41162 ,"fuentes, j",F,23,1994-10-16,1759 Fair Oaks Ave,412,open,cb: 214.555.1382; possibly linked to CC-92106
 CC-46353 ,"williams, j",M,50,09/14/1997,9918 Jefferson Blvd,119,Closed,
CC-54667,"turner, m", M,25,"December 1, 1991",9649 Lancaster Rd,750,CLOSED,cb: 214.555.9165
CC-55217,"NAVARRO, S", M,45,1991-03-30,9962 Elm St,B-241,CLOSED,Witness can be reached at 214-555-2264
CC-17961,"VARGAS, W",M,17,1986-10-28,5068 Buckner Blvd,651,open,
CC-10034,"THOMPSON, P",Male,21,"June 14, 1992",9400 Illinois Ave,625,CLOSED,Caller left callback (214) 555-8464
CC-39651,"HALL, R",M,13,1988-06-28,8931 Lancaster Rd,717,closed,"Walk-in tip, declined to give contact"
CC-72950,"delgado, n",M,24,1988-01-04,712 Ferguson Rd,beat 555,OPEN,"Tip line call, caller hung up"
CC-63602,"Collins, M",M,32,1994-12-19,7645 Bonnie View Rd,717,OPEN,"Walk-in tip, declined to give contact"
CC-27740,"MCCOY, D",M, 30 ,2011-07-13,4049 Ferguson Rd,Beat 216,closed,cb: 214.555.0620
CC-56277,"Hill, K",M,0,9/9/2020,6931 Camp Wisdom Rd,, OPEN ,cb: 214.555.6914
CC-39588,"MEDINA, E",MALE,49,2023-01-04,6099 Harry Hines Blvd,beat 624,Open,
cc-48969,"GARNER, E",M, 12 ,1994-05-18,2021 FAIR OAKS AVE,B-612,closed,Caller left callback (214) 555-0640
 CC-36658 ,"WALKER, E",M,27,"October 20, 2003",941 HARRY HINES BLVD,713,CLOSED,"Tip line call, caller hung up"
 CC-32007 ,"ORTIZ, R",M,29,"May 13, 2023",3048 Jefferson Blvd,,closed,"Anonymous tip, callback (214) 555-5764, said they saw a dark sedan"
CC-37184,"owens, v",MALE, 37 ,"September 18, 1984",8723 LANCASTER RD,beat 420,CLOSED,Caller left callback 214.555.1896
CC-64120,"SMITH, R",F, 32 ,"April 9, 2023",4884 Bonnie View Rd,Beat 219,closed,"Anonymous tip, callback 214-555-8400, said they saw a dark sedan"
CC-80171,"  RUIZ, M ",MALE,36,"November 10, 1982",3055 Bonnie View Rd,553,closed,Caller left callback 214-555-3729
CC-66283,"douglas, p",Male,49,1990-06-07,8418 Harry Hines Blvd,625,OPEN,Witness can be reached at (214) 555-1179
CC-33753,"HUGHES, E",F,22,04/05/1998,2823 Elm St,219,CLOSED,Witness can be reached at (214) 555-4001
CC-95153,"banks, v",M,10,11/14/1994,4040 Marsalis Ave,beat 216,CLOSED,Caller left callback (214) 555-7770
CC40957,"richardson, k",MALE,28,"September 13, 2011",2343 Ledbetter Dr,234,Closed,"Anonymous tip, callback 214.555.6284, said they saw a dark sedan"
CC-25727,"Watson, R",M,19,"February 4, 1995",2626 Ledbetter Dr,beat 246,Open,"Anonymous tip, callback 214-555-4936, said they saw a dark sedan"
CC-90730,"NAVARRO, A",MALE,40,2021-01-17,3397 Royal Ln, 451 ,CLOSED,cb: (214) 555-3018
cc-26372,"MILLER, R",Male,46,05/22/1991,2451 Ferguson Rd,741,open,cb: (214) 555-0702
CC-32675,"BOOKER, A", M,40,1996-03-04,562 Marsalis Ave,553,CLOSED,Caller left callback (214) 555-3071
CC-43113,"Tucker, S",M,30,1994-10-20
 CC-28283 ,"RAMOS, E",m,42,03/02/1993,8745 Kiest Blvd,B-219,Open,cb: (214) 555-2456
CC-69131,"Okafor, J",M,29,1990-06-08,3792 Royal Ln,beat 550,open,"Anonymous tip, callback 214-555-8833, said they saw a dark sedan"
CC-79124,"Fields, T",M,7,1994-08-18,6147 BONNIE VIEW RD,624,closed,"Walk-in tip, declined to give contact"
cc-69783,"hill, w",F,unknown,1986-09-21,6932 JEFFERSON BLVD,216,CLSD,Caller left callback 214.555.2023
CC-71627,"Sanders, L",M,19,8/19/2020,9614 Buckner Blvd,B-713,CLOSED,Witness can be reached at 214-555-2530
CC-84558,"BRYANT, P",M,36,2007-05-24,4727 LEDBETTER DR,B-624,CLOSED,Witness can be reached at 214.555.8161; possibly linked to CC-37666
CC84718,"HENDERSON, P",M,33,4/23/1991,8223 LANCASTER RD,Beat 529,closed,No callback number given
CC-71186,"  SIMMONS, G ",M,37,1991-02-07,168 HARRY HINES BLVD,217,CLOSED,Caller left callback 214-555-2232
CC-73281,"torres, d",m,42,06/11/2022,4716 ILLINOIS AVE,119,OPN,"Tip line call, caller hung up"
CC-76321,"SULLIVAN, V",MALE,39,2017-02-06,7440 ELM ST,741,OPEN,"Neighbor reported shots, no name, no number"
CC-65668,"SULLIVAN, R",M, 4 ,2010-06-09,8682 Webb Chapel Rd,,CLSD,
CC-87607,"CASTILLO,  D",F,19,2008-11-12,209 Scyene Rd,B-629,OPEN,cb: 214.555.1539
CC-23921,"GARCIA,  W",F,23,1991-12-05,1592 Royal Ln,724, OPEN ,Witness can be reached at (214) 555-3028
CC-96993,"smith, j",M,35,1995-12-30,3486 Bonnie View Rd,B-202,CLOSED,Witness can be reached at 214.555.8698
 CC-38838 ,"CALDWELL, K",M,42,"February 14, 2022",785 Ferguson Rd,242,OPEN,Witness can be reached at 214.555.4024
XX-70038,"LANE, A",M,30,1988-03-07,4299 Bonnie View Rd,409,OPEN,Witness can be reached at 214.555.5881; possibly linked to CC-66678
CC-27908,"MCCOY, G",M,37,2021-04-13,6404 Scyene Rd,,Closed,"Neighbor reported shots, no name, no number"
CC-41515,"  PRICE, J ",F,29,"January 7, 1998",3338 Harry Hines Blvd,153,open,"Anonymous tip, callback 214-555-0426, said they saw a dark sedan"
 CC-35442 ,"Sanders, S",M,39,2018-07-20,1152 Scyene Rd,315,CLOSED,No callback number given
CC-51257,"MARTIN, W",M,42,06/19/1982,6012 Webb Chapel Rd,629,OPEN,cb: 214-555-2931
CC 79495,"  CALDWELL, K ",female,9,05/08/2001,8806 Greenville Ave,217,Closed,Caller left callback 214-555-8791
CC-56009,"SCOTT, R",F, 42 ,1981-12-29,6240 Fair Oaks Ave,234,open,
CC-30408,"  ADAMS, D ",M,0,1993-01-18,2134 Lake June Rd,B-430,CLSD,"Walk-in tip, declined to give contact"
 CC-34021 ,"guerrero, a",MALE,26,1991-05-05,9204 Buckner Blvd,409, OPEN ,possibly linked to CC-51642
 CC-11813 ,"  GRAHAM, B ",Male,32,"August 1, 2019",7815 Webb Chapel Rd,702,CLOSED,"Anonymous tip, callback 214-555-7723, said they saw a dark sedan"
CC-55692,"wilson, l",F,51,2016-10-14,5521 Harry Hines Blvd,B-202,CLOSED,
CC-53044,"Gomez, H",F,37,2017-08-07,5503 Bonnie View Rd,303,CLOSED,Caller left callback 214-555-2227
CC 15210,"LOPEZ, G", M,27,1997-11-11,3746 LANCASTER RD,B-631,OPN,"Tip line call, caller hung up"
cc-51975,"MARTINEZ,  K",M, 28 ,1981-11-10,1696 LARKMOOR LN,630,CLOSED,No callback number given
cc-22470,"RICHARDSON, M",M,22,05/21/1997,5146 Elm St,359,closed,
 CC-89632 ,"HOWARD, T",F, 27 ,2005-05-20,7687 Camp Wisdom Rd,202,CLOSED,"Anonymous tip, callback 214-555-1342, said they saw a dark sedan"
CC-36416,"James, W",M,,1987-03-10,9711 LANCASTER RD,409,closed,Witness can be reached at 214.555.1943
CC-19385,"  SMITH, A ",M,44,"November 17, 2001",9253 Webb Chapel Rd,Beat 526,CLOSED,cb: 214.555.5762
CC-90185,"  MOORE, N ",M,47,1992-09-22,6572 Lake June Rd,119,CLOSED,cb: 214-555-0215
CC-92072,"WALLACE, H",M,37,1981-09-21,7221 Marsalis Ave,359,CLEARED,
CC-34673,"WATSON, S",M,30,1985-03-20,6402 Bonnie View Rd, 420 ,CLOSED,Caller left callback 214-555-4176
CC-44927,"  LOPEZ, P ",M,28,"July 26, 1990",8290 Buckner Blvd,beat 326,OPEN,"Neighbor reported shots, no name, no number"
 CC-88723 ,"PEREZ, T",M,26,2017-04-01,2363 Scyene Rd,B-455,Open,cb: (214) 555-1085
CC-59208,"Turner, C",F, 49 ,2/28/2005,2905 Webb Chapel Rd,B-215,open,"Tip line call, caller hung up"
cc-21321,"LOPEZ, E",F ,44,1984-04-17,2284 Westmoreland Rd,beat 152,CLEARED,"Anonymous tip, callback 214-555-1236, said they saw a dark sedan"
CC-41657,"PAYNE, S",M, 32 ,1994-06-12,1995 Scyene Rd,418,OPEN,"Anonymous tip, callback (214) 555-0519, said they saw a dark sedan"
 CC-88758 ,"DOUGLAS, L",M,15,2015-03-01,6725 Scyene Rd,beat 335,OPEN,cb: (214) 555-3938
cc-17385,"Guerrero, W",F,32,"January 16, 2010",1620 Lancaster Rd,beat 754,closed,Witness can be reached at (214) 555-0913
CC-82070,"TORRES, E",M,31,1986-08-12,6559 SCYENE RD, 713 ,OPEN,Caller left callback 214.555.6638
CC-97629,"LANE, C",M, 56 ,"December 24, 2008",4164 Camp Wisdom Rd,335,OPEN,
CC-44936,"RODRIGUEZ, V",M,18,"April 12, 1992",7879 Camp Wisdom Rd,Beat 157,closed,"Tip line call, caller hung up"
CC-40988,"  TUCKER, T ",U,29,10/27/1992,9039 Webb Chapel Rd,724,CLEARED,Witness can be reached at (214) 555-3133
CC-26528,"KING, W",f, 23 ,"August 16, 1996",624 Webb Chapel Rd,517,OPN,"Neighbor reported shots, no name, no number"
CC-33583,"Young, B",M,31,2021-04-07,4470 Lake June Rd,303,Closed,"Anonymous tip, callback (214) 555-9813, said they saw a dark sedan; possibly linked to CC-28161"
CC-24672,"BANKS, L", M,45,08/31/1982,7939 Singleton Blvd,702,CLOSED,
CC-88262,"THOMPSON, M",M,42,1985-01-29,2523 Singleton Blvd,438,CLOSED,cb: 214-555-9023
CC-13935,"guerrero, r",MALE,999,07/23/1992,1790 LANCASTER RD,B-328,OPEN,"Anonymous tip, callback 214.555.4982, said they saw a dark sedan"
cc-48495,"GIBSON,  M",M,20,2000-10-04,9254 Kiest Blvd,624,CLOSED,No callback number given
CC-43190,"WOODS, G",M,999,2024-10-26,4248 Military Pkwy,612,Closed,Caller left callback 214-555-9752
CC-12911,"HARRIS, T",M,37,2002-02-25,6303 Harry Hines Blvd,Beat 451,CLOSED,"Tip line call, caller hung up"
CC-50222,"BELL, C",F,49,2012-06-17,8076 Lake June Rd,Beat 119,CLOSED,cb: 214.555.5330
CC-54406,"foster, g",F,38,10/27/2020,3895 Military Pkwy,624,CLOSED,Witness can be reached at (214) 555-4736
CC-23786,"  WALLACE, G ",M,30,06/18/2020,9634 Lake June Rd,beat 215,CLOSED,Caller left callback 214.555.6640; possibly linked to CC-19081
CC-46604,"torres, d",M,40,11/09/1987,7017 Royal Ln,beat 429,CLOSED,Witness can be reached at (214) 555-3179
CC 71810,"MOORE, P",F,24,05/27/1989,1075 Westmoreland Rd,B-359,OPEN,
CC-70221,"TURNER, M",MALE,36,1989-07-25,2187 Ferguson Rd,234,CLOSED,"Walk-in tip, declined to give contact"
CC20593,"SANCHEZ, K",m,18,"October 19, 2016",2469 Kiest Blvd,208,OPEN,No callback number given
cc-89963,"Phillips, H",F,30,1991-11-28,9327 Camp Wisdom Rd,,CLOSED,Witness can be reached at 214-555-3610
CC-15638,"PAYNE, E",M,44,1988-04-08,6158 Ferguson Rd,451,CLOSED,"Anonymous tip, callback (214) 555-5612, said they saw a dark sedan"
CC-11135,"CHAVEZ, K",Male,57,2016-12-02,950 Larkmoor Ln,501,CLOSED,cb: 214-555-3011
CC-62361,"GRAHAM, B",F,33,04/20/1997,2749 ROYAL LN,328,open,No callback number given
CC-27465,"Washington, B",F,30,2005-09-29,608 Singleton Blvd,529,closed,No callback number given
CC-14283,"THOMAS, L",M,58,1/29/2008,8748 ROYAL LN,130,OPN,"Walk-in tip, declined to give contact"
 CC-37606 ,"  BELL, R ",F,40,1993-06-25,5388 Webb Chapel Rd,Beat 216,CLOSED,"Neighbor reported shots, no name, no number"
CC-95620,"SCOTT, A",female,47,7/29/1990,6089 Westmoreland Rd,B-553,CLOSED,Witness can be reached at 214.555.5633
CC-56800,"PRUITT, N",M,12,01/29/2018,8697 Elm St,B-420,OPEN,possibly linked to CC-53966
CC-71216,"ESPINOZA, B",M,50,"June 1, 2017",6562 Greenville Ave,328,PENDING?,
 CC-88151 ,"ROBINSON, W",F ,17,9/20/2014,4104 Lancaster Rd,beat 455,CLOSED,"Anonymous tip, callback (214) 555-9938, said they saw a dark sedan"
cc-87643,"BRYANT, H",Male,47,2000-09-11,3891 Scyene Rd,256,OPEN,No callback number given
 CC-30924 ,"SIMS, W",F, 40 ,11/19/1994,7175 Webb Chapel Rd, 150 ,CLOSED,Caller left callback 214-555-9293
cc-51060,"Price, E",F,30,1985-03-06,1856 Ferguson Rd,217,Open,possibly linked to CC-54809
CC-18458,"reyes, t",M,21,05/26/2022,4537 Military Pkwy,410, OPEN ,"Walk-in tip, declined to give contact"
CC-15558,"foster, c", M,42,01/31/2005,2212 SINGLETON BLVD,521,CLEARED,Caller left callback 214-555-4310
CC-29570,"NAVARRO, K",F,26,2010-09-06,1120 Illinois Ave,Beat 354, OPEN ,Caller left callback 214.555.5258
CC-89635,"ortiz, p",F ,20,08/24/13x,2715 Greenville Ave,328,CLOSED,possibly linked to CC-21888
CC-24109,"ORTIZ, A",M, 39 ,1989-06-25,5548 Greenville Ave,430,OPN,cb: (214) 555-4439; possibly linked to CC-96198
CC18124,"Spencer, P",F, 20 ,1989-03-24,2730 Kiest Blvd, 505 , OPEN ,cb: 214-555-5227
CC-83026,"RIVERA, C", M, 45 ,1989-11-13,295 Camp Wisdom Rd,754,OPEN,"Anonymous tip, callback 214.555.5922, said they saw a dark sedan"
CC-66849,"SANCHEZ, N",F, 47 ,2009-10-24,8873 Military Pkwy,beat 612,CLSD,cb: (214) 555-0022
CC-79195,"RIVERA, J",M,26,2022-11-13,4464 Bonnie View Rd,beat 702,CLOSED,"Walk-in tip, declined to give contact"
CC-34082,"HAWKINS, E",MALE,12,3/14/1993,2009 Buckner Blvd, 247 , OPEN ,"Walk-in tip, declined to give contact"
CC-21712,"WOODS, G",M,17,10/04/2002,4982 Ferguson Rd,625,CLOSED,"Tip line call, caller hung up"
CC-39904,"hughes, h",F,20,06/03/1990,9310 LANCASTER RD,Beat 625,Closed,No callback number given
 CC-70275 ,"SANDERS, B",M,58,2002-06-10,8532 Ferguson Rd,354,CLOSED,cb: 214-555-7084
CC-40453,"  GRANT, N ",M,38,"September 22, 2016",6388 Greenville Ave,315,OPEN,Witness can be reached at 214.555.8218
cc-35318,"Lane, M",M,31,1984-07-08,4298 Lancaster Rd,153,OPEN,cb: 214.555.8675
CC-27597,"WHITE, S",M, 24 ,2007-05-06,6287 Camp Wisdom Rd,Beat 121,closed,"Anonymous tip, callback (214) 555-4699, said they saw a dark sedan"
cc-84230,"HAYES, R",MALE,27,1995-11-23,5847 Elm St,555,CLOSED,"Neighbor reported shots, no name, no number"
CC92476,"Murphy, V",M,14,05/07/1988,9525 ILLINOIS AVE,beat 328,Closed,Caller left callback (214) 555-7277
CC-96868,"ROSS, E",M,36,10/24/2017,6663 Greenville Ave,130,CLOSED,"Neighbor reported shots, no name, no number"
 CC-41053 ,"NELSON,  C",F,30,2021-07-09,7351 Westmoreland Rd,505,open,"Walk-in tip, declined to give contact"
CC-46718,"BROOKS, E",M,,1997-02-23,7298 Elm St,beat 121,OPEN,possibly linked to CC-73278
CC-85957,"RICHARDSON, T",M,28,1998-09-20,1176 Lake June Rd,328,closed,No callback number given
CC-95701,"EVANS, C",M,57,"September 30, 1982",5398 Singleton Blvd,631,closed,"Anonymous tip, callback 214.555.6261, said they saw a dark sedan"
CC-36802,"stewart, w",M,28,07/02/2006,7259 LEDBETTER DR,724,OPEN,"Anonymous tip, callback (214) 555-7585, said they saw a dark sedan"
 CC-60285 ,"CHAVEZ, S",F,32,05/05/1998,955 Singleton Blvd, 409 ,CLOSED,"Tip line call, caller hung up"
CC-39532,"HAYES,  D",Male,26,2011-11-18,4884 Ledbetter Dr,242,Open,
 CC-24450 ,"  LANE, M ",M,13,07/30/2005,3675 Marsalis Ave, 130 ,CLOSED,"Anonymous tip, callback 214-555-8917, said they saw a dark sedan"
CC-38672,"Medina, P", M,16,2014-11-24,7643 Singleton Blvd, 550 ,CLOSED,"Anonymous tip, callback (214) 555-0979, said they saw a dark sedan; possibly linked to CC-57906"
CC33148,"PRICE, F",F,24,06/30/2016,5141 Westmoreland Rd,133,Closed,Witness can be reached at (214) 555-1437
cc-62653,"HAWKINS, E",M,23,1987-04-10,4479 Bonnie View Rd,429,closed,cb: (214) 555-4956; possibly linked to CC-21116
 CC-10561 ,"FORD,  F",M,?,2003-12-29,947 LEDBETTER DR,beat 754,Closed,Caller left callback 214-555-5249
CC-53373,"MALONE, R",m,28,4/28/2006,5496 LANCASTER RD,410,CLOSED,Caller left callback (214) 555-6097
CC28262,"DAVIS, N",F, 24 ,"March 1, 1992",9343 Royal Ln,629,CLOSED,Caller left callback 214-555-4022
CC-94859,"TORRES, W",Male,14,"April 2, 1991",1263 MARSALIS AVE,Beat 338,CLOSED,cb: 214-555-8061; possibly linked to CC-18324
CC-73788,"ESPINOZA, B",Male,32,2022-11-11,8978 MARSALIS AVE,Beat 754,CLOSED,
CC-33986,"WALLACE, J",M,16,2016-05-26,4882 Buckner Blvd,157,CLOSED,Witness can be reached at 214.555.0833
CC-56191,"PEREZ, J",M,18,09/16/1994,3619 Bonnie View Rd,153,Open,
CC-89921,"navarro, d",M,9,2013-11-23,8207 Buckner Blvd,529,CLOSED,"Anonymous tip, callback 214.555.7413, said they saw a dark sedan"
CC65261,"  WALLACE, W ",F,34,1993-10-17,3771 Harry Hines Blvd,beat 505,CLOSED,
CC30567,"GRANT, E",Female, 28 ,1996-09-05,4194 Bonnie View Rd,beat 420,CLOSED,
CC-55519,"LANE, K",female,32,"February 25, 1984",4010 JEFFERSON BLVD,410, OPEN ,No callback number given
CC50368,"Wright, N",M,0,"June 30, 2015",2590 Buckner Blvd,429,CLSD,Caller left callback 214.555.3047
CC-79469,"Ramirez, K", M, 36 ,2025-08-09,2823 Bonnie View Rd,beat 119,closed,"Tip line call, caller hung up"
CC-55537,"HALL, T",M, 35 ,2024-02-17,8974 Webb Chapel Rd,455, OPEN ,Witness can be reached at 214.555.9217
CC-39974,"GRAHAM, F",F,32,2020-07-28,216 Military Pkwy,455,CLOSED,possibly linked to CC-60684
cc-17707,"Vargas, B",female,38,2024-11-14,7942 Harry Hines Blvd,beat 241,Open,No callback number given
CC 57195,"webb, d",M,-1,1992-12-24,4212 MILITARY PKWY,234,CLOSED,possibly linked to CC-84325
CC-45960,"MENDOZA, T",M,56,2024-10-26,719 Lancaster Rd,121,OPEN,
XX-58832,"NGUYEN, M",M,23,06/13/2024,6001 Ferguson Rd,Beat 338, OPEN ,
CC-69404,"  WILSON, H ",F,21,"January 26, 2024",7186 Harry Hines Blvd,beat 553,CLOSED,possibly linked to CC-13165
cc-33702,"  PRUITT, G ",M,4,2008-02-30,7217 CAMP WISDOM RD,157,CLOSED,"Tip line call, caller hung up"
CC-49906,"espinoza, n",M,37,06/19/2005,6578 GREENVILLE AVE,beat 429,CLSD,cb: (214) 555-9978
CC-42710,"EDWARDS, V",M,40,03/04/2000,8742 Royal Ln,354,CLSD,Caller left callback 214.555.3679
CC-66133,"Holland, P",M,22,2009-12-23,6917 MARSALIS AVE,beat 624,CLOSED,Caller left callback 214-555-4254
CC11457,"  JOHNSON, R ",M,16,09/23/2023,3106 BUCKNER BLVD,152,CLEARED,"Walk-in tip, declined to give contact"
CC-46404,"  TUCKER, V ",F,46,11/10/2007,2948 Singleton Blvd,,OPEN,"Anonymous tip, callback 214.555.9686, said they saw a dark sedan"
CC-31364,"FUENTES, L",M,41,1985-05-09,9273 Scyene Rd,630,OPEN,No callback number given
CC-47926,"WEBB, B",M,22,2013-10-24,8930 CAMP WISDOM RD,338,OPN,"Tip line call, caller hung up"
CC-75127,"HERRERA, W",M,N/A,2022-11-04,1860 Ledbetter Dr,beat 234, OPEN ,Witness can be reached at 214-555-5378
cc-47490,"CHAVEZ, W",MALE,20,1992-12-13,3909 Webb Chapel Rd,beat 202,Open,
CC-33087,"Phillips, P",M, 50 ,1985-06-22,2962 Larkmoor Ln,429,Open,possibly linked to CC-97032
CC82728,"Ruiz, T",M,43,2018-04-16,5724 BUCKNER BLVD,B-420,open,"Anonymous tip, callback (214) 555-5805, said they saw a dark sedan"
CC 96315,"WOODS, F",Male,6,2014-01-05,9206 Marsalis Ave,beat 754,OPEN,Witness can be reached at 214.555.9359
CC 97411,"stewart, h",F,26,1999-02-20,7675 Elm St,412,OPEN,No callback number given
cc-99845,"  GIBSON, S ",F,55,1992-09-08,411 Kiest Blvd,550,CLSD,Caller left callback 214.555.3792
CC-20963,"Flores, M",M,1,"August 4, 2019",7984 Westmoreland Rd,553,CLOSED,No callback number given
CC-94389,"  PAYNE, J ",F,32,06/28/1983,9949 Scyene Rd,455,CLOSED,Caller left callback 214-555-0908
CC-70713,"MARTINEZ, V",F,18,11/18/2003,812 Singleton Blvd,Beat 553,closed,"Anonymous tip, callback 214-555-4074, said they saw a dark sedan"
CC35231,"hall, m",M,48,3/30/1993,576 JEFFERSON BLVD,beat 247,UNK,Witness can be reached at 214-555-0593
CC-55564,"  RUIZ, E ",F ,19,2006-10-04,3962 Ledbetter Dr,409,OPEN,"Tip line call, caller hung up"
CC-26234,"nguyen, n",Male,48,"March 12, 1999",8551 CAMP WISDOM RD,B-651,CLOSED,"Walk-in tip, declined to give contact"
CC 62826,"WARD, L",F,54,10/20/2011,7189 Singleton Blvd,625,OPEN,"Tip line call, caller hung up"
CC-56326,"Perry, V",M,999,"November 24, 1982",2321 Scyene Rd,234,CLOSED,Witness can be reached at 214.555.3312
CC-75616,"BANKS, F",M,19,2005-02-27,836 Lake June Rd,335,CLOSED,Caller left callback 214.555.8695
CC-68726,"Patterson, H",M,23,1987-03-11,9176 Ferguson Rd,234,CLOSED,"Neighbor reported shots, no name, no number"
 CC-99464 ,"SANDERS, R", M,16,2023-06-08,6711 Fair Oaks Ave,Beat 216,OPEN,No callback number given
CC-52543,"RODRIGUEZ, V",M, 36 ,2000-07-31,9547 Jefferson Blvd,B-217,CLOSED,"Tip line call, caller hung up"
CC-72894,"king, p",M,40,9/5/2010,8140 ELM ST,beat 412,CLOSED,Caller left callback 214-555-4321
cc-87540,"WALLACE, B",Male,999,2003-04-21,6358 Jefferson Blvd,326,CLEARED,
CC-69482,"  WHITE, B ",female,58,1990-08-04,4887 Larkmoor Ln,241,CLSD,No callback number given
CC-97511,"  WEBB, L ",M, 30 ,2012-07-31,7189 Marsalis Ave,Beat 429,OPN,Witness can be reached at 214.555.6218
 CC-72141 ,"Marsh, H",MALE, 46 ,12/1/2017,7983 Ledbetter Dr,beat 717,OPEN,Witness can be reached at 214.555.3529
CC-84600,"PARKER, F",MALE,23,01/07/2015,513 WESTMORELAND RD,119,CLSD,cb: 214-555-1382
cc-79051,"  COLEMAN, H ",m, 55 ,2014-02-14,5395 Royal Ln,,OPEN,cb: 214-555-1020
CC-92992,"  HAWKINS, N ",M,4,5/8/2020,8286 Webb Chapel Rd, 335 ,CLOSED,cb: 214-555-3442
CC-80151,"Gomez, N",M,39,09/12/1986,9151 Ledbetter Dr, 451 ,OPN,"Walk-in tip, declined to give contact"
CC-38014,"flores, j",F,48,1996-07-11,3144 Fair Oaks Ave,526,Open,Caller left callback 214.555.0810
CC-22266,"NAVARRO, E",M,35,1989-05-16,5011 Kiest Blvd,beat 119,OPEN,"Anonymous tip, callback 214.555.8918, said they saw a dark sedan"
CC-76782,"  DAVIS, D ",M, 47 ,1983-11-03,6766 Harry Hines Blvd,526, OPEN ,Witness can be reached at (214) 555-7366
CC-32917,"FIELDS, N",M,3,1994-11-19,551 Royal Ln, 242 ,CLEARED,Caller left callback (214) 555-5954
 CC-40348 ,"NORRIS, M",M,31,"November 4, 2025",2015 Fair Oaks Ave,202,OPEN,"Anonymous tip, callback (214) 555-8370, said they saw a dark sedan"
cc-86308,"PERRY, W",M,15,1988-08-12,2236 Harry Hines Blvd,741,CLEARED,possibly linked to CC-65836
cc-30446,"booker, r", M, 14 ,"December 26, 1991",5688 Fair Oaks Ave,B-526,CLOSED,cb: (214) 555-1759
CC-16780,"NORRIS, M",F, 42 ,1998-07-05,3991 Buckner Blvd,beat 242,CLOSED,"Anonymous tip, callback (214) 555-3089, said they saw a dark sedan"
CC41835,"RAMIREZ, N",M, 30 ,"November 6, 1987",5222 Westmoreland Rd,754,CLOSED,
CC-77082,"  BANKS, H ",M,25,"July 12, 2018",6214 Marsalis Ave,Beat 625,OPN,"Neighbor reported shots, no name, no number"
CC-11141,"webb, j",M,0,2012-06-25,5067 Ferguson Rd,beat 234,CLOSED,Caller left callback (214) 555-9442; possibly linked to CC-40903
 CC-30812 ,"Garcia, L",M,23,2022-09-02,3755 Lancaster Rd,438,CLOSED,"Tip line call, caller hung up"
CC 35402,"ESPINOZA, G",M,38,04/18/2008,3115 Lancaster Rd,550,open,
cc-60917,"ADAMS, R",F,31,2016-05-08,8005 Jefferson Blvd,B-217,CLSD,Caller left callback 214-555-3531
CC-85540,"WRIGHT, V",M,35,09/03/1986,1018 GREENVILLE AVE,713,CLOSED,
CC-71551,"TUCKER, P",Male,43,2018-06-10,7756 Webb Chapel Rd,328,CLSD,Witness can be reached at (214) 555-9919
CC-14620,"gibson, c",M,45,1/17/1994,9648 Kiest Blvd,B-651,OPEN,"Anonymous tip, callback 214.555.1446, said they saw a dark sedan"
CC-52579,"RODRIGUEZ, D",M,35,1999-11-17,4613 Military Pkwy,241,CLEARED,cb: 214-555-5958
CC-95268,"FIELDS, K",F,31,2007-07-24,1290 Buckner Blvd,133,CLOSED,possibly linked to CC-53539
 CC-70298 ,"ROSS, N",M, 20 ,11/06/1993,1083 MILITARY PKWY,629,CLEARED,Witness can be reached at 214.555.4093
CC18938,"OWENS, P", M,35,"March 1, 1992",8994 BUCKNER BLVD,beat 526,CLOSED,Caller left callback (214) 555-5962
CC-28346,"WOODS, K",M,46,1981-12-06,6844 Buckner Blvd,326,CLOSED,No callback number given
 CC-85701 ,"CARTER, R",M,48,2019-01-09,772 Westmoreland Rd,beat 219,CLOSED,cb: 214.555.1797
CC-54104,"sanders, r",Male,40,2025-09-11,3398 Lake June Rd,Beat 501,OPEN,Witness can be reached at 214-555-1292
CC-97534,"Vargas, N",M,34,10/25/2019,8997 Ledbetter Dr,555,Closed,No callback number given
CC-15708,"SULLIVAN, S",M,33,02/17/1992,1079 Westmoreland Rd,Beat 553,CLOSED,Caller left callback (214) 555-2342
CC75610,"Wilson, V",M,36,2002-09-07,6541 Greenville Ave,529,Open,"Neighbor reported shots, no name, no number"
CC-85164,"FOSTER, T",Female,53,1991-10-23,3388 Singleton Blvd,B-409,CLOSED,cb: 214-555-0682
CC-15519,"RODRIGUEZ, V",M,27,"January 15, 1994",7276 Elm St,741,CLOSED,"Anonymous tip, callback 214.555.7858, said they saw a dark sedan"
CC-58339,"  SANDERS, L ",M,21,2010-03-21,6140 Buckner Blvd,150,OPEN,Witness can be reached at 214-555-1347
CC-98950,"ORTIZ, N",M,38,1986-05-07,7291 Camp Wisdom Rd,412,OPEN,cb: (214) 555-1407
CC 85690,"DIXON, D",M,46,11/15/2025,836 Westmoreland Rd,420,open,"Anonymous tip, callback 214.555.0485, said they saw a dark sedan; possibly linked to CC-56145"
CC 75367,"LOPEZ,  V",Male,34,1996-06-26,8101 Camp Wisdom Rd,Beat 409,closed,
CC-77865,"Hill, G",M, 22 ,"June 3, 2005",7518 LAKE JUNE RD,,CLSD,"Anonymous tip, callback 214.555.2614, said they saw a dark sedan"
cc-80679,"delgado, v",F,44,"September 22, 2020",3140 Buckner Blvd,439,CLOSED,
CC-66319,"MENDOZA, L",M, 30 ,1996-02-22,1044 Harry Hines Blvd,Beat 418,Closed,cb: 214.555.1008
 CC-65226 ,"MALONE, P",Male,44,1981-11-16,2596 Camp Wisdom Rd,629,Open,cb: 214-555-4373
CC21891,"Ward, W",F,31,1991-07-19,2897 Larkmoor Ln,beat 150,Closed,Caller left callback (214) 555-3708
CC-60416,"WELLS, B",M,21,08/27/1997,6739 Fair Oaks Ave,550,closed,"Walk-in tip, declined to give contact"
CC-92545,"  OWENS, G ",F,63,2004-11-20,8828 Marsalis Ave, 438 ,CLOSED,"Anonymous tip, callback (214) 555-6635, said they saw a dark sedan"
CC 68112,"MENDOZA, V",Male,35,04/22/2017,4470 Royal Ln,651,closed,Witness can be reached at 214.555.0337
cc-37089,"payne, n",F,35,12/22/1997,5978 Fair Oaks Ave,Beat 241,PENDING?,
 CC-41433 ,"PHILLIPS, K",f,16,2006-02-30,8578 Singleton Blvd,B-550,OPN,"Neighbor reported shots, no name, no number"
CC-52380,"DIXON, D",m,38,1986-10-22,1737 Bonnie View Rd,612,CLSD,"Anonymous tip, callback (214) 555-8571, said they saw a dark sedan"
CC-55420,"DOUGLAS, N",M,28,2004-03-30,4955 Ledbetter Dr,133,Closed,cb: 214.555.9594
CC-37382,"Grant, C",M,46,2002-05-24,6455 BONNIE VIEW RD,256,OPN,"Tip line call, caller hung up"
CC-48668,"HAWKINS, N",Male,62,2015-07-05,6059 Illinois Ave,631,OPEN,cb: (214) 555-5369; possibly linked to CC-67469
cc-23423,"phillips, s",Male,40,1997-02-30,7737 Camp Wisdom Rd,beat 246,CLOSED,"Anonymous tip, callback 214-555-5128, said they saw a dark sedan"
CC-87951,"ORTIZ, B",M,27,2019-04-24,4842 Harry Hines Blvd,409,Open,possibly linked to CC-47611
CC-78181,"HUGHES, A",Male,0,06/09/1995,1043 Lancaster Rd,328,CLOSED,
cc-62322,"Chavez, T",M,33,1991-12-25,8038 Jefferson Blvd,beat 501,CLEARED,
 CC-65939 ,"NORRIS, A",Male,43,2000-09-22,3081 Greenville Ave,Beat 121,CLOSED,"Anonymous tip, callback 214.555.1602, said they saw a dark sedan"
CC42937,"DIXON, W",M,39,"June 22, 1994",5829 Ferguson Rd,430,OPN,"Anonymous tip, callback 214.555.0232, said they saw a dark sedan"
CC-79435,"RAMIREZ, K",F,14,01/06/1990,7966 Lancaster Rd,Beat 429,open,Witness can be reached at 214.555.1226
CC-76794,"CALDWELL, S",M,32,2021-03-29,4185 FERGUSON RD,beat 247,open,Witness can be reached at 214.555.1739
CC-21294,"MCCOY,  R",M,28,1995-07-27,5205 Harry Hines Blvd,B-217,OPEN,cb: 214-555-7867
CC-38437,"JACKSON, A",F,29,2019-04-28,1014 Scyene Rd,505,OPEN,"Tip line call, caller hung up"
cc-19121,"Henderson, N",M,46,1998-11-08,6763 MILITARY PKWY, 153 ,OPEN,
CC76489,"  BELL, C ",m,28,2007-08-03,8109 Westmoreland Rd,629,CLOSED,"Walk-in tip, declined to give contact"
CC-22874,"BRYANT, F",m,48,2014-04-02,3633 SINGLETON BLVD,Beat 354,OPEN,No callback number given
CC-65161,"FOSTER, D",M,26,2000-06-25,1804 Marsalis Ave,303,closed,No callback number given
CC-18220,"Hall, L",M,25,2004-03-03,8664 LARKMOOR LN,B-219,CLEARED,Witness can be reached at (214) 555-5533
CC-20343,"Navarro, S",F,38,"November 21, 2013",9260 Larkmoor Ln,Beat 550,CLOSED,"Walk-in tip, declined to give contact"
CC-37870,"CASTILLO, A",M,23,1990-07-20,8753 Camp Wisdom Rd,beat 338,CLOSED,Caller left callback 214-555-7324
 CC-61680 ,"BAKER, C",Male,UNK,1990-04-28,4321 LANCASTER RD,B-517,CLOSED,"Walk-in tip, declined to give contact"
cc-35674,"  CHAVEZ, P ",m,22,1990-03-31,3935 Webb Chapel Rd, 526 ,CLOSED,"Neighbor reported shots, no name, no number"
cc-76100,"MOORE, G",F,19,"November 21, 1990",1497 BONNIE VIEW RD,430, OPEN ,Caller left callback 214.555.0542
CC-56755,"Webb, T",M,18,1988-08-09,3856 Lake June Rd,beat 519,OPEN,Witness can be reached at 214.555.2716
CC-15127,"king, w",F, 26 ,09/06/1993,420 Ledbetter Dr, 651 ,CLSD,Witness can be reached at 214.555.0420
CC 61243,"ADAMS, V",M,43,10/26/2025,6332 Lake June Rd,121,OPEN,possibly linked to CC-72080
CC-74043,"HARRIS, J",MALE,19,"December 5, 2014",2171 Lake June Rd,457,CLOSED,"Neighbor reported shots, no name, no number"
CC-19766,"  BROOKS, V ",M,31,6/26/2010,9522 LARKMOOR LN,beat 624,OPN,"Tip line call, caller hung up"
CC-25828,"Stewart, H", M,30,05/30/2005,3241 Illinois Ave,724,CLOSED,cb: (214) 555-7549
CC39129,"FLORES, S",U,7,2/14/2022,3053 Larkmoor Ln,Beat 505,open,"Neighbor reported shots, no name, no number"
CC36207,"ADAMS,  J", M,18,1981-09-09,7933 Bonnie View Rd,B-303, OPEN ,"Walk-in tip, declined to give contact"
CC-86382,"Pruitt, E",M, 18 ,2008-02-09,3653 GREENVILLE AVE,741,CLOSED,
cc-25893,"EVANS, J",M,46,1988-05-01,7642 Lancaster Rd,429,closed,No callback number given
CC-40833,"PAYNE, S",M,26,"September 16, 2011",9395 Elm St,beat 550,CLOSED,
 CC-87513 ,"ELLIS, E",F,26,1990-02-23,6205 Elm St,217,open,"Anonymous tip, callback (214) 555-1486, said they saw a dark sedan"
 CC-43780 ,"JAMES, F",M,59,2022-09-26,5015 Royal Ln,202,Open,"Walk-in tip, declined to give contact"
CC-35266,"CASTILLO,  R",F,22,04/01/2003,2457 KIEST BLVD,Beat 439,closed,"Anonymous tip, callback (214) 555-0255, said they saw a dark sedan"
CC-19649,"BOOKER, G",F,19,"October 5, 2010",827 ROYAL LN, 410 ,CLEARED,No callback number given
CC-94438,"Williams, R",m,11,1992-02-29,1706 Elm St,Beat 150,CLOSED,Caller left callback (214) 555-4186
CC17658,"EVANS, C",f,38,"January 11, 1984",7983 Webb Chapel Rd,,CLOSED,"Tip line call, caller hung up"
CC-52955,"  LEWIS, N ",M,12,05/19/1986,1449 Webb Chapel Rd,B-519,CLOSED,possibly linked to CC-59178
CC-28853,"Vargas, A",M,29,1989-04-02,6315 Webb Chapel Rd,Beat 624,CLOSED,
CC-51294,"HALL,  E",M,UNK,1993-01-20,2962 SINGLETON BLVD,Beat 555,CLOSED,Witness can be reached at (214) 555-0190
cc-33194,"  HAYES, S ",M,17,2020-11-04,3067 Scyene Rd,521,CLOSED,"Anonymous tip, callback 214.555.3313, said they saw a dark sedan"
CC-58495,"MARTINEZ, K",M,17,2004-05-25,1775 Singleton Blvd,Beat 152,CLOSED,Witness can be reached at 214.555.0835
CC-43943,"HOLLAND, L",M, 34 ,1994-10-23,4078 BUCKNER BLVD,beat 624,OPN,No callback number given
 CC-89215 ,"JACKSON, T",M,31,6/12/1989,7104 Marsalis Ave,B-713,CLOSED,"Tip line call, caller hung up"
CC-88312,"WALKER, H",M,6,2022-05-19,5409 Illinois Ave,B-202,OPEN,possibly linked to CC-58751
CC-12195,"YOUNG, M",F,21,2020-07-02,5176 Ferguson Rd,Beat 517,OPEN,"Anonymous tip, callback 214-555-4319, said they saw a dark sedan"
CC-56296,"hughes, t",M,19,1992-04-11,6049 Royal Ln,750,CLEARED,cb: 214-555-8004
cc-49113,"PRICE, E",MALE,31,2005-03-31,1636 KIEST BLVD,beat 555,closed,"Neighbor reported shots, no name, no number"
CC-69891,"RAMIREZ, S",Male,22,1/25/2001,5565 Bonnie View Rd,B-412,Open,"Anonymous tip, callback (214) 555-7419, said they saw a dark sedan; possibly linked to CC-68300"
CC-88878,"TURNER, K",M,24,"March 21, 2012",5887 Ferguson Rd,724,CLSD,"Anonymous tip, callback (214) 555-3632, said they saw a dark sedan"
 CC-31519 ,"TATE, E",M,55,1997-07-09,9617 Ledbetter Dr,328,Closed,possibly linked to CC-65277
cc-49494,"Osei, M",M,27,2018-08-17,9838 Larkmoor Ln,629,closed,
CC-24602,"Ford, J",M, 46 ,"March 31, 2010",5878 Lake June Rd,,CLEARED,Witness can be reached at 214-555-2554
CC-83983,"GUERRERO, V",M,19,2013-11-07,3068 Camp Wisdom Rd,724,OPEN,"Walk-in tip, declined to give contact"
CC-83024,"JAMES, P",F,999,"January 20, 1997",5452 Westmoreland Rd,B-455,OPEN,Witness can be reached at (214) 555-0970
CC-15325,"harris, w",M,27,"October 6, 2003",8140 Westmoreland Rd,121,OPEN,Witness can be reached at (214) 555-4435
CC46500,"GIBSON, N",M,41,1994-10-18,1164 ILLINOIS AVE,624,CLOSED,cb: (214) 555-6041
CC-12267,"Ramirez, B",M,17,1998-12-01,3530 Marsalis Ave,630,CLOSED,
CC-13561,"morales, e",F,24,2024-12-24,8695 Military Pkwy,754,CLOSED,Caller left callback 214.555.5127; possibly linked to CC-32601
CC 73759,"PHILLIPS, M",M,27,"November 11, 2018",3175 Lancaster Rd,359,Closed,Caller left callback 214-555-3713
CC-88391,"Pruitt, F",MALE,32,08/01/2021,6571 Lancaster Rd,beat 429,OPEN,"Neighbor reported shots, no name, no number"
CC-59736,"Garner, T",M,46,12/3/1997,7833 Lake June Rd,717,CLOSED,Witness can be reached at 214-555-5354
CC 57915,"Edwards, N",M,33,1994-09-02
 CC-14430 ,"BROOKS, D",M,29,2017-12-12,1585 Illinois Ave,702,open,"Anonymous tip, callback 214.555.0546, said they saw a dark sedan"
CC-89316,"TRAMMELL, H",F,48,10/26/1992,5835 Lake June Rd,713,CLOSED,Witness can be reached at 214-555-3790
CC-82272,"Ross, B",female,23,1992-03-27,2449 Lake June Rd,629,CLEARED,"Anonymous tip, callback 214.555.0505, said they saw a dark sedan"
 CC-64196 ,"Carter, M",MALE,50,"November 4, 2021",1081 Greenville Ave,150,CLOSED,
CC-95380,"miller, v",f, 22 ,2022-10-18,3294 HARRY HINES BLVD,629,CLOSED,"Walk-in tip, declined to give contact"
CC-35207,"STEWART, H",M,35,2004-09-20,2794 BUCKNER BLVD, 241 ,CLOSED,
CC-91619,"martinez, v",M,31,1/5/1987,4522 Greenville Ave,beat 121,open,
 CC-54453 ,"DIXON, B",M,29,1986-11-06,7771 Lancaster Rd,702,Closed,
CC-46200,"  BOOKER, C ",M,26,1988-07-21,6800 LANCASTER RD,beat 219,CLOSED,"Walk-in tip, declined to give contact"
CC-69188,"Reyes, N",M,27,04/15/2023,3002 Larkmoor Ln, 119 ,OPN,cb: 214.555.1483
CC-48197,"EDWARDS, N",F,30,2002-04-18,4881 Jefferson Blvd,beat 754,CLOSED,"Anonymous tip, callback 214.555.5069, said they saw a dark sedan"
CC-54175,"patterson, k",M,38,2020-11-17,7883 BUCKNER BLVD,625,closed,possibly linked to CC-37444
CC-73912,"lewis, l",M,43,10/21/2025,5915 BUCKNER BLVD,beat 505,Closed,"Tip line call, caller hung up"
CC-48882,"CRUZ, R",M,53,3/10/1986,4883 Lancaster Rd,457,CLOSED,"Neighbor reported shots, no name, no number"
CC34917,"LANE, T",MALE,26,"April 11, 1998",6276 Lancaster Rd,750,CLOSED,Caller left callback 214.555.3456; possibly linked to CC-66376
CC-14442,"GUERRERO, D",female,27,1988-09-02,1532 Marsalis Ave,beat 359,CLOSED,"Anonymous tip, callback 214.555.2641, said they saw a dark sedan"
CC-18305,"  CASTILLO, J ",F,17,"May 14, 1996",2986 JEFFERSON BLVD, 624 ,OPEN,Witness can be reached at 214-555-1259
CC-89055,"EVANS, L",F,52,7/12/1985,9083 Singleton Blvd,519,CLOSED,cb: 214.555.7892
CC-66527,"Espinoza, V",F,44,2014-03-22,7776 ROYAL LN,150,CLOSED,cb: (214) 555-2506
CC-82866,"TUCKER, G",MALE,40,2000-03-25,3854 Ledbetter Dr, 217 ,open,Caller left callback (214) 555-7959
CC-48720,"CARTER, B",m,43,1993-05-15,2622 MARSALIS AVE,246, OPEN ,No callback number given
CC-44047,"REED, S",F,21,11/27/2007,978 LARKMOOR LN,501,CLOSED,"Neighbor reported shots, no name, no number"
CC-54233,"  OKAFOR, F ", M,45,07/30/1994,2868 LAKE JUNE RD,717,CLOSED,"Anonymous tip, callback 214-555-0147, said they saw a dark sedan"
CC-75006,"perez, g",M,32,10/8/2015,9607 Scyene Rd,beat 133,CLOSED,"Anonymous tip, callback 214-555-9948, said they saw a dark sedan"
CC-18056,"CRUZ,  K", M,39,11/03/1990,4126 Jefferson Blvd,121,OPEN,"Tip line call, caller hung up"
CC-73412,"BELL, J", M,20,"October 15, 1990",7052 Buckner Blvd,beat 208,OPEN,No callback number given
CC-39286,"RODRIGUEZ, R",female,36,10/21/2015,8250 Lake June Rd, 208 ,CLOSED,"Walk-in tip, declined to give contact"
CC-59198,"CRUZ, H",,15,1994-11-02,5314 Buckner Blvd,152,CLOSED,Caller left callback 214.555.2654
CC-52081,"  ROBINSON, H ",M,24,"December 15, 1989",8373 Singleton Blvd,beat 741,CLOSED,Witness can be reached at 214-555-5891
CC98211,"  MILLER, B ",M,42,2016-04-24,1550 Webb Chapel Rd,beat 359,CLOSED,No callback number given
CC43698,"REED, E",,62,"October 11, 2012",6125 Jefferson Blvd,Beat 315,closed,possibly linked to CC-81651
CC-92757,"simmons, n",m,19,"May 12, 1982",6963 Larkmoor Ln,303,CLOSED,Witness can be reached at (214) 555-8101
CC-15339,"GOMEZ, D",M,10,2011-03-01,6267 BONNIE VIEW RD,717,closed,Witness can be reached at 214-555-2871
CC-93081,"JAMES, A",F ,40,1989-10-19,8208 ROYAL LN,418,CLOSED,Caller left callback 214-555-1580; possibly linked to CC-32683
CC-74798,"gibson, b",M, 27 ,2020-05-02,1305 Webb Chapel Rd,429,CLOSED,Caller left callback 214-555-1695
CC-75045,"bryant, w",M,48,"August 16, 1997",8410 Scyene Rd,beat 234,CLOSED,"Anonymous tip, callback (214) 555-6617, said they saw a dark sedan"
CC-73475,"Tate, N",MALE,34,"October 26, 1998",136 ELM ST,beat 625,CLOSED,Caller left callback 214.555.4219
CC-83918,"GOMEZ, N",M,50,4/4/2005,6587 Marsalis Ave,B-754,OPEN,"Anonymous tip, callback 214-555-5870, said they saw a dark sedan; possibly linked to CC-86395"
CC-11958,"ROSS, M",U,15,1989-02-17,904 Elm St,702,CLOSED,Caller left callback 214.555.7517
CC-20831,"HENDERSON, C",M,24,1981-05-31,4828 Webb Chapel Rd,152,OPEN,
CC-97577,"PATTERSON,  E",M,29,2014-12-16,3181 Marsalis Ave,B-326,Closed,Caller left callback 214-555-5346
CC-66676,"GIBSON, E",M,20,2005-12-09,2315 Singleton Blvd,B-133,OPEN,Witness can be reached at 214-555-9096
CC88506,"fuentes, t",F,39,1982-05-04,1314 Greenville Ave,B-501,CLSD,Caller left callback (214) 555-8962
CC-80851,"bryant, v",Male,19,"August 7, 2016",7968 Ledbetter Dr,328,closed,cb: (214) 555-6433
CC-85163,"GARCIA, J",M,24,3/30/1989,2565 Westmoreland Rd, 612 ,OPEN,"Walk-in tip, declined to give contact"
CC-24031,"JOHNSON, A",M,37,04/18/1991,1695 WESTMORELAND RD,256, OPEN ,
CC-51878,"OSEI, A",F,6,1990-10-02,2054 Buckner Blvd,326, OPEN ,Witness can be reached at 214-555-1401
CC-76331,"  JORDAN, E ",M, 20 ,10/01/2022,2685 Ledbetter Dr,B-526,OPEN,"Anonymous tip, callback (214) 555-8423, said they saw a dark sedan"
cc-70735,"BOOKER, B",m,9,"January 11, 2010",6592 LAKE JUNE RD,Beat 234,CLOSED,Witness can be reached at 214-555-5779
CC-13765,"BELL, G",m,17,4/5/2016,1541 Greenville Ave, 429 ,CLOSED,"Anonymous tip, callback (214) 555-0944, said they saw a dark sedan"
CC-42768,"BOOKER, W",M,33,1991-10-06,9763 Ferguson Rd,157,OPEN,"Neighbor reported shots, no name, no number"
CC-19436,"REED, K",Male,39,1988-07-07,4619 Singleton Blvd,150,CLOSED,No callback number given
CC78532,"JOHNSON, L", M,unknown,1981-05-07,5765 Webb Chapel Rd,Beat 130,CLEARED,"Neighbor reported shots, no name, no number"
CC-92091,"THOMAS, S",M,41,1994-09-10,5423 Camp Wisdom Rd,B-359,CLOSED,"Walk-in tip, declined to give contact"
 CC-77901 ,"ford, f",M,37,01/06/1996,9518 Ledbetter Dr,354,CLOSED,"Anonymous tip, callback 214.555.3027, said they saw a dark sedan"
CC-42099,"Owens, D",M,unknown,1997-07-07,9705 Elm St,526,CLEARED,"Anonymous tip, callback 214.555.2111, said they saw a dark sedan"
CC-12976,"FLORES, N",MALE,20,1992-11-24,2075 Greenville Ave,247,OPEN,cb: (214) 555-0077
CC-36530,"Fuentes, P",f,45,1999-11-24,6944 BUCKNER BLVD,234,Closed,"Walk-in tip, declined to give contact"
cc-82115,"GOMEZ, A",M,39,1996-01-05,8569 Westmoreland Rd,702,OPEN,Caller left callback 214.555.3437
CC-10685,"GRAHAM, J",M,32,1992-03-08,2950 Buckner Blvd, 750 ,closed,"Tip line call, caller hung up"
cc-23980,"  PARKER, G ",Male,46,2006-06-14,2057 BONNIE VIEW RD, 153 ,OPEN,"Tip line call, caller hung up"
CC81682,"jenkins, f",M, 30 ,"December 4, 2017",7382 Harry Hines Blvd,241,OPEN,
CC-31483,"MEDINA, F",F,29,2024-09-29,6491 Bonnie View Rd,Beat 429,open,"Walk-in tip, declined to give contact"
 CC-23908 ,"HILL, K",F ,62,2017-09-13,2496 Ledbetter Dr,629,OPN,Caller left callback (214) 555-9189
CC-83918,"GOMEZ,  N",M,50,2005-04-04,6587 Marsalis Ave,B-754,OPN,cb: (214) 555-5870; possibly linked to CC-86395
CC-16156,"JORDAN, F",M,32,08/29/2031,6728 Scyene Rd, 741 ,closed,"Walk-in tip, declined to give contact"
CC-44951,"MARTINEZ, T",m,27,03/03/2010,4510 CAMP WISDOM RD,B-612,CLOSED,"Anonymous tip, callback (214) 555-0563, said they saw a dark sedan"
CC-99931,"REED, N",Male, 9 ,unknown,1644 Kiest Blvd,420,CLEARED,"Walk-in tip, declined to give contact"
CC26551,"DELGADO, S",M,47,1985-04-21,8156 Harry Hines Blvd,521,CLOSED,"Walk-in tip, declined to give contact"
CC-87671,"LONG, G",M, 47 ,06/29/1981,1074 Lancaster Rd,429,Closed,Caller left callback 214.555.2996
CC-28337,"TORRES, C",F,37,1993-04-08,7927 Lancaster Rd, 451 ,closed,possibly linked to CC-53196
CC14448,"Turner, L",M,26,12/09/1991,418 Kiest Blvd,215,OPEN,"Neighbor reported shots, no name, no number"
CC-92196,"  PEREZ, R ",Male,13,2022-11-14,6324 Camp Wisdom Rd,Beat 315,OPEN,
CC-67714,"Morales, D",F, 8 ,1996-12-07,1473 WEBB CHAPEL RD,,OPEN,"Anonymous tip, callback (214) 555-0717, said they saw a dark sedan"
CC70389,"BOOKER, H",M,12,1990-07-10,8270 Fair Oaks Ave, 418 , OPEN ,
CC-96375,"jenkins, e", M,18,2012-04-26,8759 SCYENE RD,beat 410,CLEARED,"Tip line call, caller hung up"
CC-53843,"RAMOS, R",MALE,54,2021-11-09,4602 BUCKNER BLVD,328,CLSD,cb: 214.555.5757
CC-86717,"SCOTT, S",f,,"August 20, 1993",8625 Greenville Ave,,CLOSED,
CC-21464,"BELL, M",M,?,03/09/1996,8419 Fair Oaks Ave,B-359,CLSD,Witness can be reached at (214) 555-7468
CC-35056,"THOMAS, N", M, 13 ,2016-02-25,5816 Camp Wisdom Rd,553,OPEN,Caller left callback 214-555-0453; possibly linked to CC-82305
CC-47141,"RAMOS, J",M,21,11/02/2006,5633 Illinois Ave,beat 241,Closed,"Anonymous tip, callback 214-555-2281, said they saw a dark sedan"
CC-43412,"booker, r",M,17,"February 6, 2012",809 Bonnie View Rd
CC-51712,"ross, n",m,32,05/16/2024,421 Scyene Rd,Beat 702,open,
cc-95253,"long, m",F,29,10/23/2014,8310 LARKMOOR LN,717,CLOSED,
 CC-10023 ,"flores, v",M,31,9/15/1982,8223 Marsalis Ave,555,CLOSED,Witness can be reached at (214) 555-8510
CC-97460,"JAMES, G",M,31,2011-12-18,4109 Marsalis Ave, 418 ,OPN,
CC-48873,"Wright, N",F, 40 ,2020-11-02,8997 Ledbetter Dr,B-457,OPN,Caller left callback (214) 555-6559
CC-15309,"  ELLIS, C ",M,8,2024-02-21,1425 Marsalis Ave,Beat 133,OPN,"Walk-in tip, declined to give contact"
 CC-95976 ,"GRANT, C",M,41,07/08/1983,1979 Royal Ln, 741 ,Closed,Caller left callback 214-555-8272
CC-95352,"SIMMONS, H",m,26,1991-06-08,1376 Westmoreland Rd,Beat 208,closed,possibly linked to CC-10034
CC25624,"  WILSON, H ",F,37,1998-01-11,2471 BUCKNER BLVD,517,OPEN,
CC-70161,"THOMAS, B",M,26,01/04/2008,1250 Buckner Blvd,429,closed,No callback number given
CC-90081,"HARRIS, L",U, 23 ,2006-04-10,1996 Ledbetter Dr,505,OPEN,possibly linked to CC-85221
CC-21085,"parker, v",F, 37 ,8/23/1994,2496 Military Pkwy,216,Closed,"Neighbor reported shots, no name, no number"
CC-88596,"JORDAN, S",F, 42 ,"December 11, 1988",8844 Fair Oaks Ave, 717 ,CLOSED,No callback number given
cc-22869,"Watson, J", M,44,"March 17, 1985",1562 LEDBETTER DR,133,CLSD,No callback number given
CC-54751,"  RAMIREZ, G ",F,33,"January 19, 2010",2745 Camp Wisdom Rd, 629 ,OPEN,Caller left callback 214-555-5718; possibly linked to CC-67724
CC-85813,"  BELL, T ",female,18,1994-11-19,9500 ILLINOIS AVE,Beat 455,CLOSED,Witness can be reached at 214-555-6373
CC-55787,"  CASTILLO, R ",M,30,2022-01-14,9133 Camp Wisdom Rd,521,OPEN,"Walk-in tip, declined to give contact"
CC-16971,"OKAFOR, C",F,24,"January 1, 1996",3088 Jefferson Blvd,624,CLOSED,Caller left callback 214-555-9157; possibly linked to CC-80742
CC-79961,"NELSON, M",M, 0 ,1999-06-25,6406 SCYENE RD,121,closed,Witness can be reached at (214) 555-9739
cc-55228,"  HARRIS, T ",m,12,04/09/2001,1487 SCYENE RD,Beat 629,OPEN,Caller left callback 214.555.0092
cc-55777,"MARSH, P",M,29,1987-09-11,7036 Illinois Ave,247,Open,Caller left callback 214.555.5713
CC-98200,"  PAYNE, J ",M, 37 ,2003-03-31,9564 Scyene Rd,521,OPEN,Witness can be reached at 214-555-2295
cc-43944,"  GREEN, R ",M,26,1997-10-08,1386 LEDBETTER DR,529,Closed,
CC-68173,"GRANT,  K",M,27,07/27/1996,6015 Fair Oaks Ave,Beat 754,Closed,"Walk-in tip, declined to give contact"
CC-97204,"OWENS, A",F,41,"October 28, 2006",9155 Fair Oaks Ave,Beat 438,OPEN,
CC-18458,"  REYES, T ",MALE,21,2022-05-26,4537 Military Pkwy,410,open,"Tip line call, caller hung up"
CC-79229,"OWENS,  N",MALE,10,03/10/1997,6059 Illinois Ave,B-713,CLOSED,"Anonymous tip, callback 214.555.6727, said they saw a dark sedan"
CC-83320,"ELLIS, C",M,18,1997-05-17,5453 Lancaster Rd,beat 438,OPEN,
cc-73105,"MARSH, M",M,53,12/04/2009,9283 FERGUSON RD,Beat 328,OPEN,"Walk-in tip, declined to give contact"
CC-61372,"  RIVERA, N ",M,30,1992-04-16,9686 CAMP WISDOM RD,713,closed,
CC-70823,"REYES, H",U,39,5/16/1995,9231 Westmoreland Rd,505,Closed,Witness can be reached at (214) 555-0316
 CC-61539 ,"TRAMMELL, J",M,45,11/10/2016,7256 Buckner Blvd,359,OPEN,"Walk-in tip, declined to give contact"
CC-99100,"Dixon, K",M, 15 ,1999-10-08,4465 Ferguson Rd, 303 ,CLOSED,possibly linked to CC-15807
 CC-39059 ,"patterson, j",F,25,02/11/2019,2437 WESTMORELAND RD,219,OPEN,"Tip line call, caller hung up"
CC-65687,"Ramos, K",MALE,23,11/22/1991,8125 FAIR OAKS AVE,451,CLEARED,"Walk-in tip, declined to give contact"
CC-67042,"Morales, V",M,13,05/18/1987,1780 Buckner Blvd,,OPEN,"Walk-in tip, declined to give contact"
 CC-17670 ,"GRANT, M",M,32,2005-07-18,1701 Bonnie View Rd,717,CLSD,cb: 214.555.2082
CC-30043,"SPENCER, K",,N/A,10/11/1997,2552 Ledbetter Dr,157,OPN,
CC-87872,"FUENTES, P",F,19,06/15/1990,908 Illinois Ave,335,OPEN,
CC-92081,"GUERRERO, M",M,52,2019-12-30,1915 Kiest Blvd,219,CLOSED,cb: 214-555-9083
CC-78286,"CARTER, L",M,19,1987-09-02,396 ELM ST,B-439,CLOSED,Witness can be reached at (214) 555-4495
CC-95926,"  ADAMS, S ",M,13,12/05/1992,5497 MARSALIS AVE, 521 ,CLOSED,Witness can be reached at 214-555-3650
CC30433,"Booker, P",M, 30 ,06/24/2006,9304 Fair Oaks Ave,754,CLOSED,Witness can be reached at 214-555-5466
 CC-61258 ,"Reed, D",m,36,2019-08-05,9909 Elm St,Beat 153,CLOSED,cb: 214-555-5169

CC-50160,"SULLIVAN, N",M,22,2009-11-30,1531 Royal Ln,,OPN,"Tip line call, caller hung up"
CC-96483,"RIVERA, B",m,42,2021-03-30,5148 Military Pkwy,Beat 328,CLOSED,cb: 214-555-4911
CC-92015,"PAYNE, H",M,31,"January 9, 1992",7824 Harry Hines Blvd,702,CLEARED,cb: (214) 555-8686; possibly linked to CC-62055
CC-54469,"Ward, N",female,22,03/26/2000,1614 Buckner Blvd, 242 ,OPN,"Neighbor reported shots, no name, no number"
CC-58077,"perez, s",MALE,17,1985-11-08,9009 Buckner Blvd,121,Closed,cb: 214.555.2455; possibly linked to CC-36802
CC-66015,"SANCHEZ, N",M,22,12/17/2016,5350 KIEST BLVD,Beat 555,CLOSED,"Neighbor reported shots, no name, no number"
CC-48255,"Simmons, J",M,20,1997-01-24,4233 MARSALIS AVE,B-438,OPEN,
cc-94914,"  CARTER, M ",F,54,1984-11-24,1545 Greenville Ave,328,CLOSED,"Neighbor reported shots, no name, no number"
CC-62760,"TORRES, E",F,10,"September 4, 2022",9874 Camp Wisdom Rd,529,CLOSED,possibly linked to CC-87864
CC-85945,"PRUITT, S",F,24,2/9/1986,5875 Scyene Rd, 501 ,closed,"Anonymous tip, callback 214-555-2746, said they saw a dark sedan"
CC14299,"EDWARDS, R",Male,unknown,"April 1, 1989",8013 LANCASTER RD,526,CLOSED,"Tip line call, caller hung up"
CC-54085,"JENKINS, K",Female,54,02/12/1982,6069 Military Pkwy,501,CLOSED,cb: (214) 555-9272
CC-61116,"NELSON, H",female,47,2007-05-16,6864 Lake June Rd,Beat 451,CLOSED,"Neighbor reported shots, no name, no number"
cc-22299,"ESPINOZA, B", M,24,08/30/1992,8239 Illinois Ave, 526 ,open,cb: 214.555.5110
CC-64333,"  YOUNG, J ",M, 47 ,1989-05-24,2395 Westmoreland Rd,121,OPEN,No callback number given
CC-80940,"cruz, g",MALE,21,1990-02-21,5402 SINGLETON BLVD,beat 246,CLSD,Witness can be reached at 214-555-5047; possibly linked to CC-99949
 CC-83065 ,"Okafor, L", M, 33 ,09/19/1991,258 Camp Wisdom Rd,750,OPEN,"Walk-in tip, declined to give contact"
CC-37768,"mendoza, l",Male,18,2022-02-14,9322 BUCKNER BLVD,553,OPEN,Caller left callback 214-555-6904
CC-45349,"GRAHAM, C",M,26,1988-12-11,3297 WEBB CHAPEL RD,517,Open,"Anonymous tip, callback (214) 555-4226, said they saw a dark sedan"
CC-64378,"FORD, C",M,29,07/25/2002,4026 Bonnie View Rd,555,OPEN,"Walk-in tip, declined to give contact"
CC-38606,"RUIZ, G",m, 22 ,2006-05-23,6691 Elm St,526,closed,Caller left callback (214) 555-9933
CC-34319,"FORD, C",Male,22,1989-11-07,1353 Elm St,,Closed,cb: 214-555-8358
CC-33068,"ROBINSON, J",M,20,03/15/1986,4876 Fair Oaks Ave,234,CLOSED,"Anonymous tip, callback (214) 555-2307, said they saw a dark sedan; possibly linked to CC-33527"
CC-32846,"Ortiz, A",M,48,N/A,8263 Jefferson Blvd,717,CLSD,Witness can be reached at 214.555.4112
CC-94936,"WEBB, A",M,24,1988-12-11,2222 Camp Wisdom Rd,234,OPEN,
CC-51308,"JENKINS, C", M,34,"November 26, 1988",5480 SCYENE RD,130,Closed,Caller left callback (214) 555-9578
CC-62010,"Okafor, K",MALE,39,11/11/1997,1844 Greenville Ave,beat 612,CLOSED,Witness can be reached at 214-555-7612
cc-74877,"torres, r",F,30,1991-04-18,2610 Harry Hines Blvd,217,open,cb: (214) 555-7499
CC-56490,"PERRY, D",F,20,12/25/2010,6442 Webb Chapel Rd,247, OPEN ,Witness can be reached at (214) 555-1211
cc-68529,"fuentes, v",M,38,10/11/1990,4566 Ferguson Rd,455,open,
CC-77520,"SIMMONS, A",M,11,9/9/1990,5927 Ledbetter Dr,702,Open,Witness can be reached at (214) 555-4612
CC20314,"  REYES, L ",F,20,03/10/2003,4658 CAMP WISDOM RD,Beat 326,open,No callback number given
cc-11563,"Moore, P",M,41,1991-05-12,8168 Lancaster Rd,624,OPEN,"Neighbor reported shots, no name, no number"
CC-94518,"ellis, t",M,27,8/31/1997,4815 Webb Chapel Rd,157,CLEARED,"Anonymous tip, callback (214) 555-0905, said they saw a dark sedan"
CC49768,"Parker, D",M,53,2017-10-27,250 BONNIE VIEW RD, 612 ,CLOSED,"Tip line call, caller hung up"
CC-15325,"HARRIS, W",M,27,2003-10-06,8140 Westmoreland Rd,121,OPN,Caller left callback 214-555-4435
 CC-12482 ,"  PRUITT, F ",M,29,1986-07-21,7739 Bonnie View Rd,B-354,CLOSED,"Neighbor reported shots, no name, no number"
CC 61874,"MEDINA, S",M,28,2011-09-06,9136 MILITARY PKWY,beat 651,OPEN,Witness can be reached at 214.555.7065
CC-87222,"coleman, h",M,46,"April 1, 2015",7023 Jefferson Blvd,beat 451,OPEN,possibly linked to CC-72458
CC-99681,"  ESPINOZA, D ",M,42,2014-03-26,7306 Harry Hines Blvd,beat 724,CLOSED,Witness can be reached at 214.555.5180
CC-65102,"SIMS, C",M,35,2006-07-03,7780 Harry Hines Blvd,315,CLOSED,"Walk-in tip, declined to give contact"
CC 90614,"WALKER, D",M,28,1994-02-27,6496 Jefferson Blvd,B-625,CLOSED,Witness can be reached at 214.555.7807
CC-20871,"mccoy, d",M,9,1985-11-20,6008 WESTMORELAND RD,328,open,No callback number given
CC-92487,"  MORALES, J ",M,10,3/1/2002,7438 Illinois Ave,beat 153,Open,
CC-97630,"  CRUZ, E ",M,53,"June 11, 2018",3346 Fair Oaks Ave,438,CLOSED,"Anonymous tip, callback (214) 555-1689, said they saw a dark sedan"
CC-11882,"robinson, h",M,17,3/31/2025,3299 Lancaster Rd,215,OPN,"Neighbor reported shots, no name, no number"
,"Patterson, J",M, 27 ,05/08/1996,4975 Singleton Blvd,517,CLOSED,"Tip line call, caller hung up"
CC-92800,"JAMES, H",M,27,03/21/1996,3010 Military Pkwy,119,open,"Neighbor reported shots, no name, no number"
CC83156,"MORALES, C",M,24,2022-06-07,3432 BONNIE VIEW RD,B-526, OPEN ,Witness can be reached at 214-555-9860
CC-90254,"TRAMMELL, J",M,26,05/08/2006,3739 Kiest Blvd,,Closed,"Tip line call, caller hung up"
CC-19515,"BAKER, P",M,28,2011-11-14,1654 LARKMOOR LN,Beat 702,OPEN,Caller left callback 214-555-3751
CC-82800,"WASHINGTON,  A",M,19,3/4/1993,363 SINGLETON BLVD,724,CLOSED,
CC-73948,"PRICE,  K",Female,48,"June 1, 1987",3360 FAIR OAKS AVE,315,Closed,cb: (214) 555-0371
CC-65393,"  MILLER, B ",M,43,2011-04-30,6112 Illinois Ave,beat 247,open,"Tip line call, caller hung up"
CC-59390,"WATSON, M",m,36,2008-04-29,352 Harry Hines Blvd,beat 519,open,"Anonymous tip, callback (214) 555-6716, said they saw a dark sedan"
CC 73349,"CASTILLO, T",M,31,2014-03-14,2752 Elm St,501,OPEN,
CC-50648,"CRUZ, E",M, 24 ,1996-10-07,6791 Westmoreland Rd,Beat 242,OPEN,No callback number given
CC-66376,"  MORALES, L ",M,40,02/01/2000,4597 GREENVILLE AVE,303,closed,cb: (214) 555-7957
CC47274,"SMITH, C",M,35,2005-10-07,1052 Kiest Blvd,202,OPEN,Witness can be reached at 214.555.0560
CC10104,"GRANT, J",M,43,12/29/2031,4994 Ferguson Rd,beat 717,CLEARED,No callback number given
CC 60837,"medina, k",MALE,53,01/22/1994,3406 Ledbetter Dr,beat 439,CLOSED,possibly linked to CC-38569
CC-37406,"DELGADO, M",F,9,2016-08-03,3202 LAKE JUNE RD,beat 412,OPEN,"Anonymous tip, callback 214-555-7304, said they saw a dark sedan"
CC-31126,"MILLER, D",F,21,"March 27, 1995",2262 LARKMOOR LN,Beat 150,CLEARED,Witness can be reached at 214-555-3173; possibly linked to CC-68111
CC-87819,"  MARTIN, H ",M,48,"May 19, 1996",772 Ferguson Rd,Beat 315,Closed,
CC-99007,"Hayes, A",MALE,37,1990-09-02,2297 Marsalis Ave,629,CLOSED,cb: 214.555.9426
CC-36839,"brooks, r",M,32,05/31/1992,2002 Lake June Rd,612,CLEARED,Witness can be reached at 214-555-9440
CC-20397,"GIBSON, W",M,20,07/24/2019,6286 Jefferson Blvd,553,OPEN,"Walk-in tip, declined to give contact"
CC-46653,"WALLACE, A",m, 9 ,2001-09-08,1393 Royal Ln,Beat 315,CLSD,Caller left callback 214.555.6634
CC-57362,"  WILSON, M ",M,26,2011-06-04,810 Harry Hines Blvd,,OPEN,Caller left callback 214.555.8356
CC-40299,"Spencer, K",M, 45 ,11/17/2001,9330 Royal Ln,beat 505,CLSD,cb: 214.555.7523
CC-96840,"mitchell, h",F,unknown,2001-12-15,603 Kiest Blvd,241,Closed,Caller left callback 214-555-0625
CC-62471,"Trammell, H",M,22,1991-05-07,430 Greenville Ave,153,CLOSED,Caller left callback 214-555-6323
CC 10538,"  VARGAS, R ",MALE,?,1995-12-10,9203 Lake June Rd,750,Open,cb: (214) 555-5945
CC-14860,"Parker, V",M,46,"June 30, 2022",1235 Marsalis Ave, 354 ,CLOSED,"Tip line call, caller hung up"
CC-93135,"FUENTES, T",M,27,"August 4, 2013",8645 Westmoreland Rd,629,OPN,Caller left callback 214.555.0310
 CC-81932 ,"Dixon, K", M,12,"January 12, 2014",6716 Lake June Rd,B-451, OPEN ,possibly linked to CC-37059
CC-41657,"  PAYNE, S ",M, 32 ,1994-06-12,1995 Scyene Rd,418,Open,Witness can be reached at (214) 555-0519
CC-84190,"webb, n",m,N/A,2000-05-27,6167 Singleton Blvd,455,CLOSED,Caller left callback (214) 555-9434
 CC-14229 ,"PEREZ, T",M,21,1991-01-16,3604 Lake June Rd,555,CLOSED,Caller left callback 214-555-3044
CC-97818,"MARTIN, F",F,20,09/05/2000,5648 Royal Ln,439,Closed,Witness can be reached at (214) 555-4493
cc-81005,"HAYES, V",M,16,3/26/2001,9136 Greenville Ave,beat 335,OPEN,"Anonymous tip, callback (214) 555-5146, said they saw a dark sedan"
CC-12830,"robinson, e",F,58,1993-01-06,6582 Jefferson Blvd,521,OPEN,
CC-96371,"bell, m",M,34,1997-03-22,9507 Scyene Rd,Beat 354,CLEARED,
CC-54097,"HARRIS, K",M,53,2010-06-10,986 Larkmoor Ln,Beat 750, OPEN ,cb: (214) 555-6707
CC-84296,"OKAFOR, G",M,8,2023-07-23,3738 Lancaster Rd,630,OPEN,"Neighbor reported shots, no name, no number"
CC 56275,"MOORE, D",F,15,2023-08-06,2997 Larkmoor Ln,Beat 517,open,"Neighbor reported shots, no name, no number"
CC-47460,"PRICE, L",MALE,10,2012-01-08,4839 Illinois Ave,beat 451,OPEN,"Tip line call, caller hung up"
CC-83914,"Morales, C", M,23,"January 28, 2019",7224 Singleton Blvd,529,CLOSED,"Anonymous tip, callback 214-555-1653, said they saw a dark sedan"
CC-14721,"Alvarez, L",MALE,40,2004-04-27,3395 Harry Hines Blvd,517,open,
CC-19600,"YOUNG, H",M,34,1986-02-21,6748 Kiest Blvd,202,OPEN,possibly linked to CC-49231
CC-82182,"  TUCKER, B ",M,18,03/15/2023,5642 Buckner Blvd,B-630, OPEN ,Caller left callback (214) 555-1831
CC-10360,"HALL, C",F,46,1990-09-06,8108 Lake June Rd,256,OPEN,
cc-59219,"Sanchez, C",M,19,"November 1, 2020",4385 Marsalis Ave,412,Closed,"Anonymous tip, callback (214) 555-4147, said they saw a dark sedan"
CC-69081,"SULLIVAN, L",M,29,"October 3, 1996",1295 CAMP WISDOM RD,,CLOSED,Witness can be reached at 214-555-9548
CC-76887,"REED,  A",M,59,06/09/2019,6367 Jefferson Blvd,121,OPEN,No callback number given
CC-63784,"  WATSON, M ",female,15,05/31/1982,7382 Marsalis Ave,202,CLEARED,
CC-74142,"RUIZ, V",M,35,1983-12-18,3984 Harry Hines Blvd,,CLSD,Witness can be reached at 214-555-7963
CC99104,"  REYES, M ",M,22,2023-07-01,9217 FAIR OAKS AVE,630,CLOSED,cb: 214-555-8834
CC-33348,"HENDERSON, P",M,39,1996-07-17,4123 Westmoreland Rd,241,CLSD,cb: 214.555.0927
CC62010,"OKAFOR, K",MALE,39,"November 11, 1997",1844 Greenville Ave,beat 612,CLEARED,Caller left callback 214-555-7612
CC-32321,"ELLIS, V",F,29,2123-01-11,2199 Lake June Rd, 629 ,OPEN,possibly linked to CC-73768
CC-76820,"  GIBSON, C ",m, 20 ,N/A,6387 ELM ST,Beat 519,CLOSED,"Tip line call, caller hung up"
CC-33408,"WILLIAMS,  J",M,16,2004-10-05,7972 Buckner Blvd, 412 ,CLSD,Caller left callback (214) 555-8606
CC-94220,"NGUYEN,  W",F,36,12/09/1986,9597 Scyene Rd,519,CLOSED,Witness can be reached at 214.555.9021
CC-56939,"  BELL, B ",M,9,1990-05-29,4489 Jefferson Blvd,beat 208,CLSD,Witness can be reached at 214.555.9022
 CC-41930 ,"Sanchez, A",M, 43 ,2021-03-18,2593 SCYENE RD,335,CLOSED,
CC-98281,"  OKAFOR, A ",M,44,1982-03-24,9480 Royal Ln,246,CLSD,"Tip line call, caller hung up"
CC-72913,"  FLORES, R ",M,47,2021-07-17,4289 Greenville Ave,219,OPEN,cb: (214) 555-3145
CC-42913,"WALKER, C",M,47,06/27/2007,1557 FAIR OAKS AVE,246, OPEN ,"Walk-in tip, declined to give contact"
CC-29451,"PHILLIPS, B",M,30,2023-04-22,2831 FAIR OAKS AVE,beat 630,CLEARED,"Anonymous tip, callback (214) 555-5826, said they saw a dark sedan; possibly linked to CC-16941"
CC-76161,"ADAMS, H",M,56,05/22/2015,5497 Bonnie View Rd,beat 741,CLOSED,cb: (214) 555-5204
CC-83527,"Harris, N",F,15,2016-07-30,8938 Illinois Ave,beat 242,Closed,"Walk-in tip, declined to give contact"
CC-92634,"ELLIS, D", M,29,05/15/2017,1505 Marsalis Ave,328,CLOSED,Witness can be reached at 214-555-0215
CC-42994,"FORD, K",M,26,1990-01-30,702 Greenville Ave,150,CLEARED,Witness can be reached at 214.555.3134
CC 54115,"robinson, p",M,62,08/14/2020,2525 LANCASTER RD,beat 315,Closed,
CC-94803,"RAMOS, B",M,36,1983-04-02,1578 Ferguson Rd,439,OPEN,"Tip line call, caller hung up"
 CC-94297 ,"STEWART, K",U,52,2022-05-24,8435 Lake June Rd,501,OPEN,"Neighbor reported shots, no name, no number"
CC-89115,"  LEWIS, F ",M,35,2022-02-16,7633 Harry Hines Blvd,438,Open,"Anonymous tip, callback 214.555.7523, said they saw a dark sedan"
CC-45275,"HAYES, A",M,38,"May 12, 2000",7731 ILLINOIS AVE,315,CLEARED,Caller left callback 214.555.2016
cc-32863,"MILLER, H",M,22,2015-06-27,1414 Ferguson Rd,631,CLOSED,cb: 214.555.5205
CC-86278,"REYES, S",Male,unknown,1985-12-09,7752 Marsalis Ave,B-713,CLOSED,"Tip line call, caller hung up"
CC50136,"MILLER, W",M,24,1989-10-26,1139 Royal Ln,152,CLOSED,"Anonymous tip, callback 214-555-6581, said they saw a dark sedan"
CC-38019,"SULLIVAN, T",MALE, 25 ,04/11/2009,1668 Webb Chapel Rd, 338 ,CLOSED,possibly linked to CC-21712
CC-30848,"NELSON, W",F,49,10/27/1989,3678 KIEST BLVD,338,OPEN,Witness can be reached at 214.555.0866
CC-63701,"COLEMAN, S",F,30,"May 5, 1996",1416 BONNIE VIEW RD,beat 303,closed,Caller left callback 214.555.5462
cc-61426,"MARTIN, C",M,19,"July 24, 2006",6793 Harry Hines Blvd,B-625,CLOSED,
cc-12191,"HUGHES, S",F, 27 ,2015-07-19,3368 Harry Hines Blvd,119, OPEN ,
CC-74380,"SIMS, K",M,29,1982-04-03,6598 LEDBETTER DR,418,open,
CC-52080,"LANE, E",m,0,1/1/2012,1281 WEBB CHAPEL RD,429,CLOSED,cb: 214.555.5373
CC-88483,"GARNER, E", M,14,"September 2, 2011",2928 Fair Oaks Ave,631,closed,No callback number given
CC-48023,"Jenkins, E",M, 36 ,2/2/1989,7100 Larkmoor Ln,B-216,CLOSED,"Tip line call, caller hung up"
CC-19631,"COLEMAN, J",M,33,03/10/2019,7601 Buckner Blvd, 625 ,CLOSED,cb: 214-555-3266
CC-65616,"SULLIVAN, R",M,11,2003-01-01,1932 Larkmoor Ln,418,CLOSED,Witness can be reached at 214-555-8772; possibly linked to CC-59653
CC-77836,"SULLIVAN, V",M,30,1983-03-19,7757 Singleton Blvd,,CLOSED,"Anonymous tip, callback 214.555.3995, said they saw a dark sedan"
CC-97896,"TRAMMELL,  A",F,35,"December 22, 2022",7727 Lake June Rd,430,closed,possibly linked to CC-32947
CC-37666,"ORTIZ, B",M,59,05/15/1999,151 Bonnie View Rd, 216 ,OPEN,"Walk-in tip, declined to give contact"
CC-15175,"WALLACE, B",M,18,01/24/2025,9200 ELM ST,713,CLSD,Caller left callback 214-555-5083
CC-25961,"Booker, V",m,30,1/9/1987,2902 Lancaster Rd, 651 ,CLOSED,"Anonymous tip, callback 214.555.1035, said they saw a dark sedan"
CC-62453,"Henderson, B",M,32,1990-07-11,7755 Marsalis Ave,Beat 625,Closed,"Walk-in tip, declined to give contact"
CC-82709,"Parker, H",MALE,29,2016-12-23,7258 Marsalis Ave,455,OPEN,
CC-74478,"THOMAS, P",M,25,"June 13, 2017",3202 Bonnie View Rd,438,OPEN,
CC-61241,"FOSTER, N",m, 24 ,1986-12-19,3538 Westmoreland Rd,246,CLOSED,Caller left callback (214) 555-2259
CC-46569,"BRYANT,  V",MALE,38,1986-08-21,5626 Greenville Ave,429, OPEN ,"Anonymous tip, callback (214) 555-5703, said they saw a dark sedan; possibly linked to CC-29903"
CC-98779,"  CHAVEZ, W ",F,20,5/12/1997,1533 Scyene Rd,354,CLOSED,Caller left callback 214-555-8012
CC 72254,"GARCIA, V",M,12,01/10/1985,4392 Larkmoor Ln,505,OPEN,
CC80553,"NORRIS,  J",M,?,06/24/2014,6986 Westmoreland Rd,247,OPEN,cb: (214) 555-8593
 CC-10297 ,"ADAMS, C",M,52,2008-05-14,2603 Elm St,741,OPEN,Witness can be reached at 214-555-6984
cc-85372,"BAKER, M",M,24,10/09/1988,6781 Ferguson Rd,412,OPEN,"Tip line call, caller hung up"
CC-93332,"BROOKS, K",F,31,2023-04-24,877 Kiest Blvd,315,OPEN,"Anonymous tip, callback (214) 555-6581, said they saw a dark sedan"
CC-26917,"WALKER, S",M,35,1997-07-01,664 Fair Oaks Ave,Beat 553,OPEN,
CC-44608,"murphy, k",M,48,2019-11-11,8809 Larkmoor Ln,beat 359,CLOSED,"Neighbor reported shots, no name, no number"
CC 24777,"JOHNSON, K",m,13,"April 14, 1996",7431 Marsalis Ave,150,CLSD,Witness can be reached at 214.555.1516
CC-30385,"HALL, D",M, 30 ,"Smarch 6, 2007",6119 Kiest Blvd,555,CLOSED,Caller left callback 214-555-0701
CC-73191,"Lane, V",F,41,"March 4, 1988",2056 BONNIE VIEW RD,501,OPN,possibly linked to CC-13195
CC-91763,"PRUITT, F",f,27,2015-11-24,4972 HARRY HINES BLVD,,Open,"Walk-in tip, declined to give contact"
CC 77783,"Watson, A",M,33,1996-06-25,9988 LEDBETTER DR, 130 ,CLOSED,"Anonymous tip, callback 214-555-6458, said they saw a dark sedan"
CC10336,"  GRANT, K ",F,23,2024-12-06,7028 Jefferson Blvd,553,Open,"Neighbor reported shots, no name, no number"
CC-79160,"booker, t",M,9,2007-03-14,108 Camp Wisdom Rd,beat 219,CLOSED,"Neighbor reported shots, no name, no number"
CC-55362,"Mendoza, T",U,39,"May 15, 2009",3375 Elm St,553,CLEARED,
cc-74850,"Sullivan, W",MALE,40,2009-11-15,1162 Ledbetter Dr,152,Open,Caller left callback (214) 555-4701; possibly linked to CC-67838
CC 99662,"Navarro, G",M, 11 ,2016-05-24,8296 Larkmoor Ln,526,OPEN,Caller left callback 214.555.0107; possibly linked to CC-84404
CC-76126,"Lewis, F",Female,17,2008-11-26,2941 LARKMOOR LN,B-219,OPEN,"Tip line call, caller hung up"
CC-98883,"LONG, T",U,36,"May 11, 1994",6461 Marsalis Ave,338,CLOSED,cb: 214.555.1768; possibly linked to CC-80054
 CC-11529 ,"KING, E",M,55,"April 19, 2023",6627 Webb Chapel Rd,B-410,Open,Witness can be reached at 214.555.8132
CC-28143,"GREEN, V",M,51,2022-02-06,4897 Elm St,451,OPEN,"Anonymous tip, callback 214-555-1254, said they saw a dark sedan"
CC45574,"GRANT, S",M,44,unknown,8668 Harry Hines Blvd,B-315,Open,No callback number given
cc-51001,"COLEMAN, D",Male,15,02/27/2003,8864 Scyene Rd,519,CLOSED,"Walk-in tip, declined to give contact"
CC-99380,"Spencer, L",M,14,10/16/1981,3446 MILITARY PKWY,625,CLSD,"Anonymous tip, callback (214) 555-7303, said they saw a dark sedan"
CC-68210,"WILLIAMS, W",Female,42,1993-07-10,4144 Scyene Rd,326,OPEN,
CC 60638,"Navarro, R",F,51,01/18/1991,9301 Webb Chapel Rd,beat 750,CLOSED,"Tip line call, caller hung up"
CC-87228,"HAYES, B",MALE,49,2017-07-18,6167 Illinois Ave,119,CLSD,"Neighbor reported shots, no name, no number"
CC-77225,"LANE, V",M, 30 ,1998-05-23,7977 Scyene Rd,612,Open,cb: 214-555-8657
CC-49928,"MURPHY, T",M,41,09/13/2004,3281 SINGLETON BLVD,412,OPEN,
CC-636017,"  MCCOY, K ",M,14,2020-03-18,3843 Elm St, 130 ,CLOSED,Witness can be reached at (214) 555-1926
cc-75575,"HALL, G",M,26,06/19/1992,5868 Kiest Blvd, 430 ,CLOSED,
CC-95513,"THOMAS, A",M, 32 ,03/18/1986,7605 Harry Hines Blvd,Beat 242,CLOSED,"Walk-in tip, declined to give contact"
 CC-85605 ,"WASHINGTON, K",M,33,1998-12-08,5308 Larkmoor Ln,Beat 256,OPEN,possibly linked to CC-15687
CC-33825,"HAWKINS, D",F, 22 ,02/07/2024,7610 Lake June Rd,420,Open,"Walk-in tip, declined to give contact"
cc-17749,"RICHARDSON, F",U,21,"October 17, 1988",8482 Kiest Blvd,359,CLSD,"Neighbor reported shots, no name, no number"
CC-97149,"BRYANT, A",F,12,01/28/1995,7318 SCYENE RD,246,CLOSED,
CC-94182,"  PAYNE, M ",M, 28 ,11/14/1981,430 Jefferson Blvd,418,closed,
CC-64332,"  LANE, G ",F,18,02/09/2007,8409 Westmoreland Rd,215,OPEN,"Walk-in tip, declined to give contact"
CC-63421,"FUENTES, W",M,10,08/18/1987,7136 Greenville Ave,303,CLOSED,cb: 214-555-1518
CC74777,"  PERRY, F ",M,46,1986-09-25,6216 Scyene Rd,B-439,OPEN,"Anonymous tip, callback 214-555-2279, said they saw a dark sedan; possibly linked to CC-71019"
CC76958,"JORDAN, J",Male,54,"September 19, 2001",8376 Buckner Blvd,beat 359,CLOSED,Caller left callback 214.555.6426; possibly linked to CC-62348
CC-39783,"Bryant, P",M,18,12/17/2031,4663 Kiest Blvd,beat 157,OPEN,Witness can be reached at 214-555-1891
CC-55753,"wilson, n",M,39,12/26/2022,4853 FAIR OAKS AVE,beat 451,OPEN,"Neighbor reported shots, no name, no number"
 CC-78773 ,"  NORRIS, S ",M, 58 ,1989-04-29,9225 Lancaster Rd,246,closed,"Anonymous tip, callback 214.555.3685, said they saw a dark sedan"
CC-30927,"REYES, L",M,49,1986-05-23,7448 FAIR OAKS AVE,550,Closed,"Anonymous tip, callback (214) 555-5604, said they saw a dark sedan"
CC-45219,"Moore, B",M,16,2013-05-06,9685 Bonnie View Rd,526,CLOSED,"Anonymous tip, callback (214) 555-3346, said they saw a dark sedan"
CC-86259,"MARSH, D",F,54,07/09/1994,5968 Buckner Blvd, 410 ,OPEN,Caller left callback 214.555.0173
cc-85221,"HAWKINS, H",U,37,10/29/2003,5201 LARKMOOR LN,beat 242,closed,Caller left callback 214.555.2814; possibly linked to CC-10572
CC-38850,"  BAKER, F ",M,unknown,1985-04-01,7021 LANCASTER RD,beat 555,closed,Witness can be reached at 214.555.8540
 CC-81101 ,"JENKINS, H",M,35,"April 25, 2008",1741 Singleton Blvd,,CLOSED,Caller left callback (214) 555-8095
CC-88489,"PHILLIPS, J",F ,32,2000-05-10,9726 Jefferson Blvd,359,CLOSED,
CC-74024,"BROOKS, E",F,67,2016-10-17,9629 Westmoreland Rd, 521 ,CLOSED,"Anonymous tip, callback (214) 555-6305, said they saw a dark sedan"
CC-45435,"Ross, C",M, 31 ,07/05/1993,5916 Westmoreland Rd,455,CLOSED,cb: (214) 555-5952
CC-96144,"Richardson, G",Male,2,1984-02-19,9001 Larkmoor Ln,702,CLOSED,cb: (214) 555-3632
 CC-15282 ,"hall, t",M, 50 ,1985-10-18,8091 Kiest Blvd,153,CLOSED,No callback number given
CC-86184,"Parker, T",F,0,2/18/1992,2851 ILLINOIS AVE,B-328,OPEN,"Neighbor reported shots, no name, no number"
CC-14059,"SPENCER, K",M, 26 ,2004-08-20,9884 CAMP WISDOM RD, 121 ,CLOSED,"Anonymous tip, callback (214) 555-5137, said they saw a dark sedan; possibly linked to CC-51677"
 CC-35620 ,"YOUNG, F",M,12,2022-12-05,9349 Lancaster Rd,beat 713,OPEN,Witness can be reached at 214-555-5663
CC-62764,"DOUGLAS, D",M,21,06/15/1984,5433 Ferguson Rd,Beat 241,CLOSED,cb: (214) 555-6315
CC-72821,"VARGAS, R",M,34,1998-07-22,2507 Westmoreland Rd,Beat 505,CLOSED,possibly linked to CC-90687
cc-78586,"SANCHEZ, P", M, 37 ,1993-03-04,3217 Marsalis Ave,451,closed,possibly linked to CC-63162
CC-63348,"  ELLIS, P ",M,31,4/24/1996,4117 Elm St,B-234,CLOSED,"Anonymous tip, callback 214.555.5939, said they saw a dark sedan; possibly linked to CC-89017"
cc-42429,"PATTERSON, V",M,11,07/07/1989,1743 Buckner Blvd,beat 119,open,Caller left callback 214.555.4397
CC-38888,"BROOKS, A",M,19,"April 7, 2020",6394 LAKE JUNE RD,208,Closed,"Anonymous tip, callback 214.555.5485, said they saw a dark sedan"
CC-24865,"DELGADO,  B",F,43,10/16/1986,1353 Royal Ln,702,CLSD,"Anonymous tip, callback 214-555-1954, said they saw a dark sedan"
CC 99928,"MCCOY, G",U, 42 ,2024-07-10,4838 Lancaster Rd,529,CLEARED,Witness can be reached at (214) 555-9082
CC-59502,"GIBSON, V",M,31,1982-02-11,2318 Webb Chapel Rd,B-119,CLOSED,"Neighbor reported shots, no name, no number"
CC-41865,"  BOOKER, B ",M,15,1985-06-05,3732 Kiest Blvd,439,CLOSED,Caller left callback (214) 555-2101
CC 21395,"RICHARDSON, T",M,45,2017-07-19,7511 KIEST BLVD,338,OPN,No callback number given
CC-531,"  WILSON, R ",M, 31 ,06/19/1985,5551 Webb Chapel Rd,550,CLOSED,
CC-56276,"Richardson, M",MALE,25,1996-10-17,5472 Lake June Rd,338,OPEN,possibly linked to CC-54883
CC32760,"  DAVIS, R ",M, 19 ,"November 8, 2005",264 WEBB CHAPEL RD,130,OPEN,Caller left callback 214.555.6988
 CC-25290 ,"SIMMONS, B",M,17,11/03/1988,6657 Jefferson Blvd,B-217,OPEN,Witness can be reached at 214.555.1831
cc-59775,"Sims, B",M,18,1983-01-14,5990 Marsalis Ave,133,CLEARED,"Anonymous tip, callback 214-555-7643, said they saw a dark sedan"
CC-39684,"OKAFOR, A",M,37,09/24/2017,6102 LAKE JUNE RD,418,OPEN,Caller left callback 214.555.8343; possibly linked to CC-57547
CC-91139,"WILLIAMS, R",M,28,04/06/2022,8544 Elm St,beat 624,OPN,Witness can be reached at 214.555.7842
CC-82304,"MILLER, R",MALE,39,03/03/1995,6582 Royal Ln,130,OPEN,"Anonymous tip, callback 214-555-5343, said they saw a dark sedan"
 CC-47877 ,"VARGAS, S",M,21,"April 21, 1986",3317 MARSALIS AVE,430,CLOSED,No callback number given
CC83827,"JENKINS, K",M, 34 ,2005-11-26,1218 Westmoreland Rd,519,OPEN,possibly linked to CC-22177
 CC-11744 ,"king, e",M,38,"May 21, 2017",6707 Larkmoor Ln,418,closed,Caller left callback 214-555-6238
CC-78882,"SIMS,  M", M,55,2016-05-21,6561 Ferguson Rd,521,CLOSED,"Neighbor reported shots, no name, no number"
CC65986,"  ORTIZ, N ",Female,24,05/21/1985,4666 Harry Hines Blvd,Beat 354, OPEN ,Caller left callback (214) 555-0680
CC-68467,"  BANKS, A ",M,46,7/13/2014,4174 Bonnie View Rd,208,CLOSED,Caller left callback 214-555-9215
CC-34594,"NGUYEN, S",U,35,"October 30, 1990",9689 Royal Ln, 217 ,closed,cb: (214) 555-9839
CC-97204,"Owens, A",F,41,"October 28, 2006",9155 Fair Oaks Ave,Beat 438,OPEN,
CC17213,"  TATE, K ",Male,10,12/10/1990,2698 SINGLETON BLVD,526,CLEARED,"Anonymous tip, callback 214-555-4010, said they saw a dark sedan"
CC-88225,"martin, m",M,42,04/11/2000,4619 BONNIE VIEW RD,119,CLOSED,cb: 214-555-5665
CC-71218,"JORDAN, M",M,40,1996-05-12,5240 Scyene Rd,133,Closed,Caller left callback 214.555.5280
CC-30845,"RICHARDSON,  M",M,34,"July 10, 2021",6850 LARKMOOR LN,724,CLOSED,Witness can be reached at 214.555.5633
cc-25790,"HAYES,  R",m, 20 ,"December 30, 2016",1526 Elm St,Beat 410,CLOSED,"Anonymous tip, callback (214) 555-0627, said they saw a dark sedan"
cc-35493,"FLORES, G",M,36,2002-03-09,5549 Fair Oaks Ave,612,OPEN,
CC-72333,"reyes, n",M,42,07/29/1993,7485 Westmoreland Rd, 418 ,closed,possibly linked to CC-61825
CC-39359,"WILLIAMS, G",F,44,2023-11-26,4644 MARSALIS AVE,439,CLOSED,"Anonymous tip, callback 214.555.9585, said they saw a dark sedan"
CC-17927,"malone, h",m,31,2013-11-19,5878 Royal Ln,beat 328,OPEN,"Neighbor reported shots, no name, no number"
CC-84744,"TORRES, M",F,28,2025-08-13,4000 BUCKNER BLVD
CC-30170,"PHILLIPS, B",MALE,37,11/17/1994,3620 Harry Hines Blvd, 338 ,CLOSED,"Walk-in tip, declined to give contact"
CC95563,"BAKER, R",M,25,10/25/1988,3415 Military Pkwy,418,Open,"Tip line call, caller hung up"
CC-17623,"HUGHES,  F",MALE,28,12/19/2001,8995 Illinois Ave,,CLOSED,"Anonymous tip, callback 214-555-1042, said they saw a dark sedan"
 CC-37145 ,"HILL, V",MALE, 36 ,2008-04-19,9596 Jefferson Blvd, 501 ,CLOSED,Caller left callback (214) 555-1639
CC-46580,"SANCHEZ, J",M,40,"October 19, 1989",1946 Webb Chapel Rd,beat 630,OPEN,"Neighbor reported shots, no name, no number"
CC-98353,"JENKINS, V",M,33,"March 23, 2020",4659 Greenville Ave,359,Closed,"Anonymous tip, callback 214.555.3629, said they saw a dark sedan"
CC-40603,"YOUNG, B",F, 43 ,1995-05-16,7671 Westmoreland Rd,724,Closed,
CC-40968,"RICHARDSON, E",m,N/A,11/04/2025,3519 Royal Ln,B-246,OPEN,No callback number given
CC 82278,"MURPHY, A",Male,26,2018-03-19,4796 Camp Wisdom Rd,beat 130,OPN,"Anonymous tip, callback 214.555.8218, said they saw a dark sedan"
 CC-25508 ,"  CALDWELL, G ",Male,,2009-04-15,9619 Scyene Rd,B-410,closed,"Neighbor reported shots, no name, no number"
CC 44490,"FIELDS,  W",Male,26,1998-11-24,6668 BONNIE VIEW RD, 439 ,OPEN,Caller left callback (214) 555-4821
CC37110,"HAYES, S",M,30,10/01/2011,7836 Kiest Blvd,152,CLOSED,
cc-70319,"BOOKER, D",M,48,"August 27, 2016",5107 Jefferson Blvd,,CLOSED,
CC-47105,"GREEN, E",M,0,1988-09-05,3441 Larkmoor Ln,651,CLOSED,
CC68380,"GARCIA, W",M,31,1997-01-09,1777 Kiest Blvd,246,CLOSED,Caller left callback 214-555-2386
CC-60773,"young, l",F ,30,"June 29, 1995",1287 Webb Chapel Rd,328,CLOSED,
CC-15096,"MENDOZA, G",M,8,"October 14, 2025",9377 Elm St,Beat 529,Open,No callback number given
CC-40814,"SANDERS, W",M,42,"April 19, 1991",172 LARKMOOR LN,B-315,CLOSED,cb: 214.555.8874
CC-59700,"CARTER, W",M,26,2011-07-10,4630 Elm St,153,OPEN,No callback number given
CC-47383,"SIMMONS,  T",M,48,1996-02-20,9720 Ledbetter Dr,420,CLEARED,"Anonymous tip, callback 214.555.5489, said they saw a dark sedan"
CC-35067,"PAYNE, K",M,17,12/30/2018,9254 Webb Chapel Rd,651,CLSD,"Anonymous tip, callback 214.555.4419, said they saw a dark sedan"
CC 24092,"NGUYEN, P",M, 8 ,2005-01-02,4569 Buckner Blvd,410,closed,Caller left callback (214) 555-9530
CC-66381,"THOMAS,  E",m,9,1989-11-06,3558 Buckner Blvd,Beat 315,CLOSED,No callback number given
CC-74285,"HUGHES, A",U,29,7/6/2007,4596 Lake June Rd,202,closed,"Anonymous tip, callback (214) 555-4519, said they saw a dark sedan; possibly linked to CC-37147"
cc-63752,"PAYNE, W",Male,32,1994-04-26,7105 Illinois Ave,Beat 505,CLOSED,Caller left callback (214) 555-4469
CC67986,"FOSTER, K",F,999,2016-07-12,505 Buckner Blvd,Beat 303,CLOSED,Witness can be reached at (214) 555-8523
cc-54940,"WEBB, F",unk, 50 ,1993-07-17,861 Illinois Ave,438,OPEN,cb: 214.555.8013; possibly linked to CC-20993
CC-83125,"HILL, B",M, 17 ,12/24/1987,8865 Singleton Blvd, 505 ,CLOSED,"Neighbor reported shots, no name, no number"
CC-51058,"SANDERS, N",Male,37,03/07/2008,7083 Buckner Blvd,359,Closed,"Neighbor reported shots, no name, no number"
CC-32294,"EVANS, F",F,37,"April 14, 2020",917 Webb Chapel Rd,217,closed,No callback number given
CC-29263,"JENKINS, N",F, 24 ,08/06/1990,9222 Buckner Blvd, 717 ,OPEN,"Anonymous tip, callback 214.555.5226, said they saw a dark sedan"
 CC-40024 ,"collins, e",M,31,2021-01-06,6969 LAKE JUNE RD,133,open,
CC-28675,"BRYANT, F", M,36,2023-06-22,655 Westmoreland Rd,328,OPEN,No callback number given
cc-36014,"Walker, K",female,22,2017-03-24,7396 WEBB CHAPEL RD,beat 451,OPEN,Caller left callback (214) 555-9300; possibly linked to CC-94182
cc-55757,"LEWIS, C",MALE,UNK,1986-01-15,1684 Military Pkwy,beat 555,CLOSED,Witness can be reached at (214) 555-1862; possibly linked to CC-86230
CC-68584,"WILSON, P",F,24,2024-05-06,4208 SINGLETON BLVD,Beat 328,CLOSED,"Anonymous tip, callback (214) 555-9951, said they saw a dark sedan"
CC-78286,"CARTER, L",M,19,1987-09-02,396 Elm St,B-439,CLEARED,"Anonymous tip, callback 214-555-4495, said they saw a dark sedan"
CC48204,"MEDINA, E",F, 30 ,2001-05-02,6960 Jefferson Blvd,B-150,CLSD,Witness can be reached at 214-555-1270
CC-53462,"GREEN, N",M,45,"June 8, 1985",4267 ROYAL LN, 328 ,CLOSED,Witness can be reached at (214) 555-5546
CC 88162,"DAVIS, L",F , 32 ,11/26/2025,995 WEBB CHAPEL RD,B-631,OPEN,Caller left callback (214) 555-8855
CC-92323,"TRAMMELL, C",M,39,06/28/1996,6984 Buckner Blvd,beat 521, OPEN ,Witness can be reached at (214) 555-6472
CC-38569,"FIELDS, K",M,18,2005-10-05,8213 Larkmoor Ln,beat 625,OPEN,"Tip line call, caller hung up"
CC-65876,"RIVERA, W",M,39,1991-02-06,9926 Ferguson Rd,217,CLOSED,Caller left callback 214-555-6211
CC 10446,"SMITH, W",F, 34 ,06/20/2012,1938 Military Pkwy,beat 326,Closed,cb: 214.555.1157
CC-86804,"GARNER, D",M,13,1981-08-07,2688 Military Pkwy,B-754,closed,cb: (214) 555-3828; possibly linked to CC-80596
cc-12542,"medina, f",M,31,2/4/2009,1179 Harry Hines Blvd,702,OPEN,Witness can be reached at 214-555-4078
CC-15063,"HALL, W",M,6,09/17/2019,3621 Elm St,beat 133,Closed,Witness can be reached at 214-555-7422
CC-87563,"Bell, V",m,27,6/3/1987,4342 Harry Hines Blvd, 152 ,Closed,"Anonymous tip, callback (214) 555-5135, said they saw a dark sedan"
CC-16331,"ward, w",M,N/A,10/19/2000,4773 Royal Ln,630,OPEN,"Tip line call, caller hung up"
CC-39641,"MITCHELL, J",M,42,02/19/2016,7318 Buckner Blvd,beat 215,CLSD,Witness can be reached at 214-555-4557
CC-29109,"WELLS, J",F,9,"June 13, 1991",5962 HARRY HINES BLVD,Beat 208,CLOSED,cb: 214.555.3404
CC-50761,"BANKS, T",F,20,2018-10-24,638 Ferguson Rd, 157 ,closed,cb: 214.555.1648
cc-86105,"porter, s",M,12,1985-08-08,8532 MARSALIS AVE,412,OPN,"Tip line call, caller hung up"
CC62505,"MARTIN,  C",M,53,2007-07-02,9322 LANCASTER RD,beat 631,OPEN,
CC 19786,"FORD, P",M,1,"February 19, 1992",6341 Larkmoor Ln, 157 ,OPEN,Witness can be reached at 214-555-2297
CC 59868,"CARTER, L",F,43,07/22/1999,1116 Illinois Ave,505,open,
 CC-37556 ,"FORD, W",M,17,3/30/1981,8437 Singleton Blvd,119,CLSD,No callback number given
cc-78263,"MILLER, B",m,18,04/17/1997,9843 WEBB CHAPEL RD,241,OPEN,No callback number given
CC-34298,"tucker, p",F,23,2020-11-05,3290 Lancaster Rd,beat 501,CLSD,"Tip line call, caller hung up"
CC-24121,"  PARKER, S ",M,11,2016-11-18,6520 Westmoreland Rd,741,CLOSED,Witness can be reached at 214.555.8889
CC-25485,"patterson, k",Male,51,"December 15, 2000",5452 MARSALIS AVE,529,CLEARED,cb: 214.555.3742
CC-68187,"  NAVARRO, C ",M,48,5/15/2018,5743 HARRY HINES BLVD,501,CLOSED,"Tip line call, caller hung up"
CC-34738,"GRANT, V",M,46,2019-11-03,7711 Elm St,,OPEN,
cc-50123,"  RUIZ, G ",Male,32,1989-06-07,2471 Marsalis Ave,429,closed,No callback number given
CC-51462,"GARCIA, V",M,20,2001-09-30,2456 Kiest Blvd,630,CLSD,"Tip line call, caller hung up"
CC-28504,"MALONE, C",M,35,09/01/2010,1931 Royal Ln,517,CLOSED,Witness can be reached at (214) 555-7269
CC 11182,"  RAMOS, S ",M, 28 ,7/28/1983,2575 Lake June Rd,B-629,closed,"Anonymous tip, callback 214.555.3653, said they saw a dark sedan"
CC-30089,"PHILLIPS, S",M,57,2017-08-05,4030 Elm St,630,OPEN,possibly linked to CC-47202
CC-37584,"MITCHELL, C",MALE, 34 ,08/08/2008,6729 Westmoreland Rd,beat 409,OPEN,No callback number given
cc-76672,"garner, r",M,42,1996-03-09,9072 Royal Ln,B-418,CLSD,No callback number given
CC-79270,"MURPHY, T",F,33,1992-07-04,426 Military Pkwy,B-526,CLEARED,cb: 214-555-1708
CC47415,"PHILLIPS, V", M, 49 ,2014-10-27,949 Kiest Blvd,526,CLEARED,
CC19159,"  HERRERA, C ",M,30,1987-05-27,6519 Ledbetter Dr,750,CLSD,"Anonymous tip, callback 214.555.9486, said they saw a dark sedan"
CC11064,"dixon, n",F,14,12/30/1991,6275 Greenville Ave,517,OPEN,Caller left callback (214) 555-3705
CC-14590,"NORRIS, K",M,21,04/09/2018,7612 SINGLETON BLVD,B-651,CLOSED,cb: 214-555-4412
CC-26965,"GUERRERO, M",MALE,35,1/5/1985,712 Buckner Blvd,247,OPEN,"Anonymous tip, callback (214) 555-6137, said they saw a dark sedan"
CC-41042,"  PERRY, L ",M,28,1999-03-04,724 Lancaster Rd,451,CLSD,Witness can be reached at (214) 555-1580
CC-36747,"  PEREZ, S ",M,17,01/22/2007,4549 HARRY HINES BLVD,133,CLSD,"Tip line call, caller hung up"
 CC-58148 ,"WOODS, E",M,32,10/6/1990,3194 Ledbetter Dr, 119 ,OPEN,
 CC-80607 ,"LANE, E",m, 19 ,01/11/1994,3913 Royal Ln, 303 ,CLOSED,Witness can be reached at 214-555-1660; possibly linked to CC-59971
CC-15158,"MALONE, L",M,30,2016-02-30,578 GREENVILLE AVE, 153 ,CLOSED,Witness can be reached at 214-555-0858
CC-84847,"  BELL, K ",F,44,1981-08-08,677 SCYENE RD,beat 612,Closed,cb: 214-555-5570; possibly linked to CC-92286
 CC-54883 ,"rodriguez, j",M,24,"June 7, 2020",1456 Royal Ln,724,open,Caller left callback (214) 555-2324
CC-82176,"ELLIS, D",MALE,45,"March 16, 2008",2123 Greenville Ave,Beat 550,CLOSED,
CC-94852,"BROOKS, P",M,43,09/10/2012,777 Fair Oaks Ave,beat 754,OPEN,Caller left callback (214) 555-7713
CC-70845,"  HARRIS, R ",M,37,2019-11-16,5937 Ferguson Rd,215, OPEN ,cb: (214) 555-9835
CC-52587,"KING, T",m,30,1988-09-17,1187 Singleton Blvd,beat 550,CLOSED,"Neighbor reported shots, no name, no number"
CC-13933,"alvarez, w",Male,38,2010-03-01,7230 Lancaster Rd,517,OPEN,Witness can be reached at 214-555-1469
CC-82979,"  VARGAS, N ",MALE,33,2008-11-20,9559 KIEST BLVD,Beat 631,OPN,cb: (214) 555-8280; possibly linked to CC-17533
CC-27509,"MILLER, K",F,21,08/24/2022,5743 Fair Oaks Ave,624,open,Caller left callback 214.555.1400
cc-59874,"WARD, T",M,42,1991-12-10,912 WEBB CHAPEL RD,,OPEN,possibly linked to CC-76820
CC-59019,"BANKS, B",m,28,1997-02-11,8553 MARSALIS AVE,651,CLOSED,
CC-77795,"  MARTIN, B ",M,11,"October 26, 2015",5080 Fair Oaks Ave,Beat 713,CLOSED,Witness can be reached at 214-555-5754
CC-59872,"  PORTER, B ",MALE,35,  ,7392 Ledbetter Dr,315,OPEN,Caller left callback (214) 555-3467
CC 34920,"bell, v",M,32,"September 15, 1998",3396 LAKE JUNE RD,216,CLSD,"Tip line call, caller hung up"
CC71389,"HALL, M",M,28,1998-09-29,9119 Camp Wisdom Rd,315,OPN,Witness can be reached at 214-555-0368
cc-64309,"GREEN, A",Male,41,1997-10-15,6657 Westmoreland Rd,412,CLEARED,"Walk-in tip, declined to give contact"
 CC-36972 ,"lewis, d",M, 7 ,2003-04-28,7538 WEBB CHAPEL RD,152, OPEN ,cb: 214.555.6997
CC-29626,"DIXON, T",unk,41,06/02/2005,7334 Larkmoor Ln,150,CLOSED,"Anonymous tip, callback (214) 555-7941, said they saw a dark sedan"
CC-43613,"Owens, B",m,32,1997-12-30,734 Marsalis Ave,157,CLOSED,cb: 214.555.1631
cc-83114,"REED,  A",MALE,20,04/12/1989,3480 Singleton Blvd,216,OPEN,"Walk-in tip, declined to give contact"
 CC-22882 ,"martin, t",M, 16 ,05/01/1995,5844 WESTMORELAND RD,Beat 612,CLEARED,possibly linked to CC-33017
CC-17908,"RIVERA, R", M,31,03/04/1993,3182 Marsalis Ave,beat 702,closed,cb: 214-555-0701
CC-95193,"FIELDS, N",M,8,04/08/2014,3232 Kiest Blvd,B-429,CLOSED,possibly linked to CC-59368
CC 32334,"BROOKS, L",M, 39 ,2020-03-02,4473 Fair Oaks Ave,247,OPEN,Witness can be reached at 214.555.1058
 CC-33389 ,"REED,  S",M,33,"May 28, 2015",1120 Marsalis Ave,beat 256,open,Witness can be reached at 214-555-8576
CC-71909,"Jackson, J",m,?,1997-08-09,124 GREENVILLE AVE,410,CLOSED,"Neighbor reported shots, no name, no number"
CC-15723,"OKAFOR, J",M,31,03/29/2008,915 Webb Chapel Rd,beat 630,OPEN,
CC-16240,"MCCOY, F",F, 26 ,10/13/2021,8675 ILLINOIS AVE,B-717,OPEN,"Anonymous tip, callback 214.555.2754, said they saw a dark sedan"
CC-50773,"WILLIAMS, P",F,0,1993-06-05,1717 Buckner Blvd,409,OPEN,Witness can be reached at 214.555.8340
CC-67265,"CHAVEZ, B",F,47,02/13/2011,3556 Westmoreland Rd,630,Open,No callback number given
 CC-22135 ,"BANKS, J",M,12,"April 11, 2024",1420 Marsalis Ave, 152 ,OPEN,
CC-92852,"JOHNSON, C",MALE,44,1998-01-10,4344 Camp Wisdom Rd, 724 ,CLOSED,Witness can be reached at 214.555.1390
CC-41835,"RAMIREZ, N",M, 30 ,1987-11-06,5222 Westmoreland Rd,754,closed,"Tip line call, caller hung up"
CC-76299,"PARKER, E",Male, 21 ,2009-04-12,6982 Ferguson Rd,beat 412,CLOSED,Caller left callback (214) 555-8366
cc-78667,"coleman, m",m,23,"October 23, 1988",9956 Ferguson Rd,beat 418,CLOSED,cb: (214) 555-9578
CC-58574,"FUENTES, A",F,27,2023-04-09,1086 BUCKNER BLVD,Beat 130,OPEN,"Walk-in tip, declined to give contact"
 CC-61349 ,"ALVAREZ, P",M,33,2012-09-14,4919 Ferguson Rd,451,CLOSED,"Walk-in tip, declined to give contact"
CC-89437,"  COLEMAN, G ",M,62,1988-03-13,8854 Buckner Blvd,B-526,CLOSED,cb: 214.555.6775; possibly linked to CC-76887
CC-11621,"  THOMPSON, H ",M,40,05/13/2011,449 Fair Oaks Ave,beat 750,CLOSED,"Tip line call, caller hung up"
CC-48735,"TATE, E",Male, 31 ,"May 17, 2006",9126 Lancaster Rd,Beat 702,CLOSED,"Anonymous tip, callback 214.555.1966, said they saw a dark sedan"
CC-25671,"MITCHELL, L", M,27,1987-09-30,1957 Kiest Blvd, 217 ,CLOSED,Witness can be reached at 214-555-0171
CC-56008,"sanchez, w",M,36,2124-12-25,1076 Marsalis Ave,beat 625,Closed,"Walk-in tip, declined to give contact"
CC-84658,"RAMIREZ, G",M, 0 ,2003-05-22,2278 WESTMORELAND RD,247,OPEN,Witness can be reached at (214) 555-7408
CC-10101,"MARTINEZ, D",M,29,"April 5, 2012",5342 Harry Hines Blvd,555,CLEARED,Caller left callback 214.555.4213
CC-38886,"hughes, n",M,35,unknown,7610 LAKE JUNE RD,328,CLOSED,
CC-49044,"HUGHES, N",M,33,1986-01-03,9158 Royal Ln,741,closed,cb: 214.555.3681
CC80648,"castillo, g",M,32,02/09/2005,2391 Military Pkwy,B-219, OPEN ,"Neighbor reported shots, no name, no number"
CC-60708,"MENDOZA, H",M,30,12/30/1998,8908 Ferguson Rd,Beat 612,closed,No callback number given
CC-39539,"FUENTES, A",F, 51 ,2015-04-22,3247 Larkmoor Ln,526,OPEN,cb: 214-555-2186
CC55393,"ELLIS, E",M,40,2020-07-08,1884 Lake June Rd,409,open,Witness can be reached at 214-555-2803
CC-64333,"YOUNG, J",m, 47 ,05/24/1989,2395 Westmoreland Rd,121,OPEN,"Tip line call, caller hung up"
CC-52595,"PATTERSON, R",F,26,1987-01-27,7164 Ledbetter Dr,409,OPEN,
CC-81925,"Nelson, B",M,28,11/19/2019,5708 Camp Wisdom Rd,beat 724,closed,Caller left callback 214.555.0194
cc-89019,"Fields, H",M,25,09/05/1984,1420 LEDBETTER DR,,CLOSED,cb: 214-555-1194
cc-23546,"YOUNG, R",MALE,33,2018-08-10,5949 Illinois Ave,beat 629,CLOSED,cb: (214) 555-5548
CC-23176,"  KING, G ",M,22,1999-05-25,8456 ROYAL LN,beat 215,CLOSED,Witness can be reached at 214-555-1874
CC-18946,"WALLACE, L",M,45,1982-09-09,3053 Lake June Rd,550,CLOSED,
CC-87754,"BOOKER, V",F,40,"January 3, 1993",7930 Lake June Rd,612,CLEARED,"Tip line call, caller hung up"
CC-57862,"JAMES, R",M, 29 ,01/31/2020,1818 Lake June Rd,Beat 457,closed,"Walk-in tip, declined to give contact"
CC-98631,"GOMEZ, T",F,26,1991-07-30,6212 Kiest Blvd,B-750,CLOSED,"Neighbor reported shots, no name, no number"
CC75321,"  CHAVEZ, V ",M,43,2019-06-19,8852 Military Pkwy,beat 501,OPN,No callback number given
CC-66822,"Sanchez, V",M,25,1991-10-18,5011 Kiest Blvd,B-438,Closed,"Anonymous tip, callback 214.555.9283, said they saw a dark sedan"
cc-26945,"ortiz, e",M,41,1989-04-19,7794 Ledbetter Dr,beat 555,CLOSED,Caller left callback 214-555-2685
CC-87332,"ESPINOZA, K",Male,25,1994-01-27,3026 Greenville Ave,B-208,open,Witness can be reached at (214) 555-7913
CC-47259,"navarro, c", M,36,2007-08-26,1988 Singleton Blvd,555,OPEN,Caller left callback 214-555-8452; possibly linked to CC-56985
CC-12207,"GARCIA, F",F,42,2020-10-05,5317 Greenville Ave,247,OPEN,Witness can be reached at 214-555-1494
CC-95441,"HILL, W",F, 23 ,2017-03-13,2036 Ledbetter Dr,130,Closed,
CC-77331,"WATSON, S",MALE, 44 ,1991-07-24,2982 Buckner Blvd, 550 ,OPEN,
CC-35336,"Herrera, A",M,41,10/17/1995,404 Royal Ln,beat 754,OPEN,Witness can be reached at (214) 555-5278; possibly linked to CC-14289
CC-65016,"PATTERSON, H", M,34,"May 16, 1999",4836 Larkmoor Ln,455,CLEARED,cb: 214-555-2525; possibly linked to CC-69237
CC-22847,"Martinez, B",M,24,2020-09-24,8650 ROYAL LN,beat 328,OPEN,
CC 23763,"Ellis, S",M,45,"February 5, 2011",4574 Royal Ln,247,closed,Caller left callback (214) 555-6885
CC-97090,"DELGADO, C",Male,39,1989-01-23,9574 WEBB CHAPEL RD,208,closed,Caller left callback (214) 555-2950; possibly linked to CC-67637
CC-35059,"SANDERS, C",M,2,1992-06-11,9354 Kiest Blvd,625,open,No callback number given
CC-13385,"RIVERA, B",m,20,1987-12-01,676 Webb Chapel Rd,630,CLOSED,Witness can be reached at 214-555-2321
CC-58608,"HERRERA, R",F,11,12/11/2008,671 Jefferson Blvd, 215 ,Open,"Anonymous tip, callback 214.555.3961, said they saw a dark sedan"
CC-45321,"  WASHINGTON, P ",M,25,2013-12-30,7011 Lancaster Rd,B-359,CLOSED,"Anonymous tip, callback 214-555-1957, said they saw a dark sedan"
cc-91093,"Harris, K",F ,29,1991-06-18,9492 LARKMOOR LN,335,CLOSED,cb: (214) 555-0708; possibly linked to CC-69204
CC-41656,"  SIMMONS, D ",M, 63 ,"January 22, 1998",2256 Ledbetter Dr,526,CLOSED,"Tip line call, caller hung up"
CC-23626,"NORRIS, J",m,59,1993-01-17,4774 SINGLETON BLVD, 630 ,OPN,"Neighbor reported shots, no name, no number"
CC-95210,"Watson, C",F ,28,2024-11-16,4039 Bonnie View Rd,501,CLOSED,"Neighbor reported shots, no name, no number"
 CC-66909 ,"JACKSON, W",F,36,1997-03-17,2063 Elm St,beat 241,Open,"Anonymous tip, callback (214) 555-9599, said they saw a dark sedan"
CC-92472,"james, d", M,17,1988-01-03,7720 Lake June Rd,beat 246,Open,possibly linked to CC-50297
CC-83192,"Ortiz, S",M,35,05/14/1989,6070 Ferguson Rd
CC-58998,"CRUZ, P",F, 25 ,1990-07-24,7675 Larkmoor Ln,438,closed,cb: (214) 555-0849
 CC-17568 ,"WRIGHT, A",M,21,  ,6193 Larkmoor Ln,717,CLOSED,cb: 214.555.4229
CC-48576,"OKAFOR, W",F,,11/11/1990,6132 Lancaster Rd,409,CLOSED,
CC-21572,"MEDINA,  V",M,22,2003-09-10,1077 Military Pkwy,439,CLEARED,Witness can be reached at (214) 555-4476; possibly linked to CC-41584
CC-51671,"ORTIZ, N",Male,31,"August 14, 1993",7336 Elm St,338,CLEARED,possibly linked to CC-53708
CC-20729,"GREEN, A",M,44,2009-11-17,3353 Fair Oaks Ave,412,open,Caller left callback 214.555.2212
 CC-41584 ,"GREEN, G",M,48,1983-01-03,1653 Greenville Ave,713,CLOSED,Witness can be reached at 214-555-5186
CC75735,"white, w",M,18,04/20/1992,8070 Military Pkwy,326,CLOSED,"Anonymous tip, callback 214.555.9446, said they saw a dark sedan"
CC-31886,"bryant, n",F,43,2018-04-14,6138 JEFFERSON BLVD,B-420,OPEN,"Walk-in tip, declined to give contact"
CC-29360,"  MURPHY, B ",F,26,2007-05-17,6836 Ferguson Rd,beat 501,Open,No callback number given
CC-56975,"lane, f",Male,39,11/16/1999,9838 Ledbetter Dr, 750 ,Open,No callback number given
 CC-76613 ,"WATSON, K", M,41,05/15/2004,8886 Westmoreland Rd,717,CLOSED,Caller left callback 214.555.7692
CC-74378,"WHITE, K",M,38,07/14/1992,6193 Buckner Blvd,754,CLSD,Caller left callback (214) 555-5115
CC-41369,"johnson, c",F,36,1994-03-19,2969 Ledbetter Dr,Beat 550,CLOSED,
CC-67475,"tucker, h",F,37,1983-10-12,2594 Larkmoor Ln,750,CLOSED,Caller left callback 214.555.0740; possibly linked to CC-45240
CC-59654,"SMITH,  E",M,58,"April 7, 1995",6627 Singleton Blvd,beat 150,CLOSED,possibly linked to CC-56474
CC-73136,"THOMPSON, D",M,26,2006-06-16,702 Ledbetter Dr, 219 ,OPEN,"Neighbor reported shots, no name, no number"
 CC-77240 ,"VARGAS, P", M,21,6/30/2000,1362 LAKE JUNE RD,208,CLOSED,Witness can be reached at (214) 555-2812
 CC-44262 ,"JAMES, G",m,50,2022-12-03,3323 Webb Chapel Rd, 133 ,OPEN,Witness can be reached at 214.555.8419
CC-38203,"sullivan, c",F,45,09/29/1995,5146 Singleton Blvd,B-430,Open,cb: 214-555-6223
CC-69867,"HOLLAND, B",M,21,2004-09-20,9339 FAIR OAKS AVE,625,CLOSED,
 CC-33299 ,"mitchell, f",F ,43,1993-04-28,3646 Royal Ln,beat 242,CLOSED,Witness can be reached at (214) 555-0370
CC-312,"medina, c",Male,999,2003-09-14,9907 KIEST BLVD,Beat 121,CLOSED,
cc-43958,"SANDERS, D",M,18,03/31/2000,3008 Elm St,501,Closed,"Anonymous tip, callback 214-555-4325, said they saw a dark sedan"
CASE?,"garner, p",M, 26 ,2018-07-19,2413 Ledbetter Dr,121,OPEN,
CC-75582,"Murphy, H",f,45,06/18/1986,863 HARRY HINES BLVD,429,CLOSED,Caller left callback 214.555.6398
CC-88004,"PERRY, N",M,46,07/18/1998,4425 Camp Wisdom Rd,555,CLOSED,Caller left callback 214.555.3576; possibly linked to CC-55516
 CC-83270 ,"  CASTILLO, H ",M,24,"November 19, 1992",7013 Marsalis Ave,219,CLOSED,
CC-79052,"ESPINOZA, H",F,23,1994-01-21,6216 Marsalis Ave,beat 553,OPN,"Walk-in tip, declined to give contact"
CC-88590,"SPENCER, C",M,32,2024-12-28,7165 Webb Chapel Rd,501,OPEN,possibly linked to CC-39135
CC-15310,"WEBB, T",F,45,2012-06-03,714 Harry Hines Blvd,157,CLEARED,Witness can be reached at 214.555.4838
CC-41481,"MEDINA, A",F,34,1982-06-05,6662 Royal Ln,B-455,closed,No callback number given
CC-44210,"HILL, L",F,18,1992-12-15,6694 Camp Wisdom Rd,Beat 216,CLOSED,"Neighbor reported shots, no name, no number"
CC-90447,"Bell, V",M,39,1983-10-18,6676 Camp Wisdom Rd,555,CLOSED,
CC-11798,"JORDAN, N",M,,2019-03-15,7008 Greenville Ave,Beat 153,OPEN,possibly linked to CC-28047
CC49662,"fields, p",M,54,"August 24, 1994",5136 Lancaster Rd,Beat 457,closed,"Anonymous tip, callback 214.555.7425, said they saw a dark sedan"
CC91729,"Ramos, N",M, 42 ,1994-08-06,2869 Westmoreland Rd,Beat 256,OPN,Caller left callback (214) 555-4046
cc-85899,"coleman, a",M,,2004-10-24,6723 Royal Ln,451,OPEN,Witness can be reached at 214.555.0970
CC-32947,"MALONE, H",M,42,07/15/1994,899 JEFFERSON BLVD,beat 157,closed,"Anonymous tip, callback 214-555-3763, said they saw a dark sedan; possibly linked to CC-74142"
CC 55471,"MOORE, M",MALE,15,06/09/2024,8948 CAMP WISDOM RD,750,CLOSED,Witness can be reached at (214) 555-7681
CC-74566,"watson, e",M,15,"June 26, 1985",2179 Military Pkwy,beat 625,OPEN,cb: (214) 555-6827
CC-53539,"MURPHY,  A",M,?,01/15/2000,2538 Singleton Blvd,247,Open,cb: 214-555-9679
CC93847,"  ESPINOZA, B ",M,15,"July 21, 2023",676 Buckner Blvd,B-724,OPEN,cb: 214.555.2434
CC-81949,"porter, w",M, 46 ,2000-06-01,2782 Lake June Rd,335,CLOSED,Caller left callback 214-555-7865
CC-21469,"Okafor, D",M, 45 ,1990-12-15,9410 KIEST BLVD,beat 216,closed,cb: 214-555-5878
CC-45285,"HOWARD, R",m,unknown,03/21/1993
cc-50018,"parker, d",M, 45 ,04/15/2017,3482 Scyene Rd,beat 457,OPEN,"Neighbor reported shots, no name, no number"
CC-52272,"  WATSON, R ",M, 18 ,2004-11-18,9084 Royal Ln,Beat 418,OPEN,"Neighbor reported shots, no name, no number"
cc-26186,"HILL, P",M,16,1993-09-20,2429 Marsalis Ave,119,CLOSED,No callback number given
CC-68168,"MILLER, R",m,30,"March 12, 1992",1547 Bonnie View Rd,B-150,CLSD,No callback number given
CC-39455,"Bell, A",Male,31,9/19/2018,4789 ROYAL LN,612,CLOSED,
CC-78524,"WOODS, H",M,36,"August 14, 1986",2251 Kiest Blvd,717,CLOSED,No callback number given
CC-45591,"MARTINEZ, T",M,19,"July 5, 1985",5978 LARKMOOR LN,553,CLOSED,cb: (214) 555-7379
CC-15599,"ALVAREZ, C",m, 19 ,2022-02-22,738 Singleton Blvd,beat 724,OPN,No callback number given
cc-98400,"jackson, m",M,22,02/09/1996,5041 Illinois Ave,750,CLEARED,Witness can be reached at 214.555.0650
CC-21983,"perez, b",Male,15,2008-08-18,5086 Elm St,439,UNK,No callback number given
CC-10310,"DIXON, L",M,34,1986-05-28,9827 Harry Hines Blvd,B-150,CLOSED,"Anonymous tip, callback 214-555-3305, said they saw a dark sedan"
CC-90510,"HARRIS, E",Female,39,1996-02-01,9529 Scyene Rd,Beat 651,CLSD,cb: 214.555.2740
CC-99494,"REED, N",M,6,2006-06-23,2120 Lancaster Rd,beat 150,OPEN,Witness can be reached at (214) 555-6837
CC-51418,"HERRERA, L",M,13,05/24/1992,6758 Singleton Blvd,beat 119,CLOSED,"Neighbor reported shots, no name, no number"
CC-89487,"WATSON, A",Male,23,7/12/2022,1080 Bonnie View Rd,B-303,OPEN,"Anonymous tip, callback 214.555.5174, said they saw a dark sedan"
cc-90027,"garcia, m",M,45,2/15/1985,5176 Westmoreland Rd,beat 157,closed,cb: (214) 555-2649
CC-94757,"PORTER, J",M,17,2011-07-20,4617 Fair Oaks Ave,B-429,CLEARED,Caller left callback 214-555-8872
CC-45200,"Thompson, K",MALE,35,"February 25, 1982",7538 LEDBETTER DR,beat 359,CLOSED,Caller left callback 214.555.8331
cc-73982,"TRAMMELL, E",F,12,2024-01-16,3109 KIEST BLVD,242,OPEN,Witness can be reached at 214.555.1410
 CC-76466 ,"WELLS, K", M, 17 ,07/07/2018,8688 Larkmoor Ln,429,CLOSED,possibly linked to CC-30291
CC-88154,"  WALKER, F ",m,32,2006-02-11,1344 Royal Ln, 354 ,CLOSED,Caller left callback 214.555.4313
CC99399,"HENDERSON, E",F,45,05/30/2000,9104 Lake June Rd,246,open,"Anonymous tip, callback (214) 555-7786, said they saw a dark sedan"
 CC-80054 ,"LANE, J",M,42,8/8/1988,5985 WESTMORELAND RD,Beat 555,OPEN,possibly linked to CC-65472
cc-55029,"MORALES, P",M,19,1987-07-16,6577 Singleton Blvd,,open,possibly linked to CC-31364
CC-35097,"MARTINEZ, N",m,20,2000-08-19,383 Kiest Blvd,beat 455,OPEN,Witness can be reached at (214) 555-5944
CC-95225,"coleman, d",m,53,8/25/2011,5276 MARSALIS AVE,202,closed,"Anonymous tip, callback 214-555-5249, said they saw a dark sedan"
CC-32976,"reed, j",Male,42,1994-01-15,8583 Military Pkwy, 256 ,OPEN,possibly linked to CC-26094
CC-65644,"TATE, K",M, 30 ,2005-07-05,7884 Harry Hines Blvd,247,OPN,Caller left callback 214-555-0711
cc-90670,"PERRY, T",M,41,2001-01-21,7574 Jefferson Blvd,326,OPEN,"Neighbor reported shots, no name, no number"
CC-56021,"DOUGLAS, V",F,29,1990-02-13,8727 JEFFERSON BLVD,Beat 629,CLOSED,Witness can be reached at 214.555.2729
CC 68570,"MARTINEZ, L",F, 19 ,1989-08-06,3465 Singleton Blvd,501,OPEN,Witness can be reached at 214-555-8017
CC-96873,"JOHNSON,  J",M,39,04/12/90x,4522 Webb Chapel Rd,,Closed,
CC-54050,"Webb, E",M,28,2021-02-19,8816 Larkmoor Ln,157,OPEN,Caller left callback 214-555-5675
CC-12443,"BAKER, D",M, 32 ,11/15/2010,6603 SCYENE RD,451,OPEN,Caller left callback (214) 555-8034
CC-79638,"SANCHEZ, L",F,25,2010-04-09,4196 LAKE JUNE RD,B-241, OPEN ,No callback number given
cc-90687,"mccoy, w",M,38,3/11/1992,6044 LAKE JUNE RD,Beat 152,Open,"Tip line call, caller hung up"
CC-70962,"  ALVAREZ, E ",M,31,"August 17, 2012",4238 Royal Ln,,OPEN,
cc-84254,"  CARTER, P ",Male, 12 ,12/16/1981,5856 Elm St,409,Open,
CC23283,"james, w",Male,40,1996-11-22,3088 Lancaster Rd,beat 501,OPEN,Witness can be reached at 214-555-2603
 CC-95685 ,"Wallace, T", M,20,2003-12-05,1754 Lake June Rd,beat 150,OPEN,"Neighbor reported shots, no name, no number"
cc-44757,"Trammell, J",M,30,07/24/1987,7460 Larkmoor Ln,Beat 651,CLOSED,"Anonymous tip, callback 214.555.4185, said they saw a dark sedan"
CC-65277,"  WILSON, P ",M,41,10/23/1990,9528 ILLINOIS AVE,beat 455,OPEN,Caller left callback 214.555.7430
CC-86798,"BROOKS, F",M,29,9/24/1986,210 Ledbetter Dr,651,open,"Walk-in tip, declined to give contact"
CC-67469,"GREEN, G",M,28,"June 3, 1989",448 Westmoreland Rd,335,OPEN,possibly linked to CC-41623
CC-87673,"SULLIVAN, J",M,26,1983-07-19,6665 Illinois Ave,Beat 724,CLOSED,possibly linked to CC-32444
CC-50744,"nguyen, h",m,12,2008-05-21,229 WESTMORELAND RD,335,open,Caller left callback 214-555-1420
CC-70649,"  HALL, N ",F,44,2015-07-07,2161 KIEST BLVD,Beat 505,OPEN,"Tip line call, caller hung up"
CC-21891,"WARD, W",F,31,1991-07-19,2897 Larkmoor Ln,beat 150,closed,cb: (214) 555-3708
CC-48709,"NAVARRO, H",M,24,06/25/2003,4597 LANCASTER RD,410,open,
CC-76624,"  WALLACE, L ",M,36,1983-10-05,9171 Royal Ln,521,CLOSED,Caller left callback 214-555-3626; possibly linked to CC-51281
CC-75898,"SPENCER, S",M,30,1988-03-14,8136 Bonnie View Rd,625,OPEN,"Anonymous tip, callback (214) 555-0825, said they saw a dark sedan"
CC-54683,"SCOTT, V", M,45,3/23/1999,8602 CAMP WISDOM RD,beat 354,CLOSED,Witness can be reached at (214) 555-0512
CC-29622,"DAVIS, A",F,29,1982-06-13,5198 Camp Wisdom Rd,246,Closed,Witness can be reached at 214-555-1372
 CC-77706 ,"mitchell, r",M,26,2006-01-02,5389 Camp Wisdom Rd,B-208,OPEN,
CC-11337,"howard, m",F ,15,2013-12-11,2584 BUCKNER BLVD,beat 430,OPN,"Anonymous tip, callback 214-555-6926, said they saw a dark sedan"
CC-49356,"Thompson, A",M,41,2016-10-21,8536 Jefferson Blvd,B-629,CLOSED,"Tip line call, caller hung up"
CC-44319,"BAKER, W",M,25,03/04/2003,2528 BUCKNER BLVD,630,closed,Witness can be reached at 214-555-7968
CC-31678,"JOHNSON, M",F ,32,1982-09-10,7730 GREENVILLE AVE,beat 119,CLOSED,"Tip line call, caller hung up"
CC94316,"MALONE, T",M,21,"December 13, 2022",7865 Elm St,359,CLOSED,"Neighbor reported shots, no name, no number"
CC-86957,"ALVAREZ, V",MALE,28,04/18/1992,7809 WEBB CHAPEL RD, 215 ,CLOSED,"Neighbor reported shots, no name, no number"
CC-73340,"Turner, N",M,33,1/21/2020,6771 Webb Chapel Rd, 526 ,open,
CC-58943,"MILLER, W",F,25,2010-02-24,2203 Fair Oaks Ave,750,OPEN,"Tip line call, caller hung up"
CC-68822,"  HERRERA, P ",M,30,2003-10-08,277 Elm St,519,CLOSED,possibly linked to CC-54783
CC-23575,"ESPINOZA, V",M, 42 ,2009-11-10,6321 Jefferson Blvd,B-625,CLOSED,"Anonymous tip, callback 214.555.2579, said they saw a dark sedan"
CC-63373,"MENDOZA, N", M,6,1/19/2016,3113 Elm St,119,CLSD,possibly linked to CC-82115
CC-82181,"  JENKINS, L ",F,35,2003-05-25,6774 Jefferson Blvd,326,CLOSED,"Anonymous tip, callback 214.555.7271, said they saw a dark sedan"
CC-48736,"HAWKINS, R",M, 26 ,2013-02-18,9908 Elm St,157, OPEN ,
CC49344,"THOMAS, T",MALE,53,1997-07-28,2107 Webb Chapel Rd,439,CLSD,Witness can be reached at (214) 555-7218
 CC-99109 ,"BROOKS,  S",F,0,1989-01-07,7615 Lake June Rd,625,Closed,cb: 214-555-1053; possibly linked to CC-94178
 CC-89828 ,"jordan, d",M,22,07/04/1986,5818 WESTMORELAND RD,beat 409,CLOSED,Caller left callback 214.555.4414
CC-87291,"Edwards, E",M,37,2012-02-17,6083 Scyene Rd,beat 256,CLOSED,Caller left callback 214-555-4847
 CC-48051 ,"Ramirez, D",M,25,"September 1, 1981",5984 Singleton Blvd,157,CLOSED,"Tip line call, caller hung up"
 CC-21499 ,"  SIMMONS, A ",M, 23 ,10/14/2005,3492 Marsalis Ave,Beat 455, OPEN ,cb: 214-555-3621; possibly linked to CC-78913
 CC-54724 ,"Guerrero, T",M,41,04/11/2017,2081 BONNIE VIEW RD,,open,
 CC-77164 ,"PATTERSON, J",M,23,,8560 Royal Ln,326,OPEN,cb: 214-555-9542
CC-56109,"JACKSON, K",F, 38 ,1986-07-07,5913 Singleton Blvd,B-315,CLOSED,Witness can be reached at 214-555-8524
CC-33257,"MARSH, R",MALE,53,1991-07-24,8353 Greenville Ave,741,CLSD,Witness can be reached at (214) 555-5118
CC-80515,"HAWKINS, W",M,40,2018-02-25,7124 Ferguson Rd,519,open,"Walk-in tip, declined to give contact"
cc-64491,"Long, H",M,36,08/18/1983,5369 Military Pkwy,B-328,CLOSED,Witness can be reached at 214-555-8330
CC-69055,"  SANDERS, K ",M,46,1995-05-25,8675 MILITARY PKWY,150,CLOSED,"Anonymous tip, callback 214.555.0096, said they saw a dark sedan; possibly linked to CC-77713"
CC-16977,"Flores, L",M,28,1994-08-23,2227 Lake June Rd,215,CLOSED,cb: (214) 555-9666
CC-27913,"WATSON, A",M,29,2010-07-05,8275 Royal Ln,Beat 359,CLOSED,No callback number given
CC-48137,"STEWART, R",M,0,1990-07-30,6070 Greenville Ave,Beat 625,OPEN,"Tip line call, caller hung up"
CC-72498,"WELLS, K",M,29,"May 9, 1986",6909 Webb Chapel Rd,B-130,Closed,No callback number given
CC-61174,"Harris, E",f,29,1993-12-18,7753 LARKMOOR LN,beat 219,CLOSED,
CC-26176,"WOODS, V",M,28,2004-10-26,2338 Lancaster Rd,Beat 651,CLOSED,Caller left callback 214.555.9382; possibly linked to CC-69920
CC-20917,"woods, b",M,43,2006-12-27,8847 Marsalis Ave,121,OPEN,"Anonymous tip, callback 214-555-8209, said they saw a dark sedan"
CC-53873,"Davis, W",M, 25 ,2001-04-16,7851 Larkmoor Ln, 315 ,OPEN,No callback number given
CC-80021,"MORALES,  P",F,32,"Smarch 1, 2023",9791 CAMP WISDOM RD,457,OPN,"Neighbor reported shots, no name, no number"
CC-10425,"  SIMMONS, S ",M,61,5/1/2008,6320 BUCKNER BLVD,326,CLOSED,Caller left callback (214) 555-4190
CC-52846,"FIELDS, K",M,32,6/7/2018,864 Bonnie View Rd,B-150,CLOSED,No callback number given
cc-89647,"OSEI, D",M,46,01/30/2011,1492 Scyene Rd,246,CLEARED,cb: 214-555-4682
CC-18575,"Carter, S",M,54,2007-03-23,5341 CAMP WISDOM RD,625,OPEN,cb: 214-555-0425
CC-25992,"Richardson, P",M,38,8/12/2022,9801 Harry Hines Blvd,439,CLOSED,"Walk-in tip, declined to give contact"
CC-49193,"GRAHAM,  R",F ,35,7/30/2012,8320 Kiest Blvd,326,OPEN,"Anonymous tip, callback (214) 555-2077, said they saw a dark sedan"
CC-50411,"edwards, l", M,23,09/11/2003,7093 Camp Wisdom Rd,B-241,OPEN,possibly linked to CC-75120
CC-49494,"osei, m",M,27,2018-08-17,9838 Larkmoor Ln,629,CLOSED,"Walk-in tip, declined to give contact"
cc-70443,"BRYANT, K",M,53,12/24/2006,6688 Marsalis Ave,338,closed,Witness can be reached at 214.555.4621
CC-82580,"DIXON, A",M,23,10/10/2001,9759 Harry Hines Blvd,335,OPEN,"Tip line call, caller hung up"
CC67682,"HERRERA, V",Male,32,1994-09-24,9691 CAMP WISDOM RD,741,CLOSED,
CC-99292,"GREEN, H",M,52,2005-03-12,7562 LAKE JUNE RD,beat 119,Closed,
 CC-49791 ,"carter, b",M,12,1989-01-01,1828 Kiest Blvd,457,CLOSED,No callback number given
 CC-27064 ,"  SANCHEZ, T ", M,26,3/23/2009,8086 Westmoreland Rd,629,OPEN,Witness can be reached at 214.555.0925
CC55516,"GOMEZ, E",F,29,1987-10-26,2712 Webb Chapel Rd,553,open,"Tip line call, caller hung up"
CC-61110,"LANE, C",M,34,2018-05-01,956 Westmoreland Rd,517,CLOSED,cb: 214-555-6479; possibly linked to CC-28466
CC 17996,"MCCOY, S",M,20,01/07/2006,6090 Marsalis Ave,631,OPEN,"Anonymous tip, callback 214-555-6049, said they saw a dark sedan"
CC-94032,"TURNER, V",M,,03/28/2012,1053 Illinois Ave,beat 631,CLOSED,Witness can be reached at 214-555-9871
cc-79693,"  PARKER, F ",M,51,10/18/2025,9965 Lancaster Rd,410,OPEN,Witness can be reached at (214) 555-3158
CC-39244,"SANCHEZ, A",M,39,2002-08-03,7558 FERGUSON RD,beat 412,CLOSED,cb: (214) 555-7610
CC58893,"WEBB,  G",M,56,2014-09-11,537 SCYENE RD,beat 429,OPEN,Caller left callback 214.555.1530
CC 79589,"NAVARRO, R",M,10,1988-01-26,6723 Kiest Blvd,153,Closed,Witness can be reached at (214) 555-5481; possibly linked to CC-58197
CC-24191,"ADAMS, D",M,17,1991-07-31,1033 Jefferson Blvd,526,closed,"Anonymous tip, callback 214.555.3499, said they saw a dark sedan"
CC15960,"LONG, A",U,30,"September 6, 1993",9225 Harry Hines Blvd,beat 702,closed,cb: 214.555.3763; possibly linked to CC-91226
CC-15433,"STEWART, P",M, 32 ,1995-09-08,4471 Larkmoor Ln,B-429,CLOSED,Caller left callback (214) 555-9986
CC 71623,"evans, p",F,19,1981-06-02,139 Ferguson Rd,B-303,Closed,"Neighbor reported shots, no name, no number"
CC 52315,"DAVIS, T",M,36,1995-10-29,6831 Bonnie View Rd,Beat 150,Closed,cb: (214) 555-1100
CC-80624,"bryant, e",M,39,"August 14, 1998",7741 Jefferson Blvd,beat 412,Closed,Caller left callback 214.555.3220
CC-38952,"MITCHELL, F",female,18,2020-12-13,6151 SINGLETON BLVD,717,CLSD,Witness can be reached at (214) 555-3386
CC-22284,"BANKS,  T",F,28,2014-05-26,6382 Ledbetter Dr,430,OPEN,No callback number given
CC-77063,"DIXON,  L",M,24,1999-03-14,6203 Greenville Ave,Beat 215,CLOSED,"Tip line call, caller hung up"
CC-35110,"james, e",M,999,2019-07-05,8505 Lake June Rd,418,OPEN,
CC-80860,"mendoza, l",M,3,08/14/1994,1621 Royal Ln,315,CLSD,Caller left callback 214-555-2138
cc-65750,"harris, e",M, 48 ,1993-11-19,823 Singleton Blvd,beat 153,CLOSED,possibly linked to CC-96375
CC-89040,"ELLIS, A",M,?,2022-09-25,5642 Larkmoor Ln,Beat 526,CLOSED,Witness can be reached at 214-555-0309; possibly linked to CC-70622
CC-92761,"  MALONE, F ",M,40,2015-02-23,1262 Royal Ln,338,CLSD,Witness can be reached at 214.555.9196
cc-23017,"NORRIS, F",F ,29,2000-05-24,8548 Royal Ln, 631 ,OPEN,"Anonymous tip, callback 214.555.0206, said they saw a dark sedan"
CC-31322,"  LOPEZ, F ",M,17,2025-09-12,4357 MARSALIS AVE,234,CLOSED,Caller left callback (214) 555-1725
CC-76272,"COLEMAN, P",F,38,01/15/2009,1352 Marsalis Ave,354,CLEARED,"Anonymous tip, callback 214-555-7145, said they saw a dark sedan"
 CC-75120 ,"  FIELDS, V ",F,40,4/28/2023,708 Fair Oaks Ave,beat 420,CLOSED,"Anonymous tip, callback 214.555.5988, said they saw a dark sedan"
CC-96099,"Turner, C",M,42,1998-03-24,4736 Lake June Rd,505,CLOSED,"Tip line call, caller hung up"
CC-35271,"jordan, n",F,28,"September 16, 2013",3608 ILLINOIS AVE,,OPEN,Witness can be reached at 214.555.5100
CC 46630,"PRUITT, S",M,2,01/21/1984,9847 WESTMORELAND RD,B-429,CLOSED,"Anonymous tip, callback 214-555-0175, said they saw a dark sedan"
cc-30290,"PRICE, T",m,54,01/12/2004,360 CAMP WISDOM RD,315,OPEN,cb: 214-555-7458
CC-57382,"JACKSON, W",M,42,2027-11-01,2005 Westmoreland Rd,438,CLOSED,cb: 214-555-3866
 CC-63752 ,"PAYNE, W",M,32,04/26/1994,7105 Illinois Ave,Beat 505,closed,Caller left callback 214.555.4469
CC-11178,"HERRERA, A",f,13,2014-12-12,1936 Marsalis Ave,B-303,CLOSED,
CC-73830,"DELGADO, E",M,43,06/07/1995,6695 Scyene Rd,beat 631,OPEN,"Anonymous tip, callback 214.555.9433, said they saw a dark sedan"
CC-38806,"REYES, R",Male,50,unknown,2947 ELM ST, 754 ,OPEN,
CC52054,"harris, b",M,41,2008-10-16,7110 Harry Hines Blvd,Beat 702,CLOSED,possibly linked to CC-35755
CC-89337,"stewart, g",M,32,1994-04-16,8699 Ledbetter Dr,beat 526,OPEN,possibly linked to CC-17979
CC-97193,"DAVIS, C",F, 25 ,1999-03-15,7445 LARKMOOR LN,717,OPEN,cb: (214) 555-1218
CC63879,"Espinoza, K",M,43,"November 26, 1990",9766 Lake June Rd,beat 303,CLOSED,"Tip line call, caller hung up"
CC-46258,"  COLLINS, V ",U,48,07/21/1987,7527 Harry Hines Blvd, 326 ,closed,possibly linked to CC-37064
CC-61187,"Harris, H",M, 45 ,"April 3, 2014",5322 Military Pkwy,beat 303,CLOSED,"Anonymous tip, callback 214.555.7619, said they saw a dark sedan"
CC-79440,"CARTER, E",F,28,"March 6, 1994",2592 Webb Chapel Rd,beat 429,OPEN,
cc-95115,"  GUERRERO, M ",M, 31 ,2012-02-20,7879 Royal Ln, 429 ,OPN,Witness can be reached at (214) 555-3973
CC-75863,"FUENTES,  P",M,28,1985-12-19,9357 Ferguson Rd,130,closed,Caller left callback 214-555-8422
cc-15099,"RUIZ, A",M,33,"February 20, 1981",3243 Elm St,409, OPEN ,"Neighbor reported shots, no name, no number"
CC-88337,"  ROBINSON, D ",M,53,1990-07-03,6957 MARSALIS AVE,B-630,OPEN,Caller left callback 214-555-1789
CC-50099,"SCOTT, C",M,31,5/16/2005,1260 Marsalis Ave,153,CLOSED,"Tip line call, caller hung up"
CC-35602,"JORDAN, L",F,27,12/27/1989,7524 Ledbetter Dr,beat 451,closed,Witness can be reached at 214.555.5992; possibly linked to CC-44775
CC-60874,"PARKER, P",MALE,25,2011-12-19,9874 CAMP WISDOM RD,B-359,CLOSED,"Anonymous tip, callback (214) 555-8968, said they saw a dark sedan"
CC-86463,"Davis, F",M,46,11/28/1991,3964 Lake June Rd,beat 217,OPEN,possibly linked to CC-39337
cc-73312,"MEDINA, F",M,34,1987-07-28,6153 GREENVILLE AVE,208,CLEARED,possibly linked to CC-43113
CC-69915,"Edwards, P",M,44,04/18/1998,3931 Lake June Rd,702,CLOSED,"Anonymous tip, callback 214.555.7841, said they saw a dark sedan"
 CC-75338 ,"THOMPSON, H",M,44,"August 29, 1997",9013 Military Pkwy, 624 ,CLEARED,cb: 214.555.0534; possibly linked to CC-73788
CC-43234,"Young, L",M, 16 ,2021-06-22,5058 CAMP WISDOM RD,beat 412,CLOSED,"Tip line call, caller hung up"
 CC-70279 ,"FLORES, K",F,31,2016-02-30,7255 Kiest Blvd,412,OPEN,"Anonymous tip, callback (214) 555-1461, said they saw a dark sedan"
CC 68742,"WELLS, E",unk,54,2024-05-21,4113 Ferguson Rd,B-521,OPEN,"Neighbor reported shots, no name, no number"
CC 27677,"THOMAS, P",M, 31 ,1988-01-29,7585 Elm St,625,Closed,Caller left callback 214.555.9412
CC-16078,"Nelson, R",M,26,1992-11-16,5281 WEBB CHAPEL RD,B-216,CLOSED,
CC14199,"Sullivan, V",F, 43 ,12/02/1984,7090 LARKMOOR LN,B-457,CLOSED,"Anonymous tip, callback (214) 555-7857, said they saw a dark sedan"
CC-27873,"SCOTT, F",M,23,1996-05-10,5383 Elm St,beat 338,closed,
CC-67873,"ADAMS, L",M,21,1991-04-05,9944 Harry Hines Blvd,B-335,OPN,"Neighbor reported shots, no name, no number"
CC88958,"LOPEZ, M",Male,35,04/24/1992,9338 Harry Hines Blvd,B-303,open,
CC-41592,"RIVERA, N",M,54,"February 9, 1990",4277 Scyene Rd,521,Closed,"Anonymous tip, callback (214) 555-5500, said they saw a dark sedan"
cc-63375,"WALLACE, P",M,10,1/8/2003,4096 Military Pkwy,B-519,Closed,Witness can be reached at 214-555-9240
cc-37971,"TORRES, M",M,UNK,1994-01-28,598 Ferguson Rd,beat 550,CLOSED,cb: 214.555.7767
 CC-47645 ,"lopez, g",MALE,27,1987-10-05,5732 Military Pkwy,455,Closed,"Walk-in tip, declined to give contact"
 CC-76281 ,"fields, n",M, 55 ,5/22/1993,9280 Kiest Blvd,133, OPEN ,"Anonymous tip, callback (214) 555-7548, said they saw a dark sedan"
CC-25250,"MITCHELL, L",M,24,2024-09-05,6867 Camp Wisdom Rd,B-631,CLOSED,Caller left callback (214) 555-4308; possibly linked to CC-26229
CC-76384,"Hill, D",F,42,2002-12-29,2680 Ledbetter Dr,,CLOSED,cb: (214) 555-7509
CC-43117,"TURNER, E",M,25,1998-05-30,2891 Buckner Blvd,410,CLOSED,Witness can be reached at (214) 555-5562
CC-41001,"BELL, S",M,19,1990-05-16,142 Lake June Rd,beat 624,OPEN,Caller left callback 214.555.5490
CC56113,"porter, v",M,49,1989-01-10,4189 Greenville Ave,409,OPEN,"Anonymous tip, callback (214) 555-7300, said they saw a dark sedan; possibly linked to CC-27583"
CC-61188,"ward, m",F , 34 ,08/30/1995,8610 LAKE JUNE RD,Beat 354,OPEN,cb: (214) 555-2842; possibly linked to CC-89791
CC-38296,"  MARSH, S ",M,35,"September 29, 1992",5686 Military Pkwy,B-133,CLOSED,"Anonymous tip, callback (214) 555-3607, said they saw a dark sedan"
CC-83600,"Walker, L",F, 52 ,3/17/1992,9172 Harry Hines Blvd, 717 ,closed,
cc-92801,"HOWARD, V",Female,37,9/11/2009,8371 KIEST BLVD,612,Closed,"Neighbor reported shots, no name, no number"
CC-19755,"PEREZ, D",M,UNK,1990-06-07,6356 HARRY HINES BLVD,750,CLOSED,possibly linked to CC-78882
cc-43517,"moore, l",F,26,"January 3, 2008",3248 ELM ST,B-256,CLOSED,cb: 214.555.1881
CC-83956,"  SIMS, M ",M,19,1993-02-30,9668 Webb Chapel Rd,501,CLOSED,
CC-92131,"ADAMS, T",M,33,"November 11, 1990",9812 KIEST BLVD,B-553,CLOSED,"Tip line call, caller hung up"
CC-47202,"FUENTES, B",Male,34,12/26/2003,974 Greenville Ave,624,OPN,Caller left callback 214-555-7266
CC-51430,"BANKS, G",F,35,1983-04-10,1751 Elm St,121,CLOSED,Caller left callback 214-555-5933; possibly linked to CC-27740
cc-36177,"MILLER, A",M,15,"October 3, 2019",1027 Greenville Ave,beat 553,CLOSED,Caller left callback 214-555-1847
CC 97419,"medina, n",M,32,09/21/1993,1235 Camp Wisdom Rd,133,CLEARED,
CC-59183,"chavez, v",M, 35 ,1992-11-23,6408 Lancaster Rd,631,CLOSED,Caller left callback 214.555.3573
CC-68294,"tate, h",M,9,1998-03-30,9256 Lake June Rd,208,OPEN,"Anonymous tip, callback (214) 555-8539, said they saw a dark sedan; possibly linked to CC-74505"
cc-54734,"BROOKS, B",M,38,1992-02-29,3376 Marsalis Ave,Beat 242,OPEN,cb: 214.555.3105
CC52233,"MORALES, H",M,12,1992-07-19,4654 JEFFERSON BLVD,234
 CC-94408 ,"REED, R",M,15,2021-07-18,1452 Jefferson Blvd,B-354,CLOSED,Caller left callback (214) 555-4578
 CC-93415 ,"NGUYEN, J",F,49,1986-12-27,4019 BUCKNER BLVD,505,CLOSED,
CC49803,"stewart, a",M,36,"June 9, 1999",6931 JEFFERSON BLVD,157,CLOSED,"Neighbor reported shots, no name, no number"
CC-47248,"THOMAS, F",M,14,1995-03-28,4799 MARSALIS AVE,420,CLOSED,
CC-28632,"  BRYANT, P ",female,28,1984-06-25,9378 Larkmoor Ln,Beat 338,OPEN,Witness can be reached at (214) 555-7084
CC-59811,"YOUNG,  S",M,44,06/04/2020,2010 Lancaster Rd,beat 517,OPEN,
CC-90953,"ADAMS,  W",M,39,06/16/2031,5935 Ferguson Rd,beat 457,OPEN,possibly linked to CC-30886
CC-20041,"Murphy, B",Female,22,1998-11-04,7506 Illinois Ave,241,Open,
CC-91522,"  MEDINA, P ",M,29,12/28/1985,6854 Marsalis Ave,501,CLOSED,Caller left callback (214) 555-8702
CC-87995,"HILL, M",Male,38,06/16/1991,4634 Buckner Blvd,754,OPEN,Witness can be reached at (214) 555-8732
CC-14042,"CARTER,  L",M,17,1995-08-06,6100 Greenville Ave,beat 519,Closed,cb: (214) 555-4719
CC-67198,"SIMMONS, E",M,25,"February 23, 1989",4659 Lancaster Rd,519,open,No callback number given
 CC-70735 ,"BOOKER, B",m,9,01/11/2010,6592 Lake June Rd,Beat 234,CLOSED,Caller left callback 214.555.5779
CC-66764,"medina, g",M, 3 ,03/05/1992,5930 Larkmoor Ln,B-328,CLOSED,
CC-55181,"HERRERA, F",M,16,"April 25, 2011",2083 Royal Ln,beat 242,CLSD,"Anonymous tip, callback (214) 555-5147, said they saw a dark sedan"
cc-39989,"SMITH, G", M,41,01/05/1998,7415 LARKMOOR LN, 717 ,CLOSED,"Anonymous tip, callback (214) 555-0636, said they saw a dark sedan"
CC-70990,"parker, m", M, 47 ,"October 6, 1995",2618 LARKMOOR LN,625,open,Caller left callback (214) 555-7979
CC-74237,"Espinoza, L",MALE,33,"July 14, 1987",9552 Buckner Blvd,526,closed,Caller left callback (214) 555-1826
 CC-21350 ,"SMITH, H",M,34,10/29/2007,7586 Greenville Ave,B-242,CLOSED,cb: 214-555-4240
 CC-48522 ,"RAMOS, R",U,42,1/21/1989,2696 Ledbetter Dr,beat 338,OPEN,"Neighbor reported shots, no name, no number"
CC-91399,"KING, R",M,27,"July 20, 1990",9599 Greenville Ave,beat 133,CLOSED,No callback number given
 CC-32147 ,"NORRIS, N",M,15,2019-09-01,3384 BUCKNER BLVD,242,CLEARED,possibly linked to CC-90464
CC-54257,"PRICE, V",F,42,11/16/2022,245 Kiest Blvd,130,OPEN,"Walk-in tip, declined to give contact"
CC-47514,"BAKER, G",M, 53 ,03/19/1995,1826 Larkmoor Ln,553,OPEN,Witness can be reached at 214.555.5519
CC 43134,"HOWARD, V",M,33,11/13/1996,6639 Buckner Blvd, 505 ,Closed,Caller left callback 214.555.1498
CC-87686,"MEDINA, V",Male, 37 ,1996-09-11,2375 Larkmoor Ln,247,Closed,"Anonymous tip, callback (214) 555-3045, said they saw a dark sedan"
 CC-56133 ,"robinson, a",F, 29 ,1988-10-26,6874 Illinois Ave,338,CLEARED,possibly linked to CC-79153
CC 59156,"WOODS,  A",M,38,1991-04-14,8911 LEDBETTER DR,Beat 717,CLOSED,possibly linked to CC-69482
CC-88116,"bell, s", M,31,12/18/1986,7459 Illinois Ave,457,CLEARED,"Anonymous tip, callback (214) 555-3340, said they saw a dark sedan"
CC-31334,"HARRIS, L",M,48,8/18/2009,4204 Webb Chapel Rd,133,Open,
CC-72515,"ORTIZ, C",M, 37 ,1986-08-11,2923 LARKMOOR LN,354,OPEN,Caller left callback (214) 555-4368
CC-45853,"  WARD, P ",F,23,1982-03-01,6583 Illinois Ave,724,Closed,Witness can be reached at (214) 555-5940
CC-56981,"miller, a", M,48,"February 9, 1982",8446 Harry Hines Blvd,Beat 130,Closed,possibly linked to CC-88096
CC-56830,"Hill, M",Male,47,4/15/2023,2396 Ledbetter Dr,202,CLOSED,No callback number given
CC-30303,"TATE, P",M,10,11/22/1996,7479 Fair Oaks Ave,beat 555,OPEN,"Anonymous tip, callback 214.555.1972, said they saw a dark sedan; possibly linked to CC-16308"
cc-35037,"OKAFOR, A",M,41,2020-01-24,9717 Camp Wisdom Rd,150,Open,No callback number given
CC-46971,"LOPEZ, J",Male,32,1995-02-16,9506 Singleton Blvd,B-354,OPEN,"Neighbor reported shots, no name, no number"
 CC-38272 ,"lopez, d",M,54,2001-01-02,7335 Kiest Blvd,Beat 631,CLOSED,Witness can be reached at (214) 555-8556
 CC-56507 ,"CARTER, J",M,42,09/02/2024,467 WESTMORELAND RD, 553 ,OPEN,
CC-69190,"moore, k",M,18,1999-11-23,1836 Webb Chapel Rd,455,OPEN,
CC-37002,"Stewart, F",F,UNK,"November 25, 1991",4464 Lake June Rd,216,CLOSED,
CC-30059,"ADAMS, C",M,50,04/06/1994,2985 Buckner Blvd,Beat 629,CLSD,Caller left callback 214.555.2617
CC-44662,"JORDAN, P",M,62,2009-07-13,2850 Buckner Blvd,553,CLOSED,Witness can be reached at (214) 555-1571; possibly linked to CC-48935
CC-90609,"Reyes, D",M,35,2025-07-30,8227 Larkmoor Ln,624,CLOSED,No callback number given
XX-21137,"CASTILLO, P",F,26,1997-08-17,9579 Singleton Blvd, 328 ,CLOSED,Witness can be reached at (214) 555-7939
CC-78913,"  ORTIZ, P ",F,24,05/30/2018,9054 Military Pkwy,429,OPEN,"Anonymous tip, callback 214.555.5057, said they saw a dark sedan"
CC-71417,"murphy, n",M,42,"June 7, 2023",215 FAIR OAKS AVE,217,closed,cb: 214-555-1080
CC74799,"PARKER, F",F ,17,3/27/1989,7594 Buckner Blvd, 501 ,OPEN,Witness can be reached at 214-555-1046
CC-74886,"Jordan, E",MALE,0,"January 4, 2020",2798 Royal Ln,338,OPEN,Caller left callback 214.555.5099
CC-60478,"Vargas, R",M,23,2014-08-03,4367 Bonnie View Rd, 241 ,OPN,cb: 214-555-4433; possibly linked to CC-85330
CC-85806,"FIELDS, L",f,33,11/2/2014,5262 Lancaster Rd,315,OPEN,"Walk-in tip, declined to give contact"
CC-94522,"  TATE, D ",M,28,1994-03-24,5949 Scyene Rd,438,OPEN,Caller left callback 214-555-6945; possibly linked to CC-32683
CC-87296,"rivera, a",M, 29 ,1995-01-26,8713 Ferguson Rd,beat 335,OPN,"Anonymous tip, callback 214-555-5771, said they saw a dark sedan"
CC-96045,"BOOKER, J", M,32,"June 13, 1981",2144 Bonnie View Rd,B-241,closed,
CC-30717,"OSEI, C",F ,26,2007-09-27,6983 Marsalis Ave,750,CLOSED,cb: 214.555.7589
CC-86310,"Jordan, F",M,N/A,01/31/1990,7480 Ledbetter Dr,624,OPEN,cb: (214) 555-3581; possibly linked to CC-12195
CC-44829,"JOHNSON, T",F,37,1/13/1999,1193 Camp Wisdom Rd,526,OPEN,possibly linked to CC-53539
 CC-98015 ,"MARTIN, B",F,38,10/02/1988,1042 JEFFERSON BLVD,beat 338, OPEN ,"Tip line call, caller hung up"
CC-53400,"CARTER, L",F, 8 ,1995-01-14,7244 Camp Wisdom Rd,121,OPEN,"Tip line call, caller hung up"
cc-28054,"HUGHES, K",M,33,1988-06-07,1708 Bonnie View Rd,335,OPEN,Caller left callback 214.555.7879; possibly linked to CC-10256
CC-92208,"HOWARD, C",M,23,12/22/1989,8412 Scyene Rd,418,CLEARED,Witness can be reached at 214-555-5306
 CC-16753 ,"PERRY,  E",m,21,2016-01-02,4599 Camp Wisdom Rd,625,Open,Caller left callback (214) 555-9337
CC-96964,"WRIGHT,  E",M,29,5/4/1994,187 Lancaster Rd
CC-97823,"Hall, D",F, 35 ,"January 12, 1993",9263 Buckner Blvd,242,closed,cb: 214.555.1161
CC-26382,"THOMAS,  A",M,39,"September 4, 2012",1346 Westmoreland Rd,624,OPEN,cb: 214.555.6989
CC-96732,"CASTILLO, N",m,2,2016-03-21,9568 LANCASTER RD, 418 ,CLEARED,
cc-17700,"HUGHES, N",M,37,03/19/2020,6158 Greenville Ave, 315 ,open,Witness can be reached at 214.555.2756
cc-60926,"HARRIS, T",M,30,1982-11-21,3386 Ferguson Rd,412,CLOSED,cb: (214) 555-4499
CC81899,"MORALES, P",Male,36,2005-01-22,9108 Fair Oaks Ave,B-133,Closed,Caller left callback (214) 555-0515
CC-86053,"Davis, T",M,5,1992-08-04,2988 Singleton Blvd, 153 ,CLEARED,"Tip line call, caller hung up"
CC-80567,"HAWKINS, L",M,43,2001-09-04,9834 Greenville Ave,438,OPEN,"Neighbor reported shots, no name, no number"
cc-71620,"PAYNE, G",M, 13 ,2017-01-07,3134 Larkmoor Ln,beat 505,OPEN,
CC-93606,"ORTIZ, T",Male,50,"June 30, 2006",2257 Royal Ln,517, OPEN ,cb: (214) 555-4816
cc-95221,"MENDOZA, D",M,27,6/23/2007,8285 Singleton Blvd,455,CLOSED,"Neighbor reported shots, no name, no number"
CC-52531,"LEWIS, B", M,38,2014-06-18,6300 Greenville Ave,517,OPN,
CC 22319,"MEDINA,  T",M, 22 ,1997-07-29,9631 Kiest Blvd,724,CLOSED,"Neighbor reported shots, no name, no number"
 CC-33941 ,"turner, m",M,45,10/29/1997,6436 SCYENE RD,Beat 741,CLSD,Caller left callback 214-555-5185
CC 86152,"WASHINGTON, D",F, 23 ,1991-02-16,1652 Westmoreland Rd,555,CLSD,Caller left callback 214.555.8014; possibly linked to CC-76872
CC-11514,"ROBINSON,  L",MALE,11,2023-10-24,1161 Scyene Rd,750,CLOSED,Witness can be reached at 214-555-4080
CC-18267,"NAVARRO, P",F,30,11/22/1988,4379 Marsalis Ave,216,OPEN,"Walk-in tip, declined to give contact"
CC-25605,"Ward, N",M,38,1986-10-19,5598 Fair Oaks Ave,702,CLOSED,Caller left callback (214) 555-0274; possibly linked to CC-31926
CC-62668,"WHITE, W",U,19,2022-10-11,9401 Military Pkwy,153,CLOSED,
CC-52092,"Murphy, G",M,11,06/22/1995,1054 Ledbetter Dr,741,OPEN,"Anonymous tip, callback 214.555.7468, said they saw a dark sedan"
CC-75778,"OSEI, J",F ,43,1996-06-28,9661 Harry Hines Blvd,410,Closed,Caller left callback 214-555-0702
cc-61663,"  PRUITT, A ",m,24,2005-10-10,6727 Greenville Ave,beat 457,OPEN,
CC-39481,"MORALES, P",F,35,2014-10-02,4032 Ferguson Rd,beat 418,CLSD,Witness can be reached at (214) 555-0030
CC85415,"MARTINEZ, A",M,30,11/09/1982,1195 Larkmoor Ln, 153 ,CLSD,
CC-20033,"  PATTERSON, V ",Male, 11 ,2023-01-09,3322 Camp Wisdom Rd,741,Open,
CC-27818,"CHAVEZ,  C",F,33,1988-02-30,2407 Buckner Blvd,717,OPEN,No callback number given
CC 16308,"STEWART, S",M,36,1991-04-18,4093 Illinois Ave,121,closed,cb: 214.555.2325
CC-96586,"THOMAS, N",M,42,1/20/2020,9107 ROYAL LN,429,CLSD,Caller left callback 214-555-1480
CC-15913,"Nguyen, H",M,19,1990-10-17,4127 Illinois Ave,430,Closed,cb: (214) 555-4909
CC-38036,"MEDINA, P",M,21,10/16/88x,465 Illinois Ave,beat 133,CLOSED,
cc-41692,"LONG, C",M,15,03/19/2017,3949 Westmoreland Rd,beat 412,CLSD,Witness can be reached at (214) 555-1538; possibly linked to CC-66909
CC-84849,"MURPHY, L",M,17,"September 9, 1986",882 Lake June Rd,338,CLOSED,Caller left callback 214-555-2475
CC-97744,"Ramirez, H",M, 21 ,04/13/1989,7023 Bonnie View Rd,315,CLOSED,Witness can be reached at (214) 555-2720; possibly linked to CC-87222
 CC-44721 ,"NELSON, E",F,48,"October 3, 1997",9026 Marsalis Ave,beat 219,CLEARED,possibly linked to CC-23957
 CC-31011 ,"Booker, M",M,15,2005-04-22,5817 Kiest Blvd,242,OPEN,possibly linked to CC-78850
CC81169,"Woods, J", M, 4 ,"October 17, 2001",9970 Military Pkwy,beat 246,Closed,cb: (214) 555-1982
cc-70547,"HOWARD, C",MALE,31,2012-12-09,318 Bonnie View Rd, 629 ,CLOSED,cb: 214.555.9633
 CC-15813 ,"GARNER, K",M, 21 ,10/19/2019,2620 Buckner Blvd,505,CLOSED,No callback number given
CC-61396,"FLORES, T",MALE,40,1994-12-28,4686 Singleton Blvd,555,CLOSED,possibly linked to CC-39556
CC-27325,"Jenkins, H",m,31,2023-10-19,6667 LAKE JUNE RD,724,OPEN,"Anonymous tip, callback 214.555.2671, said they saw a dark sedan"
CC-16450,"Phillips, E",M,49,2021-04-20,7413 GREENVILLE AVE,629,CLOSED,"Tip line call, caller hung up"
cc-21568,"hawkins, m", M,5,11/09/1993,7436 Bonnie View Rd,354,closed,"Anonymous tip, callback 214.555.4257, said they saw a dark sedan"
CC-21586,"Evans, B",U,45,2027-12-15,9899 Military Pkwy,B-631,CLOSED,cb: (214) 555-7819
CC-32552,"  TORRES, P ",M,25,"September 20, 1998",9846 Marsalis Ave,455,CLOSED,Witness can be reached at 214-555-1474
CC-60046,"MARTINEZ,  A",F,25,1992-11-29,6153 Greenville Ave,B-625,CLOSED,"Neighbor reported shots, no name, no number"
cc-76260,"  DIXON, N ",M,UNK,1988-05-26,3836 Buckner Blvd,429,CLOSED,Witness can be reached at 214.555.7843
cc-79134,"GUERRERO, H",M,21,2017-07-29,4427 Ferguson Rd,beat 256, OPEN ,"Walk-in tip, declined to give contact"
cc-97913,"LONG,  R",MALE,30,"June 25, 1989",7082 Westmoreland Rd,526,closed,"Anonymous tip, callback 214-555-7800, said they saw a dark sedan; possibly linked to CC-19700"
CC-25039,"ROSS, J",M, 41 ,12/08/2019,4618 LARKMOOR LN,,OPEN,"Tip line call, caller hung up"
CC-37059,"DELGADO, R",f,48,03/23/1982,7721 Lancaster Rd,624,Closed,Witness can be reached at 214-555-1032
CC-82397,"hawkins, t", M,42,2027-06-08,3062 Buckner Blvd,133,Open,"Tip line call, caller hung up"
 CC-97536 ,"BOOKER, P",F,29,1994-04-13,7841 Royal Ln,326,closed,Caller left callback 214-555-8231; possibly linked to CC-79073
CC-90029,"MILLER, C",M, 13 ,  ,6747 Greenville Ave,B-152,Closed,"Anonymous tip, callback 214.555.7581, said they saw a dark sedan"
CC-76161,"ADAMS, H",MALE,56,2015-05-22,5497 Bonnie View Rd,beat 741,CLOSED,cb: 214-555-5204
CC58127,"Cruz, B",F,999,1/5/2008,9845 Ferguson Rd, 326 ,CLOSED,possibly linked to CC-62655
cc-32671,"PRUITT, B",M,14,1992-11-30,6673 Ledbetter Dr,beat 519,CLOSED,"Anonymous tip, callback (214) 555-4128, said they saw a dark sedan"
CC-59826,"reed, w",MALE, 40 ,1996-12-26,6726 Westmoreland Rd,455,OPN,Caller left callback 214-555-4510
CC-86290,"FIELDS, N",F ,34,7/16/1998,5713 ROYAL LN,Beat 519,CLSD,"Anonymous tip, callback (214) 555-1761, said they saw a dark sedan"
cc-21396,"  HARRIS, B ",F,,2000-04-21,689 ROYAL LN,354,CLOSED,"Tip line call, caller hung up"
CC-39821,"DELGADO, S",M,,2013-05-17,4831 SCYENE RD,629,OPEN,cb: 214.555.2659
CC-73524,"johnson, d",MALE,26,1996-12-25,1781 Illinois Ave,119,CLOSED,Witness can be reached at 214.555.1188
CC-91842,"WALLACE, V",F,35,1999-10-28,5851 GREENVILLE AVE,410,CLOSED,
CC-21630,"GIBSON, D",F,29,2013-12-07,3667 Ledbetter Dr,beat 505,CLOSED,"Anonymous tip, callback (214) 555-3944, said they saw a dark sedan"
cc-50009,"KING, N",M,41,06/20/2016,5767 Larkmoor Ln,246,CLOSED,"Neighbor reported shots, no name, no number"
CC-16490,"dixon, n",M, 41 ,2017-10-13,5418 Singleton Blvd,beat 420,CLOSED,Caller left callback 214.555.3282; possibly linked to CC-97577
cc-37732,"WILSON,  S",Male,24,12/18/1987,3005 Illinois Ave,553,closed,cb: 214-555-6090
CC-88381,"  LEWIS, V ",m,31,1/3/1993,2971 FERGUSON RD,Beat 150,CLOSED,cb: 214.555.5699
CC-66694,"hughes, k",M, 40 ,2023-02-04,6701 LEDBETTER DR,130,OPEN,Caller left callback 214.555.3888
CC-91532,"thomas, a",F ,43,10/31/2001,2397 Buckner Blvd,625,Closed,"Anonymous tip, callback 214-555-0138, said they saw a dark sedan"
CC-55650,"Gomez, L",M,7,02/10/1987,8061 Marsalis Ave,505,CLOSED,Caller left callback (214) 555-9785; possibly linked to CC-17789
CC-13401,"Thomas, L",M,56,"July 14, 2020",1850 Jefferson Blvd, 133 ,open,possibly linked to CC-71019
CC-33562,"YOUNG, A",M,31,8/7/1989,1499 Scyene Rd,717,CLOSED,possibly linked to CC-79965
 CC-14494 ,"Carter, T",F,18,9/25/2017,5507 Camp Wisdom Rd,217,open,
CC78673,"BANKS,  T",Male,43,9/4/2021,5874 Marsalis Ave,410, OPEN ,No callback number given
CC-58200,"  LEWIS, A ",M,37,1983-02-11,4240 Greenville Ave, 420 ,CLSD,"Anonymous tip, callback 214-555-1026, said they saw a dark sedan"
CC27912,"WALKER, K",m,43,12/27/2014,6916 SCYENE RD,359,open,"Walk-in tip, declined to give contact"
CC62470,"SULLIVAN, T",M,9,05/16/1993,6172 Larkmoor Ln,B-326,closed,"Anonymous tip, callback 214.555.9146, said they saw a dark sedan"
CC-31960,"BANKS, L",MALE,32,09/22/2025,4856 Webb Chapel Rd,beat 215,OPN,possibly linked to CC-85933
CC-65193,"FOSTER, S",M,26,2013-11-01,7246 Marsalis Ave,713,Open,"Tip line call, caller hung up"
CC-24053,"garner, g",Male,35,1993-03-19,1285 Camp Wisdom Rd,beat 624,OPEN,Caller left callback 214.555.1257
CC-60029,"WRIGHT, T",M,45,"December 21, 1983",6971 LANCASTER RD,B-521,CLOSED,"Anonymous tip, callback (214) 555-6868, said they saw a dark sedan"
CC-85899,"COLEMAN, A",m,,2004-10-24,6723 Royal Ln,451,open,"Anonymous tip, callback 214-555-0970, said they saw a dark sedan"
CC-45323,"moore, n",M,39,1994-03-04,6060 BONNIE VIEW RD,153,closed,possibly linked to CC-88596
CC-23933,"WELLS, A",M,50,1988-04-14,4121 SINGLETON BLVD,Beat 133,CLOSED,cb: 214-555-1215
CC-65934,"PERRY, M",M,27,2020-08-01,9229 Singleton Blvd,315,CLOSED,
 CC-38370 ,"KING, W",M,13,2012-11-24,4923 Buckner Blvd,beat 724,open,Witness can be reached at (214) 555-6629
CC-37816,"reed, l",M,22,02/04/2024,8924 LANCASTER RD,724,closed,No callback number given
cc-42111,"DIXON, L",MALE, 15 ,03/24/2020,8271 Royal Ln,630,CLSD,"Tip line call, caller hung up"
CC-39570,"REYES, V",Male,21,2023-04-22,2839 Marsalis Ave,beat 529,OPEN,cb: 214-555-0403
CC-89959,"Torres, E",M,21,1999-09-26,2445 Camp Wisdom Rd,Beat 121,CLOSED,Witness can be reached at 214-555-6070
cc-65295,"MITCHELL, E",M,37,2019-08-29,650 Elm St,246,OPEN,Caller left callback (214) 555-6071
cc-56436,"Gibson, S", M,2,1987-01-18,4924 LEDBETTER DR,338,Open,cb: 214.555.3922
CC-78197,"parker, n",M,27,03/02/1987,3418 Jefferson Blvd,713,OPEN,
CC-57852,"WILSON, A",Female, 33 ,1982-01-21,1068 Singleton Blvd,326,Closed,Caller left callback 214-555-8206; possibly linked to CC-85221
CC-90014,"YOUNG, J",Male,26,"February 27, 1993",439 Lake June Rd,beat 130,OPEN,"Anonymous tip, callback 214-555-1705, said they saw a dark sedan"
CC29411,"Henderson, C",M,20,1990-12-12,3432 Ferguson Rd,B-519,CLOSED,Caller left callback 214-555-6561
CC-90606,"RIVERA, R",M,59,10/27/2002,5133 GREENVILLE AVE,328,CLEARED,"Anonymous tip, callback (214) 555-6753, said they saw a dark sedan"
CC-34956,"holland, s", M,31,2016-06-24,6816 ILLINOIS AVE,Beat 409,OPEN,Witness can be reached at 214.555.5748
CC-56472,"JENKINS, N",M,50,"October 6, 1986",2631 Lake June Rd,beat 724,CLOSED,"Neighbor reported shots, no name, no number"
CC-71768,"BRYANT, W",MALE,30,05/10/1992,6472 Lancaster Rd, 553 ,OPEN,Caller left callback 214.555.0760
CC-65950,"RIVERA, N",M,23,1999-07-17,2199 Larkmoor Ln,409,Open,"Walk-in tip, declined to give contact"
CC-30886,"PRUITT, H",U,22,"June 30, 2022",266 Military Pkwy,612,OPEN,No callback number given
CC-17327,"LEWIS, H",M,31,02/10/1984,2138 Greenville Ave,beat 451,CLOSED,"Anonymous tip, callback 214-555-4691, said they saw a dark sedan"
CC-34150,"HOLLAND, H",female,22,1990-06-23,559 Fair Oaks Ave,beat 208,closed,
CC-16952,"FLORES, V",M,39,"July 29, 2013",9077 Singleton Blvd,150,CLOSED,"Anonymous tip, callback 214.555.6258, said they saw a dark sedan"
CC-56539,"CALDWELL, C", M,22,02/20/2001,9790 Fair Oaks Ave,410,closed,"Anonymous tip, callback (214) 555-0923, said they saw a dark sedan"
CC-90116,"WELLS, R",M,17,1994-11-28,1721 Lancaster Rd,beat 457,CLSD,Caller left callback 214.555.5115
CC47577,"Okafor, N",Male,29,08/29/2024,5243 BONNIE VIEW RD,439,CLOSED,cb: (214) 555-5604
CC-29579,"Collins, G",M,10,2008-10-08,8853 Elm St,beat 517,OPEN,possibly linked to CC-74799
,"  WARD, N ",M, 34 ,10/15/1991,9961 Lancaster Rd, 412 ,OPEN,"Tip line call, caller hung up"
CC-65950,"Rivera, N",M,23,1999-07-17,2199 LARKMOOR LN,409,OPN,No callback number given
cc-24337,"WILLIAMS, L",M,44,"June 17, 2006",135 Webb Chapel Rd,354,Closed,possibly linked to CC-57908
CC-65836,"fuentes, f",M,24,1996-07-25,9209 Webb Chapel Rd, 315 ,open,
CC-26398,"  JOHNSON, W ",M,50,1988-01-27,478 ROYAL LN,247,OPEN,Witness can be reached at 214-555-4486
cc-83822,"Edwards, F", M, 41 ,13/02/2005,5410 Ferguson Rd,612,OPEN,No callback number given
CC-73909,"MENDOZA, M", M,35,1984-07-28,5894 Singleton Blvd,,OPEN,"Neighbor reported shots, no name, no number"
CC57784,"WILSON, D",F,10,10/28/2017,6537 Elm St,beat 451,CLOSED,Witness can be reached at (214) 555-2456
CC-49624,"Richardson, T",M,27,"August 12, 2023",6704 LEDBETTER DR,Beat 152,OPN,"Anonymous tip, callback 214-555-4735, said they saw a dark sedan"
CC-95202,"  SPENCER, S ",M,32,2010-02-18,9360 Bonnie View Rd,,OPEN,
CC-38707,"SIMMONS, B",M,N/A,04/19/1989,6288 Royal Ln,Beat 625,OPEN,"Tip line call, caller hung up"
 CC-21854 ,"RODRIGUEZ, L",M,33,"April 11, 2003",498 Ledbetter Dr,119, OPEN ,"Walk-in tip, declined to give contact"
CC-85911,"PATTERSON, J",M,16,2010-02-26,9294 SINGLETON BLVD,216,OPEN,No callback number given
CC-29697,"JENKINS, M",F ,22,1986-01-17,3993 Larkmoor Ln,beat 702,Closed,cb: 214.555.8953
CC-26821,"adams, b",M, 31 ,08/08/1992,2899 KIEST BLVD,713,closed,possibly linked to CC-33413
CC-12466,"lewis, v",M,UNK,1981-06-12,5128 Royal Ln,517,OPN,No callback number given
CC54743,"Porter, M",M, 26 ,"April 16, 2023",2853 GREENVILLE AVE,beat 625,closed,Witness can be reached at (214) 555-3289; possibly linked to CC-25430
CC-10925,"HOWARD, D",, 43 ,1998-08-02,8539 Singleton Blvd,256,CLOSED,No callback number given
CC-96576,"PAYNE, E",M,32,07/07/2000,4498 FAIR OAKS AVE,152,Open,
CC-36817,"PERRY, V",F,42,06/01/2001,4347 Military Pkwy,133, OPEN ,cb: (214) 555-0669
 CC-63659 ,"Parker, M",M,4,2013-04-08,4426 Jefferson Blvd,256,OPEN,Caller left callback 214-555-7039
CC80298,"  MORALES, E ",Male,44,"April 19, 1995",2387 Larkmoor Ln,724,OPEN,cb: 214.555.3200
 CC-41648 ,"NORRIS, J", M,31,2015-01-31,3510 Ferguson Rd,beat 724,CLOSED,Caller left callback 214-555-1266
CC-92701,"  HOLLAND, N ", M,41,2024-07-10,7669 Webb Chapel Rd,717,OPEN,Caller left callback 214-555-4378
cc-35724,"garcia, t",F,45,"September 25, 1989",1468 Fair Oaks Ave,beat 208
CC-42962,"HILL, H",F,28,1991-04-11,8932 CAMP WISDOM RD,303,CLSD,possibly linked to CC-48873
cc-84607,"RAMIREZ, D",MALE,33,"June 26, 2006",9032 Ledbetter Dr,517,OPEN,Caller left callback 214-555-8921
CC-18561,"GOMEZ, A",MALE,32,2012-06-29,1976 Elm St, 553 ,OPEN,No callback number given
CC-83346,"PATTERSON, T",M,23,1995-11-30,5970 Harry Hines Blvd,717,closed,No callback number given
CC-15006,"  DELGADO, E ",M,46,06/25/1987,8944 Singleton Blvd,315,closed,Witness can be reached at (214) 555-2321
CC-95273,"YOUNG, B",M,27,06/05/2002,7565 Lake June Rd,438,OPEN,cb: (214) 555-7367; possibly linked to CC-77370
CC-32554,"lopez, d",M,25,"December 15, 1987",364 Buckner Blvd,717,CLOSED,"Anonymous tip, callback 214.555.1917, said they saw a dark sedan"
CC-31368,"WALKER, P",female,30,2003-03-20,9312 Lake June Rd,215,closed,No callback number given
CC-23957,"GIBSON, S",F,24,11/12/2009,2236 Larkmoor Ln,,OPEN,Caller left callback (214) 555-1124
CC73262,"  RODRIGUEZ, G ",M,UNK,11/01/1986,7452 Harry Hines Blvd,beat 430,OPEN,"Neighbor reported shots, no name, no number"
 CC-67381 ,"ORTIZ, V",M,23,2010-02-06,2281 Singleton Blvd, 219 ,open,
CC-52099,"Tucker, D",M, 21 ,7/29/2000,1901 Ferguson Rd,429,CLOSED,
CC-58411,"JORDAN, M",M, 26 ,1994-08-21,2009 Westmoreland Rd,724,OPEN,"Neighbor reported shots, no name, no number"
CC-60285,"CHAVEZ, S",female,32,1998-05-05,955 Singleton Blvd, 409 ,CLOSED,"Walk-in tip, declined to give contact"
CC-73368,"ellis, h",M,39,2015-12-20,6744 LAKE JUNE RD,246,OPEN,"Anonymous tip, callback 214-555-0886, said they saw a dark sedan"
CC-40014,"CARTER, B",Male,28,03/26/2016,801 WESTMORELAND RD,612,Open,No callback number given
CC-95216,"WRIGHT, R",M,68,2021-10-11,1619 Military Pkwy,713,OPEN,possibly linked to CC-65434
CC40689,"GUERRERO,  K",M,19,1990-01-23,3398 Jefferson Blvd,Beat 529,CLEARED,"Tip line call, caller hung up"
CC-34740,"RUIZ, F",M, 23 ,1989-03-17,5760 Fair Oaks Ave,Beat 328,CLSD,"Anonymous tip, callback 214.555.4666, said they saw a dark sedan; possibly linked to CC-28149"
CC-61188,"ward, m",F, 34 ,"August 30, 1995",8610 Lake June Rd,Beat 354,OPEN,cb: (214) 555-2842; possibly linked to CC-89791
CC-23906,"NORRIS, A",M,34,1989-02-30,8522 Singleton Blvd,517,OPEN,cb: 214-555-2224
CC-39456,"SMITH, C",F,27,05/01/1996,6746 Buckner Blvd,B-216, OPEN ,"Walk-in tip, declined to give contact"
 CC-79475 ,"HAWKINS, V",Male,34,1981-10-16,399 Greenville Ave,121,CLEARED,"Anonymous tip, callback 214-555-2549, said they saw a dark sedan"
CC-96198,"NAVARRO, H",M, 44 ,"December 30, 2017",7603 Lancaster Rd,338,CLEARED,Witness can be reached at (214) 555-5667
CC-18186,"HOWARD, W",M,48,08/06/2020,8192 Ferguson Rd,B-247,OPEN,Caller left callback 214.555.2849
CC-61891,"WOODS,  D",M,39,1982-12-03,7991 Ledbetter Dr
CC-27878,"SCOTT, S",female,33,2016-10-15,5454 Elm St,B-629,Open,Caller left callback 214.555.7360
CC-40903,"DAVIS, F",M,7,1991-05-19,566 Bonnie View Rd,439,Closed,Caller left callback 214.555.0009
CC-69643,"Holland, E",M,19,1995-11-03,3636 MARSALIS AVE,beat 624,closed,"Tip line call, caller hung up"
 CC-81495 ,"FORD, R",M,6,10/10/1991,5941 Ledbetter Dr,521,OPN,"Anonymous tip, callback (214) 555-5479, said they saw a dark sedan"
CC-80624,"  BRYANT, E ",M,39,08/14/1998,7741 Jefferson Blvd,beat 412,CLOSED,Witness can be reached at (214) 555-3220
CC-13510,"stewart, h",m,20,1988-03-06,553 Ferguson Rd,625,CLEARED,
CC-85483,"REED, T",M,40,1994-03-21,8118 KIEST BLVD,Beat 242,CLOSED,
CC-61119,"Gibson, T",M,38,"March 20, 2011",4070 Elm St, 505 ,CLOSED,cb: 214-555-0079
CC-79589,"NAVARRO, R",M,10,1988-01-26,6723 KIEST BLVD,153,CLSD,Witness can be reached at 214-555-5481; possibly linked to CC-58197
CC-93076,"  HENDERSON, K ",M, 20 ,1991-11-09,5033 Lancaster Rd, 455 ,CLSD,Caller left callback (214) 555-1789
cc-36698,"  GREEN, J ",m,,"July 31, 1981",214 Camp Wisdom Rd,215,CLOSED,Caller left callback (214) 555-4618
CC-90627,"COLLINS, C",M, 35 ,1989-08-20,5090 Kiest Blvd,409,CLOSED,Caller left callback 214.555.3875
CC-67950,"SCOTT, V",MALE,26,"July 1, 2003",9402 Harry Hines Blvd,B-150,CLOSED,
 CC-38929 ,"SIMMONS, F",U,15,11/27/2017,6198 Lancaster Rd,242,closed,Caller left callback (214) 555-9560
CC-19433,"  HERRERA, N ",M,21,2025-08-28,8280 Greenville Ave,beat 555,CLEARED,"Anonymous tip, callback 214.555.0794, said they saw a dark sedan"
CC-71831,"PORTER, A",M,32,1992-07-03,5989 Larkmoor Ln,Beat 651,CLOSED,"Neighbor reported shots, no name, no number"
CC-48755,"SANCHEZ,  N",f,21,"June 15, 2022",9272 Kiest Blvd,215,CLOSED,"Neighbor reported shots, no name, no number"
CC 98599,"HAYES, G",M,21,09/28/2002,3033 Scyene Rd,242,CLEARED,Witness can be reached at (214) 555-8301; possibly linked to CC-73262
CC-45596,"Delgado, P",U,36,2010-09-02,294 Scyene Rd, 501 ,OPEN,Witness can be reached at 214.555.1501
CC-52099,"tucker, d",m, 21 ,2000-07-29,1901 Ferguson Rd,429,Closed,
CC42138,"WALLACE, M",M,7,1994-02-03,6704 Singleton Blvd,455,OPEN,possibly linked to CC-18828
CC-96115,"BANKS, K",M,36,8/21/2021,2101 Camp Wisdom Rd,505,CLOSED,"Anonymous tip, callback 214.555.2394, said they saw a dark sedan"
CC-93008,"  BANKS, M ",U,44,2015-05-07,5276 Illinois Ave,130,OPEN,Caller left callback (214) 555-9154
 CC-12674 ,"booker, p",M,35,2011-02-08,9658 Camp Wisdom Rd,501,Closed,"Tip line call, caller hung up"
CC-87437,"White, L",f,23,01/29/1985,6734 Ledbetter Dr,119,CLOSED,"Walk-in tip, declined to give contact"
CC-87032,"henderson, p",M,55,1992-07-09,3699 LANCASTER RD,150,CLOSED,cb: 214-555-3857
CC-88263,"Rivera, G",M,48,1982-07-13,1115 Elm St,B-455,OPEN,"Neighbor reported shots, no name, no number"
CC-57523,"gibson, t",M,28,8/28/2015,3211 Westmoreland Rd,315,CLOSED,"Anonymous tip, callback (214) 555-1038, said they saw a dark sedan"
CC-36485,"THOMPSON, D",M,49,1996-01-29,5367 Kiest Blvd,519,OPEN,Caller left callback 214-555-6960
CC-77792,"Scott, W",M,44,1988-01-28,8041 Ferguson Rd,630,CLOSED,
CC-85580,"Wells, W",f,14,11/10/2017,8653 Royal Ln,beat 505,CLEARED,"Walk-in tip, declined to give contact"
CC-39484,"HAWKINS, J",M,35,"July 19, 1990",3701 ILLINOIS AVE,420,OPEN,Caller left callback 214.555.7238
cc-42186,"TORRES,  L",M,19,10/4/1990,6271 Ferguson Rd,Beat 631,open,
CC-51130,"Martin, B",F,40,2004-06-14,6362 Lancaster Rd,121,OPEN,"Tip line call, caller hung up"
CC-50669,"REED, P",M,35,1/24/2023,3390 Kiest Blvd,724,OPEN,No callback number given
CC-60623,"WILLIAMS,  N",m,25,8/23/2011,5494 Military Pkwy,328, OPEN ,
CC-58901,"HALL, D",m,14,11/18/1989,1951 Bonnie View Rd,B-157,Closed,
CC-76219,"ward, k", M,27,2010-09-30,424 Camp Wisdom Rd,612,CLOSED,"Neighbor reported shots, no name, no number"
 CC-95463 ,"VARGAS, L",M,31,"June 25, 1994",4916 Jefferson Blvd,beat 702,CLSD,Witness can be reached at 214.555.4444
CC-45541,"davis, h",MALE,44,2004-03-31,4824 Military Pkwy,724,CLOSED,cb: 214.555.6250
CC99755,"RICHARDSON, J",MALE,23,1999-03-18,3679 Elm St, 256 ,Closed,Caller left callback 214.555.8228
CC-90805,"GUERRERO, M",F,47,11/23/1991,5951 Bonnie View Rd,beat 152,CLOSED,Caller left callback 214.555.3101
CC81021,"hill, b",M,9,2003-07-21,8696 Singleton Blvd,409,OPEN,Witness can be reached at 214.555.6053
CC-73989,"ORTIZ, F",MALE,40,1998-10-04,2872 Ledbetter Dr,150,Closed,cb: 214-555-2552
CC-64495,"Holland, B",M,33,1985-01-17,9399 Buckner Blvd,505,CLOSED,
CC-69622,"  HILL, F ",M, 42 ,"February 17, 1987",5974 Webb Chapel Rd,713,CLOSED,
CC-84339,"WILSON,  A",F,-1,08/29/2011,6088 Lake June Rd,418,CLOSED,possibly linked to CC-95522
 CC-67572 ,"moore, m",M,34,1986-02-07,6500 Military Pkwy,519,Closed,"Walk-in tip, declined to give contact"
 CC-58436 ,"Osei, G",M, 25 ,2019-07-10,3522 Jefferson Blvd,517,CLSD,
cc-65146,"NGUYEN, F",m,26,2007-06-09,842 LAKE JUNE RD,338,closed,Caller left callback 214.555.4696
CC84976,"DIXON, C",M,26,1999-12-18,8533 Lancaster Rd,,CLEARED,"Anonymous tip, callback 214-555-8121, said they saw a dark sedan"
CC-72886,"graham, h",m,UNK,2025-06-22,3309 Harry Hines Blvd,B-418,CLOSED,cb: 214.555.0632; possibly linked to CC-23461
cc-73009,"FLORES, E",M,41,1997-05-16,3262 Jefferson Blvd,beat 303,OPEN,"Neighbor reported shots, no name, no number"
CC-78232,"Stewart, H",M,19,2020-12-07,3800 Military Pkwy,457,CLOSED,"Anonymous tip, callback 214.555.6394, said they saw a dark sedan"
CC-75491,"CALDWELL,  K",m, 26 ,2000-11-22,4526 Larkmoor Ln,B-121,OPEN,"Tip line call, caller hung up"
CC-20162,"  SANCHEZ, V ",Male, 39 ,"April 28, 1986",5009 Scyene Rd,Beat 741,Open,"Neighbor reported shots, no name, no number"
CC-37753,"TATE, B",M,26,1986-06-27,1220 LANCASTER RD,256,CLOSED,Caller left callback (214) 555-3707
CC-86753,"THOMAS, E",M,48,03/04/1989,8590 Webb Chapel Rd,529,CLOSED,"Anonymous tip, callback 214-555-1993, said they saw a dark sedan"
CC-74699,"malone, f",Male,41,9/10/1997,3897 Ferguson Rd,beat 328, OPEN ,"Anonymous tip, callback 214-555-1621, said they saw a dark sedan"
CC-67724,"VARGAS, K",F, 31 ,1992-02-26,5071 LARKMOOR LN, 612 ,closed,"Anonymous tip, callback 214-555-5522, said they saw a dark sedan"
CC-53206,"miller, v",F,32,01/14/1991,7723 Jefferson Blvd,216,CLOSED,possibly linked to CC-15063
CC-46747,"booker, s",M,38,04/08/2000,8923 ILLINOIS AVE,beat 430,OPEN,"Anonymous tip, callback (214) 555-3536, said they saw a dark sedan"
CC-16319,"PHILLIPS, C",M,13,"July 29, 1996",7654 Lancaster Rd,Beat 335,CLOSED,"Anonymous tip, callback 214-555-9322, said they saw a dark sedan; possibly linked to CC-60297"
CC-79495,"  CALDWELL, K ",f,9,2001-05-08,8806 Greenville Ave,217,Closed,Witness can be reached at 214.555.8791
CC-30924,"SIMS, W",F, 40 ,1994-11-19,7175 Webb Chapel Rd, 150 ,CLOSED,Witness can be reached at 214-555-9293
CC-151507,"FORD, V",M,40,1991-05-28,2654 Ferguson Rd,,closed,"Walk-in tip, declined to give contact"
CC-68976,"GARCIA, S",Female,35,"June 6, 1991",7661 LEDBETTER DR, 612 ,CLOSED,Witness can be reached at 214.555.0350
CC-33527,"SIMS, G",M,25,"July 5, 1981",8507 BONNIE VIEW RD,455,CLSD,possibly linked to CC-49494
CC-13576,"wallace, m",Male,47,4/26/2024,4155 LANCASTER RD,,Open,Witness can be reached at 214.555.7199
CC-53517,"FORD, W",M,33,2023-04-30,4883 Royal Ln,beat 429,OPEN,cb: 214-555-5440
CC-60631,"long, f",M,13,2018-07-16,4307 Camp Wisdom Rd,501,CLOSED,Witness can be reached at 214-555-0016
CC-34801,"castillo, w",M,37,"July 11, 2016",9739 Camp Wisdom Rd,B-315, OPEN ,cb: 214-555-4655
CC-79649,"ALVAREZ, F",M,22,2018-10-17,502 Ledbetter Dr,519,CLOSED,"Anonymous tip, callback (214) 555-0237, said they saw a dark sedan"
CC-81331,"Ramirez, S",M,53,1984-09-26,8553 Military Pkwy,B-519,closed,Caller left callback 214.555.9229; possibly linked to CC-39783
cc-37147,"  CHAVEZ, V ",M,30,1991-08-20,8813 Lancaster Rd,624,CLSD,"Walk-in tip, declined to give contact"
CC-77568,"Collins, K",M,16,"June 29, 1991",989 Singleton Blvd,202,CLOSED,"Anonymous tip, callback 214-555-7189, said they saw a dark sedan"
CC-13173,"king, j",M,35,1991-01-08,9530 Marsalis Ave,455,CLOSED,Caller left callback 214.555.4225
CC-61767,"Wallace, N",M,39,03/04/2018,8774 Lancaster Rd,119,Closed,possibly linked to CC-26889
cc-44352,"SANDERS, L",M,34,11/23/1983,3286 Scyene Rd,,CLOSED,"Anonymous tip, callback 214.555.1474, said they saw a dark sedan"
CC-19728,"DELGADO, J",F ,33,2024-11-23,6383 Harry Hines Blvd,338,Closed,"Anonymous tip, callback 214.555.0314, said they saw a dark sedan"
 CC-52469 ,"VARGAS, G",M,30,4/15/2002,4854 FERGUSON RD,625,Open,"Tip line call, caller hung up"
CC-43986,"JAMES, E",F,47,2022-03-02,4479 Webb Chapel Rd,328,open,Witness can be reached at (214) 555-3387
CC-70628,"RODRIGUEZ, V", M,42,1998-06-30,2129 Ledbetter Dr,B-420,CLOSED,"Anonymous tip, callback 214.555.8685, said they saw a dark sedan"
   
CC-57895,"Rivera, A", M,41,1992-04-10,602 FAIR OAKS AVE,429,CLEARED,"Anonymous tip, callback (214) 555-4889, said they saw a dark sedan"
CC-41747,"SANDERS, A",M,35,"September 24, 2002",1630 Singleton Blvd,B-215,CLSD,"Neighbor reported shots, no name, no number"
CC 14911,"PHILLIPS, V",M,24,5/24/1995,3438 LEDBETTER DR,beat 455,CLSD,cb: (214) 555-2226; possibly linked to CC-54626
CC-51308,"JENKINS, C",M,34,1988-11-26,5480 Scyene Rd,130,CLOSED,cb: 214-555-9578
CC-20648,"Chavez, D",m,44,2016-03-01,8949 Greenville Ave,234,OPN,"Anonymous tip, callback 214-555-4573, said they saw a dark sedan"
CC91393,"THOMAS, S",Male,36,03/07/1984,7812 Camp Wisdom Rd,beat 219,OPEN,"Anonymous tip, callback 214.555.7031, said they saw a dark sedan"
CC-22661,"  JACKSON, F ", M,39,1990-11-11,6979 Military Pkwy,553,Closed,"Anonymous tip, callback 214.555.3002, said they saw a dark sedan"
CC-31316,"GOMEZ, B",M,38,"July 5, 2022",311 Elm St,beat 713,OPEN,Caller left callback 214-555-3403
CC-99981,"NELSON, B",M,33,3/17/1993,6220 Westmoreland Rd,beat 315,CLOSED,cb: (214) 555-9938
CC-12441,"REYES, N",F,,2001-12-14,4387 Scyene Rd,630,CLOSED,"Anonymous tip, callback 214.555.0808, said they saw a dark sedan"
CC-69297,"Norris, N",M,49,02/08/1981,2232 Military Pkwy,beat 630,OPEN,
CC-84571,"PEREZ, J", M,25,2008-11-20,6761 Military Pkwy,beat 153,CLOSED,Witness can be reached at 214.555.0976; possibly linked to CC-43116
CC-37344,"RODRIGUEZ, L",M,42,"April 25, 2013",7522 Lake June Rd,beat 242,OPEN,"Walk-in tip, declined to give contact"
CC13811,"  ALVAREZ, B ",M,35,7/29/2023,1799 Bonnie View Rd,B-550,CLOSED,cb: (214) 555-1121
CC-96199,"MORALES, R",F,41,01/03/2021,3458 Ferguson Rd,517,CLOSED,Witness can be reached at 214.555.9871
CC-17988,"FOSTER, A",M,9,"December 10, 1994",2705 Bonnie View Rd,430,OPN,
CC-29054,"WILLIAMS, T",M,20,2003-04-14,8400 Illinois Ave,713,OPEN,No callback number given
CC-24513,"Bell, H",Male,42,4/12/1992,8705 ROYAL LN,B-625,CLOSED,"Neighbor reported shots, no name, no number"
CC-83266,"green, w",M,30,1994-09-29,1073 Lancaster Rd,Beat 625,CLOSED,No callback number given
cc-75126,"HOLLAND,  P",MALE,28,"June 10, 1989",8706 Ledbetter Dr,430,CLSD,"Walk-in tip, declined to give contact"
CC-26094,"LOPEZ, K",M, 56 ,"July 12, 1994",314 Kiest Blvd,713,,"Anonymous tip, callback 214-555-2010, said they saw a dark sedan; possibly linked to CC-18211"
CC-82074,"STEWART, B",F,39,4/1/1986,5705 Illinois Ave,303,CLEARED,Witness can be reached at 214-555-8693
CC-85355,"garcia, a",M,36,"June 7, 1997",9217 Illinois Ave,beat 553,CLOSED,Witness can be reached at 214-555-5028
CC-76542,"BRYANT, J",M,49,1996-01-11,790 Kiest Blvd,beat 631,CLOSED,cb: (214) 555-4239
CC-74505,"OWENS, V",M,34,1986-03-17,4615 CAMP WISDOM RD,,closed,cb: 214-555-8662
CC-17061,"JACKSON, P", M,52,2001-06-06,6238 Bonnie View Rd,Beat 750,OPEN,"Neighbor reported shots, no name, no number"
CC-15686,"reyes, f",M,12,09/28/1994,975 Bonnie View Rd,133,CLOSED,No callback number given
CC-17789,"HOLLAND, R",F ,19,06/24/1985,6594 Elm St,beat 457,CLOSED,"Anonymous tip, callback 214.555.2670, said they saw a dark sedan"
CC-76890,"HOLLAND, L",M,30,12/21/1992,8785 Fair Oaks Ave,303,OPEN,"Anonymous tip, callback 214-555-6113, said they saw a dark sedan"
 CC-40346 ,"  MARTINEZ, F ",M,10,2016-03-18,8441 Lake June Rd,beat 741,CLOSED,
CC-89368,"TUCKER, D",F,16,2004-11-30,4314 KIEST BLVD,B-651,OPEN,possibly linked to CC-91366
cc-16843,"Osei, G",Male,34,5/30/1996,7576 Jefferson Blvd,438,OPN,Caller left callback 214.555.0368
CC 24887,"  COLEMAN, B ",F,21,2001-01-08,2906 Marsalis Ave,630,OPEN,No callback number given
CC67757,"  ROBINSON, R ",female,2,1990-08-26,7274 Elm St,217,CLOSED,Witness can be reached at (214) 555-1681
CC-58715,"KING, K",M,31,  ,2039 Illinois Ave,410,Closed,"Anonymous tip, callback 214.555.4516, said they saw a dark sedan"
CC53660,"vargas, f",Male,54,06/03/1987,2633 Harry Hines Blvd,B-724,CLEARED,cb: 214.555.0909; possibly linked to CC-70032
CC-44689,"  CARTER, C ",m,8,"May 21, 1994",7969 Ledbetter Dr, 501 ,CLOSED,"Neighbor reported shots, no name, no number"
CC-44628,"JENKINS, W",M,-1,"May 6, 1989",8965 LAKE JUNE RD,717,Closed,cb: 214-555-5881
cc-91304,"SIMMONS, E",F,0,2013-03-18,9230 Larkmoor Ln,Beat 256,CLOSED,Caller left callback 214.555.9375
CC-80778,"MARTIN, W",f,9,2002-11-10,9338 Kiest Blvd,338,CLOSED,"Tip line call, caller hung up"
CC-73415,"MCCOY,  T",M,N/A,2022-01-17,2228 Ledbetter Dr,Beat 702,CLOSED,possibly linked to CC-23786
CC-66922,"RAMIREZ, H",M,37,1/28/1994,4490 HARRY HINES BLVD,B-457,CLOSED,Caller left callback (214) 555-0837
CC-92570,"  JENKINS, V ",F,5,2010-07-07,1613 Lancaster Rd,beat 430,Closed,Witness can be reached at 214.555.2741
CC77695,"WELLS, L",M,12,"November 13, 1992",5408 Lake June Rd,629,CLOSED,Caller left callback 214-555-9688; possibly linked to CC-53176
CC-36838,"LANE,  D",M,28,"August 30, 2006",2700 Lancaster Rd,630,CLOSED,"Tip line call, caller hung up"
CC-97562,"Williams, P",F,17,"May 9, 2016",1939 Marsalis Ave,246,CLOSED,Caller left callback (214) 555-7631
CC-60385,"Harris, T",Male,68,2004-07-18,2956 Kiest Blvd,501,OPEN,Witness can be reached at (214) 555-2747
CC-21077,"WASHINGTON,  J",M,26,N/A,7694 Scyene Rd,439,CLOSED,Caller left callback (214) 555-8378; possibly linked to CC-59024
CC-55774,"patterson, c",F,42,2000-06-26,6671 Kiest Blvd,713,OPEN,"Neighbor reported shots, no name, no number"
CC-65104,"HOWARD, J", M,0,1/28/2018,633 FAIR OAKS AVE,beat 157,CLOSED,possibly linked to CC-92734
 CC-44381 ,"JENKINS,  S",MALE,19,2018-05-28,5293 Royal Ln,beat 418,Open,"Neighbor reported shots, no name, no number"
CC-72710,"STEWART, R",F,41,2006-06-23,2676 Ledbetter Dr,,OPEN,Witness can be reached at (214) 555-3487
CC-86460,"RICHARDSON, M",Male,42,2024-01-16,6846 Greenville Ave,501
CC-72110,"miller, r", M,20,08/16/1985,5691 Kiest Blvd,430,CLSD,"Anonymous tip, callback 214.555.1843, said they saw a dark sedan; possibly linked to CC-86957"
CC-53650,"Williams, N",MALE,36,4/27/1982,7427 Westmoreland Rd,Beat 303,Closed,
CC-70280,"MORALES, S", M,45,11/9/1991,607 Kiest Blvd,741,closed,
CC-31677,"WATSON, T",M,40,1990-08-30,5475 Bonnie View Rd,702,Closed,"Neighbor reported shots, no name, no number"
CC-63373,"MENDOZA, N", M,6,"January 19, 2016",3113 Elm St,119,CLOSED,possibly linked to CC-82115
CC-69077,"  MENDOZA, A ",M,29,1982-06-04,4405 CAMP WISDOM RD,B-326,CLOSED,Caller left callback 214.555.9037
CC89791,"  JENKINS, C ",F,22,2001-10-30,6357 Webb Chapel Rd,B-529,CLOSED,Witness can be reached at 214.555.3109
CC-11770,"Garcia, S",M,34,1989-01-11,930 Bonnie View Rd,B-216,CLOSED,Witness can be reached at 214-555-0368; possibly linked to CC-39783
CC-79603,"SIMMONS, D",M,23,2000-06-05,5205 Lake June Rd,Beat 717,OPEN,cb: 214-555-5451
 CC-90985 ,"RICHARDSON, F",MALE, 47 ,2018-10-02,7467 Larkmoor Ln,B-741,CLOSED,cb: (214) 555-0008
 CC-51155 ,"OKAFOR,  E", M,28,05/02/2017,5716 BUCKNER BLVD,505,CLOSED,cb: 214.555.4901; possibly linked to CC-23384
CC-99565,"Holland, J",M,?,11/28/14x,9240 Lancaster Rd,B-208,OPEN,cb: (214) 555-8104
CC-86275,"Robinson, L",M,13,"January 14, 1981",5171 Royal Ln,519,CLOSED,cb: 214.555.7991
CC-73300,"WILLIAMS, N",M,27,"September 27, 1985",4095 Jefferson Blvd, 430 ,closed,Witness can be reached at 214.555.4080
CC-92647,"WHITE, H",M,34,2022-04-10,4809 Ferguson Rd,529,OPEN,
CC-23973,"SCOTT, N",F,26,2021-10-24,9410 Kiest Blvd,741,CLOSED,Witness can be reached at 214.555.2332
CC14593,"NAVARRO,  A", M,24,2007-08-21,7284 Singleton Blvd,Beat 153,OPEN,Caller left callback 214.555.1104
CC-70910,"NGUYEN, C",F,50,"February 25, 1999",1386 Royal Ln,521,OPEN,"Anonymous tip, callback 214.555.2608, said they saw a dark sedan; possibly linked to CC-98235"
CC-73278,"murphy, c",M,22,"June 13, 1993",9550 Military Pkwy, 717 ,OPEN,Caller left callback 214-555-8835
cc-10472,"Ross, G",Male,25,05/08/2021,9020 SINGLETON BLVD,B-629,OPEN,
CC97625,"HAWKINS, P",M,22,1998-03-08,7452 Illinois Ave,B-217,CLOSED,"Tip line call, caller hung up"
CC-10441,"TRAMMELL, P",M,28,5/25/1996,1134 Elm St,521,OPEN,cb: (214) 555-2331
cc-69077,"MENDOZA, A",M,29,1982-06-04,4405 Camp Wisdom Rd,B-326,CLOSED,Witness can be reached at (214) 555-9037
CC-53793,"Porter, J",M,29,2002-01-23,4869 Illinois Ave,455,CLOSED,Witness can be reached at 214-555-9221
CC-26229,"CASTILLO,  F",F,29,2011-05-20,1997 Military Pkwy,526,CLOSED,"Tip line call, caller hung up"
CC-47041,"MOORE, E",F,13,01/04/2018,7835 Jefferson Blvd,beat 501,open,
XX-31997,"  BAKER, R ",F,17,"January 2, 2018",7398 Westmoreland Rd,beat 202,OPEN,
 CC-33450 ,"DAVIS, W",MALE,52,1992-06-23,120 HARRY HINES BLVD,beat 208,CLSD,No callback number given
CC-32975,"PRUITT, S",M,28,1994-11-30,4866 ILLINOIS AVE,430,OPEN,Witness can be reached at 214-555-2897; possibly linked to CC-72093
CC-49375,"PATTERSON, G",m,36,1993-10-07,7254 Fair Oaks Ave, 410 ,CLOSED,"Walk-in tip, declined to give contact"
CC20269,"STEWART, D",M,18,1995-10-22,8375 ELM ST,519,closed,
CC-79091,"TATE, D",M,?,"January 5, 2013",2811 Buckner Blvd,Beat 208,CLOSED,cb: 214-555-6565
CC-12566,"LANE, T",MALE,15,1983-12-30,4853 MARSALIS AVE, 152 ,CLOSED,"Neighbor reported shots, no name, no number"
CC-40953,"HARRIS, S",M, 24 ,1987-12-21,9189 Camp Wisdom Rd,303,OPEN,
CC-59149,"Ross, A",Female, 30 ,1991-12-18,6115 BONNIE VIEW RD,Beat 241,CLOSED,"Walk-in tip, declined to give contact"
 CC-41818 ,"Sims, L",M,41,09/14/2006,3793 LANCASTER RD, 526 ,Closed,cb: 214.555.1975
 CC-49897 ,"CALDWELL, M",unk,unknown,2000-09-12,5833 Fair Oaks Ave,315, OPEN ,"Neighbor reported shots, no name, no number"
CC-94496,"STEWART, L",M, 11 ,06/30/1988,3767 ILLINOIS AVE,133,closed,"Tip line call, caller hung up"
CC-43406,"  HOWARD, P ",M, 41 ,02/16/2007,6559 Webb Chapel Rd,430,Closed,"Tip line call, caller hung up"
 CC-94681 ,"phillips, s",M,62,2000-09-06,8819 Webb Chapel Rd, 150 ,OPEN,cb: 214-555-5585
 CC-80976 ,"RUIZ, T",Female,0,08/20/1999,9695 LANCASTER RD, 315 ,CLOSED,"Anonymous tip, callback 214.555.5464, said they saw a dark sedan; possibly linked to CC-67692"
CC-69227,"JORDAN,  J", M,33,2012-12-26,8757 Marsalis Ave,beat 555,OPEN,Caller left callback 214-555-0942
CC-87821,"ESPINOZA, F",M,27,2005-04-13,1464 Marsalis Ave,152,CLOSED,
CC95513,"THOMAS, A",m, 32 ,1986-03-18,7605 Harry Hines Blvd,Beat 242,closed,No callback number given
CC-89720,"OSEI, G",F,22,1996-08-25,7493 Royal Ln,beat 630,closed,cb: (214) 555-8034
CC-73236,"wright, h",M,28,2018-05-02,8926 Westmoreland Rd,624,CLSD,cb: 214.555.2099
CC-46613,"pruitt, w",M,28,3/19/2002,5661 Larkmoor Ln,B-439,OPEN,"Walk-in tip, declined to give contact"
cc-34706,"Caldwell, W",F,54,2020-03-21,6011 Illinois Ave,Beat 438,OPEN,possibly linked to CC-84334
cc-33266,"MORALES, C",f,34,1982-03-09,4330 Military Pkwy,Beat 150,CLOSED,Witness can be reached at (214) 555-1077
CC-33731,"Mccoy, W",MALE,62,2021-05-11,4202 Singleton Blvd,457,OPEN,possibly linked to CC-82230
CC-47065,"JENKINS,  S", M,8,"August 7, 1985",2274 Camp Wisdom Rd,438,OPEN,"Neighbor reported shots, no name, no number"
CC-90890,"EVANS, G",M,27,2018-10-13,5398 Lake June Rd,beat 451,Open,Witness can be reached at 214-555-4497
CC-80672,"green, b",M,24,08/26/1992,1302 Westmoreland Rd, 157 ,CLSD,Witness can be reached at 214.555.7022
CC-34532,"HAWKINS, P",female, 23 ,2018-04-19,5216 Military Pkwy,519,CLSD,cb: 214-555-8870
CC-62625,"BOOKER, C",M, 24 ,01/04/2024,7301 Lake June Rd,beat 429,open,"Neighbor reported shots, no name, no number"
CC-59989,"owens, j",F,20,10/30/2025,1422 Lake June Rd,241,Open,No callback number given
CC-78292,"LEWIS, D",M,41,11/20/2005,6045 Ledbetter Dr,550,CLOSED,Witness can be reached at 214.555.6854
CC-56429,"Graham, R",M,unknown,05/12/2025,1644 Military Pkwy,328,CLSD,"Tip line call, caller hung up"
CC-84122,"RICHARDSON, M",M,36,10/7/1986,1282 HARRY HINES BLVD,B-526,CLOSED,Caller left callback 214-555-1869
cc-61349,"ALVAREZ, P",M,33,2012-09-14,4919 Ferguson Rd,451,Closed,
CC14804,"Gibson, R",F,34,10/27/1996,6033 Fair Oaks Ave,338,OPEN,"Neighbor reported shots, no name, no number"
CC-79839,"WOODS, R",M, 48 ,11/08/2023,4940 Kiest Blvd,Beat 624,CLEARED,Caller left callback (214) 555-6804
CC 67381,"ORTIZ, V",M,23,02/06/2010,2281 SINGLETON BLVD, 219 ,OPEN,"Neighbor reported shots, no name, no number"
CC-76837,"medina, j",MALE,32,1985-09-27,2884 FERGUSON RD, 750 ,CLOSED,Witness can be reached at (214) 555-9052
CC-62351,"MENDOZA, L",M,29,"February 8, 2003",5537 Bonnie View Rd,612,OPEN,"Tip line call, caller hung up"
CC-44875,"YOUNG,  V",Male,34,1994-10-27,7139 Harry Hines Blvd,303,CLOSED,"Tip line call, caller hung up"
 CC-57617 ,"flores, p",F,31,1988-03-20,7734 BUCKNER BLVD,,CLOSED,"Anonymous tip, callback (214) 555-9677, said they saw a dark sedan"
CC-56627,"CASTILLO, B",M,43,02/05/1989,1318 MARSALIS AVE, 724 ,CLOSED,"Tip line call, caller hung up"
 CC-46604 ,"  TORRES, D ",M,40,1987-11-09,7017 Royal Ln,beat 429,CLEARED,"Anonymous tip, callback 214.555.3179, said they saw a dark sedan"
 CC-94275 ,"MURPHY, S",U,22,1987-08-28,7171 Buckner Blvd,457,CLEARED,"Anonymous tip, callback (214) 555-4716, said they saw a dark sedan"
CC-94504,"Scott, D",M,43,1989-02-23,6784 Bonnie View Rd,Beat 234,CLOSED,
CC-84695,"GRANT, C", M,51,1991-09-24,7998 Military Pkwy,219,OPEN,possibly linked to CC-51619
CC-87437,"WHITE, L",F ,23,"January 29, 1985",6734 LEDBETTER DR,119,CLOSED,"Tip line call, caller hung up"
CC-21985,"EDWARDS, F",F,25,8/10/1983,6968 LEDBETTER DR,beat 216,OPEN,possibly linked to CC-14350
cc-76828,"MEDINA, G",M,30,2013-09-11,919 Webb Chapel Rd,412,OPEN,Witness can be reached at (214) 555-9814
CC-48535,"ESPINOZA, N",M,12,2018-10-14,5994 CAMP WISDOM RD,beat 420,OPEN,"Walk-in tip, declined to give contact"
cc-26650,"Long, S",M,41,12/30/2020,6578 ELM ST,Beat 457,OPEN,Witness can be reached at (214) 555-8128
CC-87291,"Edwards, E",MALE,37,02/17/2012,6083 Scyene Rd,beat 256,CLOSED,"Anonymous tip, callback 214.555.4847, said they saw a dark sedan"
CC-76275,"EVANS, H",MALE,28,2018-02-16,8488 Webb Chapel Rd,455,CLOSED,"Anonymous tip, callback 214-555-7560, said they saw a dark sedan; possibly linked to CC-27201"
CC-17533,"owens, b",M,20,04/03/2003,1015 Marsalis Ave,717,CLSD,Witness can be reached at 214-555-1196
cc-45869,"Hayes, J",F,22,1984-09-12,1969 Illinois Ave,409,OPN,cb: (214) 555-4062; possibly linked to CC-97090
CC-29199,"HOWARD, V",m,43,2013-07-27,7227 KIEST BLVD,beat 215,OPEN,"Walk-in tip, declined to give contact"
cc-36896,"DIXON, A",M,47,1991-03-21,661 Singleton Blvd, 157 ,CLOSED,Witness can be reached at 214.555.5305
CC-34183,"FOSTER, C",m, 57 ,12/28/1988,8681 Larkmoor Ln,B-555,OPEN,
CC-97358,"  GARCIA, N ",M,30,6/21/2001,7468 Lancaster Rd,152,open,Caller left callback (214) 555-3484
CC-10541,"Woods, T",F ,37,"November 12, 1997",6351 BONNIE VIEW RD,216,CLOSED,"Anonymous tip, callback (214) 555-5578, said they saw a dark sedan"
CC-11292,"FORD, V",M,19,2017-11-29,9432 Illinois Ave,,OPEN,Witness can be reached at (214) 555-1785; possibly linked to CC-22140
CC-80166,"  HAWKINS, G ",M,42,2015-05-15,1849 Illinois Ave,202,open,Witness can be reached at 214-555-1609
CC-45119,"  ADAMS, N ",M,18,"December 17, 1990",8335 Lake June Rd,beat 624,CLOSED,cb: (214) 555-3149
CC 71444,"PERRY, R",M,45,07/24/1992,4733 Harry Hines Blvd,501,CLOSED,"Neighbor reported shots, no name, no number"
CC-73995,"Moore, E",M,44,2007-10-19,9109 Royal Ln,119,CLOSED,"Anonymous tip, callback (214) 555-4109, said they saw a dark sedan"
CC-85260,"evans, p",MALE,52,2018-10-11,6796 Larkmoor Ln,412,OPEN,
CC34665,"wright, a",M,23,"April 19, 2024",663 Fair Oaks Ave,B-519,Open,cb: (214) 555-1419
CC-53646,"DAVIS, R",M,10,"July 4, 2019",5458 Greenville Ave,517,OPEN,
CC-53620,"NORRIS, T",m,48,"June 4, 2023",2063 Buckner Blvd,beat 430,OPEN,"Walk-in tip, declined to give contact"
cc-28117,"TUCKER, V",M,26,2012-01-20,4823 Camp Wisdom Rd,612,CLOSED,"Anonymous tip, callback (214) 555-0473, said they saw a dark sedan"
 CC-57867 ,"WOODS, N",M,27,"November 5, 2000",3354 Royal Ln,beat 153,CLOSED,"Tip line call, caller hung up"
CC-96650,"WILLIAMS,  A",F, 40 ,3/14/1990,2764 Scyene Rd,555,CLOSED,"Walk-in tip, declined to give contact"
CC-35243,"castillo, s",f,9,6/8/2009,7500 Buckner Blvd,beat 750,CLOSED,cb: 214.555.6180
CC-34097,"SCOTT, M",M,63,2013-06-15,2188 Webb Chapel Rd,430,closed,cb: 214-555-3819
CC 20747,"Cruz, E",MALE,62,1994-01-02,8052 Larkmoor Ln, 410 ,CLOSED,"Anonymous tip, callback 214-555-2518, said they saw a dark sedan"
CC-69731,"RIVERA, H",M,24,"June 6, 1987",5837 Greenville Ave,B-216,Closed,Witness can be reached at 214.555.4965
cc-18828,"OKAFOR, R",M, 20 ,"December 1, 1985",3880 WESTMORELAND RD,Beat 216,CLOSED,"Tip line call, caller hung up"
CC-72444,"TORRES,  D",M,49,2017-04-22,2192 Kiest Blvd,717,closed,
CC-96471,"Smith, B",M,18,04/21/2008,1435 Fair Oaks Ave,,CLOSED,Caller left callback 214-555-4053
CC-78090,"watson, w",MALE,51,11/17/1992,9209 Jefferson Blvd,430,CLOSED,cb: 214-555-2034
CC-19783,"GARNER, E",M,40,09/13/1994,1087 Harry Hines Blvd,130,closed,"Anonymous tip, callback 214.555.0955, said they saw a dark sedan"
CC25363,"  PHILLIPS, R ", M,43,2002-07-31,6518 Webb Chapel Rd,beat 215,open,Caller left callback 214-555-3460
CC-71547,"tucker, f",M, 17 ,1982-05-24,6408 Scyene Rd,beat 455,closed,No callback number given
CC-48039,"Ward, V",M,51,9/26/2022,3096 Royal Ln,439,OPN,cb: 214.555.7074
CC-26724,"hall, w", M,44,2018-08-10,2448 Singleton Blvd,629,closed,Witness can be reached at 214-555-2652; possibly linked to CC-16513
CC-84404,"PARKER, N",Male, 50 ,02/22/2004,7858 Royal Ln,202,CLOSED,"Anonymous tip, callback 214.555.1528, said they saw a dark sedan"
cc-11212,"GRAHAM, W",F,47,"February 7, 1992",7701 Jefferson Blvd,501,Closed,Witness can be reached at 214-555-1803
CC 45577,"rodriguez, c",M,37,"October 28, 2017",2458 LANCASTER RD,438,Closed,Witness can be reached at (214) 555-4190
CC-75470,"  HOLLAND, H ",F,22,N/A,5146 Royal Ln,429,closed,Witness can be reached at 214-555-6383
CC-70467,"Booker, G",M,43,"May 10, 1986",9386 Westmoreland Rd,B-242,CLOSED,Caller left callback 214-555-9900
cc-81006,"Ellis, V",M, 0 ,1994-12-10,681 Jefferson Blvd,457,OPEN,"Walk-in tip, declined to give contact"
CC-25693,"  BANKS, T ",U, 36 ,2006-12-21,4312 Fair Oaks Ave,457,OPEN,No callback number given
CC-78450,"Trammell, C",M,55,"September 7, 2005",4022 Ledbetter Dr,326,OPEN,cb: 214.555.9256
CC-70898,"SMITH, H", M,29,1989-04-26,1849 JEFFERSON BLVD,150,??,"Walk-in tip, declined to give contact"
cc-44670,"OSEI, F",m,22,1997-03-17,117 Lancaster Rd,429,CLOSED,cb: 214.555.8232; possibly linked to CC-71389
CC-12716,"SIMS, N",M,49,9/2/1983,7905 Fair Oaks Ave,338,CLOSED,cb: 214-555-0823
CC-82924,"BRYANT, D",F,41,2018-05-01,6778 Military Pkwy,B-750,OPEN,"Walk-in tip, declined to give contact"
CC-99612,"murphy, m",M,7,"September 15, 1995",1146 FAIR OAKS AVE,409,Open,
CC-63865,"  LANE, G ",Male,30,1983-03-13,6982 Lake June Rd,418,CLOSED,"Anonymous tip, callback 214-555-1510, said they saw a dark sedan"
CC-25190,"NGUYEN, C", M,999,"July 27, 2024",7021 Lake June Rd,409,Closed,Caller left callback (214) 555-5243
CC43259,"ROSS, M",F,32,2001-01-16,7151 Singleton Blvd,526,CLOSED,Witness can be reached at (214) 555-1892
 CC-76926 ,"medina, k",F,43,1986-03-03,5376 Military Pkwy,256,OPEN,"Tip line call, caller hung up"
CC-16909,"Navarro, G",M,19,05/27/1990,3947 Harry Hines Blvd,Beat 529,Closed,No callback number given
CC-63417,"HOWARD, G",M, 17 ,1998-09-28,2939 Military Pkwy,208,CLOSED,cb: 214-555-4499
CC-20034,"EVANS, T",M,28,10/07/2023,6183 Elm St, 202 ,CLEARED,
CC-606847,"OSEI, H",M,,2007-06-24,525 Singleton Blvd,455,Closed,No callback number given
CC-42638,"NAVARRO, T",MALE,28,1981-04-26,893 Military Pkwy,Beat 121,open,Witness can be reached at 214-555-8304
CC-23940,"VARGAS, K",F,0,1995-07-08,3686 Jefferson Blvd,412,CLOSED,cb: 214.555.4919
CC-13320,"FOSTER, M",Male,14,2024-11-05,9429 Ferguson Rd,Beat 157,OPEN,Caller left callback 214-555-6072; possibly linked to CC-71655
CC46131,"PATTERSON, W",F,56,2019-11-02,1323 Lancaster Rd,303,OPEN,Witness can be reached at 214.555.3907
 CC-84075 ,"evans, k",M,21,1986-12-05,5795 Lancaster Rd,B-438, OPEN ,No callback number given
CC-17206,"GUERRERO, C",M, 37 ,01/31/2015,8093 Kiest Blvd,326,CLSD,"Tip line call, caller hung up"
CC-66123,"washington, b",M,28,02/03/1983,3543 Kiest Blvd,beat 439,Closed,Caller left callback 214.555.2845
CC-69297,"NORRIS, N",M,49,1981-02-08,2232 Military Pkwy,beat 630,OPEN,"Neighbor reported shots, no name, no number"
CC-88912,"JENKINS, R",M,47,1994-01-17,7519 Elm St,B-315,CLOSED,Witness can be reached at 214.555.9274
 CC-69582 ,"CASTILLO, D",MALE,?,2/12/2001,1437 Scyene Rd,B-328,Closed,cb: 214-555-7537; possibly linked to CC-64661
CC-31591,"morales, v",F, 36 ,1994-12-13,4717 Singleton Blvd,beat 754,OPEN,"Anonymous tip, callback 214-555-6063, said they saw a dark sedan"
CC-95056,"HOWARD, L",M,38,2007-10-25,8609 Harry Hines Blvd,750,PENDING?,"Anonymous tip, callback 214.555.8936, said they saw a dark sedan"
CC-24141,"MARTINEZ, B",M, 41 ,07/12/2024,8393 Military Pkwy,beat 717,CLOSED,
CC-77568,"COLLINS, K",m,16,"June 29, 1991",989 Singleton Blvd,202,Closed,Witness can be reached at 214.555.7189
cc-23102,"  GARNER, G ",f,31,03/10/2011,9958 ILLINOIS AVE,501,CLOSED,Witness can be reached at 214-555-6592
CC-59690,"HENDERSON, G",Female,?,1991-01-14,568 Larkmoor Ln,beat 741,Closed,possibly linked to CC-71383
 CC-26489 ,"SIMS, T",M,43,10/01/2003,3714 LAKE JUNE RD,Beat 150,OPEN,
CC 83764,"Martin, E",F,49,1991-04-13,9989 Marsalis Ave,133,CLOSED,No callback number given
CC-22159,"mendoza, a",F,6,3/11/2011,9754 JEFFERSON BLVD,B-215,CLOSED,No callback number given
CC46237,"Nguyen, R",M,46,2013-12-26,8560 Singleton Blvd,409,Closed,"Anonymous tip, callback 214.555.2275, said they saw a dark sedan; possibly linked to CC-27321"
CC-81341,"Ward, W",M,N/A,3/28/2015,232 Kiest Blvd,630,open,Witness can be reached at 214.555.8910
CC-61559,"Ross, A",F,45,06/11/1992,2402 LAKE JUNE RD,119,OPEN,possibly linked to CC-73199
cc-44747,"THOMAS, G",M,30,1992-05-04,1039 Westmoreland Rd,Beat 152,Closed,Caller left callback (214) 555-2538
 CC-77273 ,"  MARSH, S ",M,30,1985-12-23,2223 ELM ST,430,CLOSED,Witness can be reached at 214.555.8218
CC-50079,"coleman, r", M,18,1999-03-24,1969 BONNIE VIEW RD,208,closed,
CC85744,"GOMEZ, H",M,32,1986-06-19,8560 Illinois Ave,553,CLOSED,Witness can be reached at 214-555-7633
cc-97606,"YOUNG, K",M,18,1998-03-11,9175 Jefferson Blvd,beat 256,CLEARED,Caller left callback 214.555.9982
CC-52804,"Caldwell, C",M,35,2011-05-28,4333 ILLINOIS AVE,Beat 121,open,
CC-24298,"SMITH, R",M,12,"October 20, 2017",3943 Kiest Blvd,beat 157,OPEN,"Neighbor reported shots, no name, no number"
cc-15687,"SANDERS, B",F,9,2003-07-30,8816 Lancaster Rd, 455 ,CLSD,Caller left callback (214) 555-4948
CC-70746,"Sullivan, R",M, 27 ,12/17/1986,1692 Ledbetter Dr,121,CLOSED,"Walk-in tip, declined to give contact"
CC-82284,"MITCHELL, K",M,33,1988-09-02,9391 Ferguson Rd,133,Open,"Neighbor reported shots, no name, no number"
CC-96314,"WALKER, J",M,43,2008-05-28,876 MILITARY PKWY,121,OPEN,cb: (214) 555-8324
CC-24191,"adams, d",Male,17,"July 31, 1991",1033 Jefferson Blvd,526,CLOSED,Caller left callback (214) 555-3499
CC-93936,"EVANS,  T",M, 26 ,1985-01-25,1530 Buckner Blvd,152,OPEN,
CC-42153,"WARD, A",F, 34 ,"August 1, 1999",3614 Camp Wisdom Rd, 702 ,CLOSED,"Neighbor reported shots, no name, no number"
CC-30671,"  WALLACE, R ",MALE, 22 ,2020-06-28,8403 Larkmoor Ln,beat 359,CLOSED,Witness can be reached at 214.555.6646
CC-14497,"JENKINS, V",M, 40 ,1994-07-02,7650 Military Pkwy,519,CLOSED,cb: 214-555-1832
CC-32538,"MCCOY, C",M,34,2014-08-07,9462 Greenville Ave,625,CLOSED,"Anonymous tip, callback 214-555-0232, said they saw a dark sedan"
CC-49221,"RAMIREZ, P",M,8,1990-03-08,8489 Illinois Ave,412,CLOSED,"Anonymous tip, callback (214) 555-8020, said they saw a dark sedan"
CC-33499,"HUGHES, M",M, 47 ,2024-07-07,8382 Bonnie View Rd,501,OPEN,"Neighbor reported shots, no name, no number"
CC-37468,"ORTIZ, A",F,34,2006-03-03,2706 Lancaster Rd,216,CLEARED,"Tip line call, caller hung up"
cc-91462,"WRIGHT,  C",F, 51 ,1987-11-13,6339 Singleton Blvd,216,CLOSED,No callback number given
CC-76941,"simmons, b",M,48,1992-04-12,9595 Westmoreland Rd,B-651, OPEN ,"Neighbor reported shots, no name, no number"
CC-76018,"TUCKER, A",F, 28 ,1995-10-22,828 Kiest Blvd,beat 429,OPEN,Witness can be reached at 214-555-6087
CC 17768,"OKAFOR, P",M, 7 ,2012-08-10,2392 ILLINOIS AVE,418,CLEARED,Caller left callback 214.555.1102
CC-36159,"WELLS, J",F,45,1997-08-12,2566 Military Pkwy,B-246,CLOSED,Caller left callback (214) 555-6868
CC10662,"ALVAREZ, F",F,38,4/30/2007,4298 Bonnie View Rd
CC-25358,"GIBSON, S",M,28,1997-11-20,949 ELM ST,beat 157,OPEN,"Anonymous tip, callback 214.555.7042, said they saw a dark sedan"
 CC-14350 ,"alvarez, p",Female,41,2000-04-16,2868 Military Pkwy,,CLOSED,Caller left callback 214-555-4685; possibly linked to CC-49169
CC-36912,"THOMPSON, A",M,27,,8324 Buckner Blvd,130,OPEN,possibly linked to CC-10541
cc-78435,"Hayes, H",F,31,1995-06-20,4270 Webb Chapel Rd,457,CLEARED,"Anonymous tip, callback (214) 555-9144, said they saw a dark sedan"
CC-42776,"ortiz, h",M, 41 ,"July 13, 1996",1219 Kiest Blvd,B-553,CLOSED,Caller left callback 214.555.9977
CC-33196,"ALVAREZ, N",M,14,2006-03-08,6619 Webb Chapel Rd,529,OPEN,
 CC-74727 ,"pruitt, r",M,45,6/28/1990,8163 Marsalis Ave,717,open,"Anonymous tip, callback (214) 555-2344, said they saw a dark sedan"
CC53717,"NELSON,  T",F,19,"August 12, 1992",4685 Webb Chapel Rd,550,CLOSED,"Neighbor reported shots, no name, no number"
CC-78636,"  JENKINS, S ",M,41,03/17/2007,1021 Lancaster Rd,,closed,"Neighbor reported shots, no name, no number"
cc-22177,"Nelson, B", M,12,4/24/1998,5106 Camp Wisdom Rd,,OPN,cb: (214) 555-3170
CC-70684,"collins, t",M,?,2013-07-09,4178 Greenville Ave,beat 501, OPEN ,possibly linked to CC-93831
XX-49544,"LOPEZ, F",M,15,2004-03-16,987 ELM ST,412,Open,No callback number given
CC-14920,"WELLS, P",M,27,10/21/1996,7337 Harry Hines Blvd, 152 ,CLSD,Witness can be reached at (214) 555-1984
CC-59749,"BELL, F",M,17,1991-07-10,8085 FAIR OAKS AVE,521,CLOSED,Witness can be reached at 214.555.7237
CC91666,"JACKSON, L",M,37,2000-10-27,9698 Bonnie View Rd,B-438,OPEN,Caller left callback (214) 555-5993
CC-60476,"Banks, T",M,36,"March 9, 1992",7492 Military Pkwy,651,CLOSED,Caller left callback (214) 555-1643
CC-38978,"Baker, N",M,28,02/21/1990,9103 Military Pkwy,412,OPEN,
 CC-93484 ,"JENKINS, A",F,31,06/23/1997,1336 Royal Ln,B-418,CLEARED,"Walk-in tip, declined to give contact"
CC-51392,"  BAKER, H ",M,35,1994-03-21,9196 Marsalis Ave, 717 ,CLEARED,"Anonymous tip, callback (214) 555-9173, said they saw a dark sedan"
cc-97684,"TRAMMELL, C",M,11,2016-03-16,5754 Harry Hines Blvd,410,CLEARED,
CC-75623,"  PEREZ, G ", M,35,"July 26, 2017",5965 Lake June Rd,526,OPEN,"Anonymous tip, callback 214.555.8355, said they saw a dark sedan"
cc-13210,"THOMPSON, E",M,13,2020-10-03,7448 Ledbetter Dr,303,Closed,No callback number given
CC71627,"SANDERS, L",M,19,08/19/2020,9614 Buckner Blvd,B-713,CLEARED,Witness can be reached at 214.555.2530
CC-31876,"Evans, H",M,31,2001-10-15,3783 Camp Wisdom Rd,501,CLOSED,"Anonymous tip, callback (214) 555-3591, said they saw a dark sedan"
CC-67503,"jordan, l",M,16,1989-08-07,3883 Royal Ln,Beat 754,Closed,"Tip line call, caller hung up"
XX-90900,"Jordan, G",m,999,"October 12, 1993",1126 Ferguson Rd,B-303,CLOSED,Witness can be reached at 214-555-5659; possibly linked to CC-27718
CC-17270,"VARGAS, S",M,N/A,5/8/1987,4466 Lancaster Rd,,OPEN,cb: 214.555.9243
CC-21738,"HOWARD, B",M,12,1989-05-28,9678 GREENVILLE AVE,354,open,
 CC-75529 ,"WARD, R", M,28,"April 25, 1995",7925 Greenville Ave,133,CLOSED,
CC15361,"GOMEZ,  G",M,17,"August 26, 2004",4058 Kiest Blvd,157,Open,"Walk-in tip, declined to give contact"
CC-82662,"HERRERA, K",F,44,1998-10-24,5357 Kiest Blvd,beat 418,CLEARED,cb: 214-555-8439
CC-86629,"ruiz, w",M,,01/08/2020,3272 Ledbetter Dr,B-150,CLOSED,cb: 214.555.0073
CC-18380,"FLORES, G",F ,23,"June 21, 2016",4882 Scyene Rd,216,CLOSED,No callback number given
CC-75533,"MITCHELL, E",M,35,2009-09-02,7383 Ferguson Rd,,CLOSED,No callback number given
CC-40840,"TATE, K",M,43,1997-06-23,4929 SINGLETON BLVD,B-651,CLOSED,cb: (214) 555-3570
cc-48591,"walker, c", M,47,2004-05-06,8782 Lancaster Rd,B-157,CLOSED,cb: 214.555.1912
CC 96861,"MCCOY, H",MALE,21,1983-12-26,2195 Camp Wisdom Rd,754,CLOSED,"Anonymous tip, callback 214.555.7008, said they saw a dark sedan"
CC-16805,"FOSTER, J",M,26,10/19/2017,8510 Larkmoor Ln,beat 420,CLOSED,
CC-12821,"okafor, w",M,22,2006-04-19,6715 Bonnie View Rd,328,Open,No callback number given
CC-30966,"wells, v",M,31,2005-11-03,9717 Jefferson Blvd,521,OPEN,
CC-92656,"Owens, D",Male,26,2012-05-02,6255 BUCKNER BLVD,202,CLOSED,Caller left callback 214.555.8353; possibly linked to CC-56472
cc-53461,"EVANS, M",F,27,07/13/2017,3493 Military Pkwy,Beat 713,closed,
,"MURPHY, B",MALE,30,1984-10-03,9639 Ledbetter Dr,354,Open,cb: 214-555-4178
CC94006,"ELLIS, V",M,13,2000-06-25,3406 Fair Oaks Ave,519,CLOSED,"Walk-in tip, declined to give contact"
CC-20676,"DOUGLAS, B",Male,43,12/05/2002,9991 JEFFERSON BLVD,409,Open,cb: (214) 555-4517; possibly linked to CC-92852
CC-85859,"Ramos, R",M,61,2007-03-17,7569 LEDBETTER DR,,CLOSED,cb: (214) 555-0453
CC-40868,"VARGAS, G",M,21,2002-03-22,194 MILITARY PKWY,beat 234,CLEARED,
CC-19824,"  WATSON, N ",M,40,02/16/1997,9769 Royal Ln, 529 ,CLOSED,
CC-33754,"  WALKER, J ",M,50,2023-08-31,4230 Harry Hines Blvd,beat 455,OPN,Caller left callback 214.555.2527
 CC-16952 ,"flores, v", M,39,7/29/2013,9077 Singleton Blvd,150,CLOSED,Caller left callback 214.555.6258
CC-99262,"  CASTILLO, P ",Female,45,1985-04-01,8003 Lancaster Rd,,open,
CC-52456,"Norris, J",M, 45 ,03/15/1987,3857 BUCKNER BLVD,328,CLOSED,Caller left callback 214-555-7548
CC-35076,"TUCKER, H",M,30,2011-06-24,8102 Ferguson Rd,724,OPEN,Caller left callback 214-555-7152; possibly linked to CC-12114
CC-67018,"reyes, w",M,25,2016-06-29,9861 LARKMOOR LN,B-526,OPEN,Witness can be reached at (214) 555-9383
 CC-14233 ,"RAMIREZ, G",M,38,2011-07-26,1292 Larkmoor Ln, 439 ,CLEARED,"Anonymous tip, callback (214) 555-7317, said they saw a dark sedan"
CC-45854,"  ADAMS, P ",M,32,1993-03-16,9930 Camp Wisdom Rd,,open,Witness can be reached at 214.555.7030
CC-52798,"price, w",m, 1 ,2023-02-22,382 SINGLETON BLVD,Beat 338,OPEN,No callback number given
CC-28433,"ALVAREZ, W",M, 46 ,2014-03-08,6203 Buckner Blvd,410,CLOSED,"Neighbor reported shots, no name, no number"
CC-22871,"Murphy, K",Male, 26 ,2021-12-16,9859 Kiest Blvd, 521 ,OPEN,"Neighbor reported shots, no name, no number"
CC-77061,"PORTER, L",M,35,"December 28, 1991",2750 Camp Wisdom Rd,B-241,OPN,Witness can be reached at 214-555-7208
CC-88014,"ramirez, g",U,29,2002-07-14,172 Webb Chapel Rd,629,CLOSED,cb: 214-555-0601
CC-20157,"FOSTER, H",U,44,2009-04-24,3900 ILLINOIS AVE,beat 338,OPN,Caller left callback 214.555.1454
CC-51104,"HAWKINS, F",m,36,1985-03-26,3004 Westmoreland Rd,550,CLOSED,"Anonymous tip, callback 214.555.4977, said they saw a dark sedan"
CC-84601,"gomez, f",M,52,1989-08-04,3082 Webb Chapel Rd,409,CLOSED,Caller left callback 214.555.2710
cc-82538,"rivera, v",M,33,1999-10-30,4605 WEBB CHAPEL RD,beat 702,closed,cb: (214) 555-7436
CC-98855,"Howard, R",M,41,2016-10-04,207 Larkmoor Ln,beat 451,CLOSED,"Tip line call, caller hung up"
CC-30420,"JOHNSON, T",Male,23,2002-05-31,2444 Kiest Blvd,429,OPEN,possibly linked to CC-94389
CC-27072,"Norris, D",M,10,10/23/2023,9845 Larkmoor Ln,beat 133,CLSD,cb: 214.555.2742
cc-13704,"HOWARD, R",M, 25 ,2012-03-05,6872 BONNIE VIEW RD,Beat 121,closed,possibly linked to CC-62383
CC-19271,"hughes, n",Male,18,08/14/1989,4295 Greenville Ave,410,closed,cb: 214.555.8226
 CC-87676 ,"walker, m",M,32,11/20/2025,808 BUCKNER BLVD,529, OPEN ,
CC-73595,"WOODS, E",M,19,1995-09-13,1237 Military Pkwy,,open,"Anonymous tip, callback (214) 555-9993, said they saw a dark sedan; possibly linked to CC-62351"
CC-31280,"FLORES, D",M,43,"June 10, 1996",8334 Lancaster Rd,208,OPEN,"Walk-in tip, declined to give contact"
CC-77388,"Malone, C",M,999,10/29/1989,4067 Royal Ln,242,OPEN,
CC-48804,"LEWIS, W",M,40,"September 28, 1999",8082 Kiest Blvd,beat 625,Open,Caller left callback (214) 555-7638
CC-23582,"FOSTER, S",F,27,1997-06-13,2294 Webb Chapel Rd,359,CLEARED,"Anonymous tip, callback 214.555.2360, said they saw a dark sedan; possibly linked to CC-98649"
cc-87610,"KING, D",m,11,2023-12-14,7015 Ledbetter Dr,754,OPEN,
CC-48347,"HOWARD, K",MALE, 55 ,1989-08-08,6785 Royal Ln,420, OPEN ,"Anonymous tip, callback 214.555.1061, said they saw a dark sedan"
CC-52717,"  SIMMONS, C ",M,43,2023-09-03,801 Buckner Blvd,beat 517,OPEN,possibly linked to CC-61285
CC-95643,"castillo, b",MALE,33,1982-02-12,7005 Ferguson Rd,420,CLOSED,"Tip line call, caller hung up"
 CC-22899 ,"DOUGLAS, E",F,44,09/01/2025,9164 Bonnie View Rd,359,CLEARED,"Anonymous tip, callback (214) 555-9791, said they saw a dark sedan; possibly linked to CC-50794"
cc-60844,"FIELDS, D",M,21,7/28/1989,8600 Military Pkwy,501,CLOSED,cb: (214) 555-6724
CC-74886,"JORDAN, E",M,0,01/04/2020,2798 ROYAL LN,338,OPEN,cb: 214-555-5099
CC-98226,"WASHINGTON, K",female,13,2013-03-14,9906 Fair Oaks Ave,157,OPEN,No callback number given
cc-86300,"BANKS, F",F, 45 ,1/17/2023,3711 Bonnie View Rd, 119 ,OPEN,"Neighbor reported shots, no name, no number"
CC-93465,"  MURPHY, C ",M,999,3/10/2023,3894 Bonnie View Rd,B-517,CLOSED,Caller left callback 214-555-6792
CC-29236,"HERRERA, E",MALE,37,1990-11-02,979 Greenville Ave,315,Closed,No callback number given
CC-63412,"HUGHES, S",M,12,2002-04-17,7711 Fair Oaks Ave,702,CLSD,"Anonymous tip, callback 214-555-3452, said they saw a dark sedan; possibly linked to CC-82626"
cc-17411,"PAYNE, A",M,32,1993-04-13,5886 SINGLETON BLVD,717,Open,possibly linked to CC-21765
CC-54115,"  ROBINSON, P ",M,62,"August 14, 2020",2525 Lancaster Rd,beat 315,CLOSED,
CC-77870,"Price, D",Male,26,2005-09-11,5592 Lake June Rd,412,OPEN,Witness can be reached at 214-555-7879
 CC-59607 ,"  WHITE, D ",M,27,2011-07-07,8627 Buckner Blvd,529,OPEN,cb: 214.555.0623
 CC-91226 ,"LONG, J",M, 32 ,1994-07-20,3930 WEBB CHAPEL RD,beat 303,CLOSED,
CC37334,"NAVARRO, J",female,20,"October 1, 1985",3301 Fair Oaks Ave,750,CLOSED,"Tip line call, caller hung up"
CC-21201,"Reyes, M",M,38,1996-08-09,5462 Military Pkwy,438,CLOSED,
CC-83664,"GOMEZ, V",M,32,11/12/2015,6442 Westmoreland Rd,625,OPEN,Witness can be reached at (214) 555-8370
cc-75416,"Gomez, V",M,6,02/27/1990,1143 Singleton Blvd,153,CLOSED,"Neighbor reported shots, no name, no number"
 CC-37587 ,"MALONE, E",m,40,05/05/2008,5387 BUCKNER BLVD,beat 133,CLOSED,Witness can be reached at (214) 555-6608
CC-92746,"ROSS, V",F, 4 ,1991-11-27,8864 Singleton Blvd,420,CLOSED,"Anonymous tip, callback 214.555.9672, said they saw a dark sedan"
CC-85330,"baker, b",M,35,1988-12-17,1631 Bonnie View Rd,208,OPEN,"Neighbor reported shots, no name, no number"
CC-17014,"fuentes, k",M,49,12/18/2002,9293 Illinois Ave,150,CLEARED,Caller left callback (214) 555-3839
cc-28433,"ALVAREZ, W",M, 46 ,2014-03-08,6203 Buckner Blvd,410,closed,No callback number given
CC-61503,"TATE, E",M,46,"February 18, 2004",2866 HARRY HINES BLVD,beat 121,OPEN,No callback number given
cc-19228,"TORRES, L",M,22,"December 20, 1997",415 Lake June Rd,246,CLSD,cb: 214.555.0585; possibly linked to CC-23176
CC-28103,"LEWIS, A",M,26,1989-11-18,891 Singleton Blvd,741,CLOSED,"Anonymous tip, callback 214-555-7060, said they saw a dark sedan"
cc-50195,"REYES, A", M,45,"April 24, 1997",4406 Singleton Blvd,beat 526,CLOSED,possibly linked to CC-99101
 CC-50148 ,"MENDOZA, M",M,16,2022-10-01,7972 Royal Ln,B-216,CLOSED,cb: 214.555.0114
CC-25966,"SCOTT, E",M,29,01/20/1984,5749 LEDBETTER DR,B-216,Closed,Witness can be reached at 214.555.1066
CC-80236,"STEWART, P",M,31,2027-06-10,5773 Scyene Rd, 526 ,OPEN,possibly linked to CC-17558
CC-30057,"  RODRIGUEZ, F ",M,36,1999-12-25,9347 Bonnie View Rd,501,CLEARED,possibly linked to CC-84643
CC-43190,"woods, g",MALE,999,10/26/2024,4248 Military Pkwy,612,CLOSED,Caller left callback 214.555.9752
 CC-26285 ,"white, b",M,999,2003-08-10,3769 Royal Ln,beat 150,CLOSED,cb: 214.555.5973
   
CC-57262,"HARRIS, P",M,25,2017-06-11,382 Camp Wisdom Rd,,CLOSED,
CC-57776,"herrera, r",F,UNK,1992-06-14,2914 Kiest Blvd,438,CLOSED,Caller left callback 214.555.4504
CC-36156,"ADAMS, A",M, 10 ,10/29/2023,3634 Marsalis Ave,651,OPEN,No callback number given
cc-36709,"  MEDINA, S ",M,48,"October 21, 2018",686 Lancaster Rd,119,CLOSED,"Walk-in tip, declined to give contact"
CC-74623,"CHAVEZ, T",M,31,1992-05-06,6711 Bonnie View Rd,457,CLOSED,
CC-20296,"EDWARDS,  F",M,35,2023-04-27,5063 FERGUSON RD,B-242,CLOSED,"Anonymous tip, callback 214-555-3702, said they saw a dark sedan"
CC-89458,"Tucker, L", M,35,"September 10, 1994",7352 Jefferson Blvd,455,CLSD,Witness can be reached at 214-555-1574
CC 35994,"sanders, f",M,13,1986-04-29,201 Greenville Ave,750,CLOSED,"Anonymous tip, callback 214.555.5096, said they saw a dark sedan"
 CC-26355 ,"graham, l",M,38,03/18/1991,4221 Buckner Blvd,Beat 338,OPEN,"Anonymous tip, callback 214-555-7949, said they saw a dark sedan"
CC-12870,"LOPEZ, G",M,31,1996-09-12,1821 Military Pkwy,439,CLOSED,Caller left callback (214) 555-8184
CC-96796,"BRYANT, C",M,20,2004-12-22,6229 Camp Wisdom Rd,beat 335,Closed,"Tip line call, caller hung up"
CC-70452,"Ruiz, R",F,N/A,1990-06-03,3914 ROYAL LN,429,CLEARED,possibly linked to CC-58736
cc-72080,"PHILLIPS, R",M,51,2022-08-16,4995 Royal Ln,624,OPEN,"Neighbor reported shots, no name, no number"
CC-75326,"RICHARDSON, D",M,20,06/06/1981,4023 Greenville Ave,741,CLEARED,cb: 214.555.1225; possibly linked to CC-99126
CC-18776,"herrera, e",M,14,12/10/2001,9380 ILLINOIS AVE, 438 ,CLOSED,"Walk-in tip, declined to give contact"
CC-36502,"REYES, H",Male,23,2012-06-27,3632 Ledbetter Dr,630,CLOSED,Witness can be reached at 214-555-5525
cc-29274,"WILLIAMS,  S",Male,36,  ,8398 Lake June Rd,409,Closed,
CC-40693,"torres, g",M,0,2021-04-08,9681 Harry Hines Blvd,741,CLOSED,
CC-89556,"RAMIREZ, T",M,34,1991-01-15,8955 Harry Hines Blvd,410,CLOSED,Caller left callback 214.555.9347
CC-18112,"HUGHES, N",M,25,12/26/2025,8007 Elm St,412,Closed,Caller left callback 214.555.9731
CC-30180,"Garcia, H",Male,28,09/28/1994,848 BUCKNER BLVD, 420 ,OPN,"Walk-in tip, declined to give contact"
CC-83861,"  THOMAS, J ",F,50,"July 25, 1994",1829 Harry Hines Blvd,439,closed,
CC-86981,"  HAWKINS, J ",F,27,2000-01-04,9400 Lancaster Rd,beat 246,CLSD,Witness can be reached at 214-555-5075
CC-24171,"JACKSON, W",F,21,"February 23, 1990",8100 Fair Oaks Ave,326,OPEN,"Walk-in tip, declined to give contact"
CC41608,"DAVIS, K",F,38,1996-06-21,554 Westmoreland Rd,B-217,CLOSED,No callback number given
cc-62911,"MEDINA, C",female,20,2023-12-29,1244 Jefferson Blvd, 439 ,CLEARED,
CC-92299,"Mitchell, D",M,unknown,"September 12, 1998",3421 Larkmoor Ln,beat 630,OPEN,No callback number given
CC-37960,"RAMIREZ,  J",M,8,1989-10-07,8079 Marsalis Ave,153,CLOSED,"Walk-in tip, declined to give contact"
CC-66479,"Hawkins, B",M,26,8/20/1991,6116 Larkmoor Ln,B-335,CLSD,possibly linked to CC-70420
CC-29263,"JENKINS, N",F, 24 ,1990-08-06,9222 Buckner Blvd, 717 ,OPEN,Witness can be reached at 214-555-5226
CC-84762,"YOUNG, N",M,34,2015-07-16,2234 Bonnie View Rd, 717 ,CLOSED,"Anonymous tip, callback 214-555-1580, said they saw a dark sedan"
XX-69169,"DOUGLAS, N",M,35,08/24/2016,8002 Harry Hines Blvd,121,CLEARED,Caller left callback (214) 555-5802
CC-80976,"RUIZ, T",F,0,08/20/1999,9695 LANCASTER RD, 315 ,CLOSED,Caller left callback 214-555-5464; possibly linked to CC-67692
CC-53149,"MARTIN, J",M,40,2001-04-09,4487 GREENVILLE AVE,550,CLOSED,"Anonymous tip, callback 214.555.3609, said they saw a dark sedan"
CC-97149,"BRYANT, A",F,12,1995-01-28,7318 Scyene Rd,246,closed,"Tip line call, caller hung up"
cc-88886,"PEREZ,  D",female,22,07/02/2005,9502 Marsalis Ave,630,closed,Caller left callback (214) 555-5624
CC-96145,"MOORE, G",M,21,1/5/1987,1428 Military Pkwy,624,CLOSED,
CC22674,"EVANS, N",M,35,5/21/1994,5617 Bonnie View Rd,410,CLOSED,"Anonymous tip, callback 214-555-4855, said they saw a dark sedan"
CC-27544,"STEWART, S",m,30,08/27/1997,9450 Singleton Blvd,338,OPEN,cb: 214-555-3546
CC-12114,"GARNER, A",M,22,4/9/2020,5109 Illinois Ave, 612 ,OPEN,possibly linked to CC-23426
CC67829,"medina, w",U,20,07/29/1989,5545 Webb Chapel Rd,B-219,CLOSED,"Tip line call, caller hung up"
 CC-73517 ,"RUIZ,  G",M,30,2024-08-04,7848 Illinois Ave,121,OPEN,Caller left callback (214) 555-5598
cc-53452,"walker, j",M,19,"August 26, 1981",4221 LEDBETTER DR,326,CLOSED,No callback number given
CC-73374,"WILLIAMS, B", M,unknown,2019-01-12,938 Elm St,153,Closed,"Anonymous tip, callback 214.555.5490, said they saw a dark sedan"
CC-78376,"Rivera, N",M, 29 ,10/19/2009,2629 Lake June Rd,B-526,closed,cb: 214-555-6574
CC-79908,"MENDOZA,  C",M,42,09/09/1997,6450 Buckner Blvd,B-234,CLOSED,Witness can be reached at 214.555.9780
 CC-90708 ,"HOWARD, M",M,56,1988-03-01,4844 CAMP WISDOM RD,529,CLOSED,"Tip line call, caller hung up"
CC-96755,"JORDAN, W",M,24,2003-03-25,7632 Fair Oaks Ave,beat 157,CLEARED,"Anonymous tip, callback 214-555-6122, said they saw a dark sedan"
CC-65789,"  JOHNSON, G ",M, 52 ,"May 7, 1995",7206 Ledbetter Dr,B-629,CLEARED,Witness can be reached at 214-555-5935; possibly linked to CC-42812
CC-48495,"GIBSON, M",M,20,2000-10-04,9254 KIEST BLVD,624,CLOSED,"Neighbor reported shots, no name, no number"
CC-72229,"GARCIA, H",M,37,1995-05-25,7226 Lancaster Rd,501,OPEN,No callback number given
CC-83845,"PHILLIPS, R",M,5,08/11/2008,3299 Scyene Rd,219,open,Witness can be reached at (214) 555-2269
 CC-42986 ,"Richardson, S",m,unknown,1996-05-24,6803 Royal Ln,555,OPN,"Walk-in tip, declined to give contact"
cc-80581,"PHILLIPS, L",M,49,1991-12-30,9039 Ferguson Rd,750,OPEN,Witness can be reached at 214-555-4974; possibly linked to CC-17908
cc-28195,"  GOMEZ, H ",M,32,06/01/1982,6188 Marsalis Ave, 501 ,CLSD,"Walk-in tip, declined to give contact"
CC-31307,"Phillips, G",m,51,1987-05-30,9443 Kiest Blvd,717,CLOSED,"Tip line call, caller hung up"
CC-78889,"CRUZ, R",M,-1,2002-07-10,1626 Buckner Blvd,629,CLOSED,"Tip line call, caller hung up"
CC-52053,"Scott, R",M,42,2014-09-19,4480 Camp Wisdom Rd,439,OPEN,"Walk-in tip, declined to give contact"
CC-59195,"WARD, A",F,20,2017-05-25,5706 Harry Hines Blvd,555,OPEN,Caller left callback 214.555.2564
cc-79205,"CARTER, L",MALE,27,"September 25, 2014",9391 Scyene Rd,505,CLOSED,Caller left callback 214-555-3045; possibly linked to CC-60457
CC-16016,"GARCIA, A",M,29,"December 15, 2019",462 Scyene Rd,451,OPEN,
CC38934,"HERRERA, M",M,?,  ,9231 Jefferson Blvd,242,CLOSED,cb: (214) 555-1826
CC-30217,"THOMPSON, K",F,43,1989-05-27,5383 Webb Chapel Rd,529,CLOSED,"Anonymous tip, callback 214-555-2474, said they saw a dark sedan"
CC24111,"HAWKINS, L",M,9,2004-12-01,1027 Elm St,B-215,Closed,"Anonymous tip, callback 214.555.9185, said they saw a dark sedan"
CC-12214,"DAVIS, D",F,40,1983-09-09,730 Greenville Ave,409,CLOSED,cb: (214) 555-2863
CC-54626,"HAWKINS, V",F,19,"October 15, 1989",3716 Larkmoor Ln,beat 247,Closed,"Anonymous tip, callback 214-555-1617, said they saw a dark sedan"
CC39535,"howard, n",M, 42 ,1988-11-24,1918 Military Pkwy,451,CLOSED,No callback number given
CC54359,"Espinoza, T",M, 31 ,11/26/1993,3303 GREENVILLE AVE,550,CLOSED,No callback number given
CC-38039,"PAYNE, F",M,36,2023-01-25,7960 Greenville Ave,359,CLOSED,
CC-83322,"PERRY, R",M,37,1993-05-25,227 Camp Wisdom Rd,335,OPEN,No callback number given
CC 44485,"PARKER, N",F,N/A,09/18/2000,5742 Ledbetter Dr,625,Open,possibly linked to CC-27682
CC-81939,"  FORD, S ",M,51,1985-10-13,7248 Kiest Blvd,Beat 150,closed,"Neighbor reported shots, no name, no number"
CC-13128,"WRIGHT, F",F,18,"September 1, 2020",1612 Westmoreland Rd, 410 ,OPEN,Caller left callback (214) 555-3815; possibly linked to CC-63137
CC-73010,"price, w",F ,33,02/14/2006,5094 Larkmoor Ln,624,OPN,"Walk-in tip, declined to give contact"
CC-73851,"FIELDS, A",M,38,2015-12-04,7009 Harry Hines Blvd,724,Open,cb: (214) 555-3604
CC-15807,"Jenkins, N",F, 25 ,2021-10-02,6872 Jefferson Blvd,455,open,"Walk-in tip, declined to give contact"
cc-39623,"COLEMAN, P",M,10,"July 24, 1993",6271 SCYENE RD,625,CLOSED,"Walk-in tip, declined to give contact"
CC-71416,"FUENTES, S",M,28,02/08/2015,6681 Bonnie View Rd,754,CLOSED,"Tip line call, caller hung up"
CC-97444,"howard, p",M,42,11/11/2020,9756 Ferguson Rd,beat 553,OPEN,"Neighbor reported shots, no name, no number"
CC-16240,"Mccoy, F",F, 26 ,10/13/2021,8675 Illinois Ave,B-717,OPEN,"Anonymous tip, callback 214-555-2754, said they saw a dark sedan"
CC-81651,"NAVARRO, S",M,42,2013-07-01,5638 Scyene Rd,517,CLOSED,Caller left callback (214) 555-5506
cc-78798,"castillo, j",F,25,1984-08-07,6523 Illinois Ave,121,OPEN,"Anonymous tip, callback (214) 555-1207, said they saw a dark sedan"
CC-27271,"HERRERA, M", M,6,1986-11-03,3859 Buckner Blvd,303,CLOSED,"Anonymous tip, callback 214.555.8475, said they saw a dark sedan; possibly linked to CC-98670"
cc-27828,"MEDINA, G",M,36,1994-11-26,4753 Fair Oaks Ave,256,Open,No callback number given
CC-17558,"HENDERSON, W",M, 52 ,1990-09-11,6559 Larkmoor Ln,303,CLOSED,"Anonymous tip, callback (214) 555-8446, said they saw a dark sedan"
 CC-43918 ,"PORTER, E", M, 57 ,8/12/1997,5761 MILITARY PKWY,717, OPEN ,cb: 214-555-7074; possibly linked to CC-27465
CC-65093,"NAVARRO, E",M,23,02/07/2023,6250 Elm St, 215 ,closed,
CC-96669,"SCOTT, S",M,40,1987-07-17,9715 Larkmoor Ln,Beat 152,OPEN,Witness can be reached at 214-555-0743
CC-98308,"  RODRIGUEZ, J ",M,43,"May 17, 2012",4422 Ferguson Rd,457,OPEN,Witness can be reached at 214-555-9701
CC-53607,"Parker, A",M, 28 ,10/01/1987,642 Ledbetter Dr,152,Open,Caller left callback 214-555-0106
CC-95357,"Chavez, L",M,27,2018-02-18,3050 Illinois Ave,153,CLOSED,"Anonymous tip, callback 214-555-7348, said they saw a dark sedan"
CC-79253,"Norris, F",M,0,1990-08-31,8698 MARSALIS AVE,B-234,OPEN,cb: 214.555.1860; possibly linked to CC-30966
CC-70759,"YOUNG, F",M,28,11/28/2002,2752 Bonnie View Rd,624,OPEN,possibly linked to CC-34350
CC27167,"Lane, N",m,25,"November 6, 1987",8379 Harry Hines Blvd,521,CLOSED,
CC-93227,"SMITH, K",Male,30,1999-11-15,3987 Scyene Rd,451,CLOSED,"Anonymous tip, callback (214) 555-3851, said they saw a dark sedan; possibly linked to CC-93916"
CC-63571,"GIBSON, R",U,35,1991-08-11,2865 LEDBETTER DR,Beat 754,CLOSED,"Walk-in tip, declined to give contact"
CC38110,"  DIXON, E ",Male,13,10/28/2010,9150 Buckner Blvd,651,Closed,cb: 214.555.2827
 CC-60274 ,"ramirez, c",female, 29 ,1985-09-06,9256 Bonnie View Rd,430,CLOSED,"Walk-in tip, declined to give contact"
CC 42089,"RAMIREZ, B",F,27,09/15/1995,4309 Military Pkwy,B-526,closed,"Anonymous tip, callback (214) 555-9658, said they saw a dark sedan"
CC-32948,"hayes, d",M, 16 ,unknown,3494 Fair Oaks Ave,Beat 455,Closed,cb: 214-555-1759
 CC-21765 ,"SMITH, B",M,50,"April 24, 1993",7158 Marsalis Ave,256,OPEN,cb: (214) 555-6919
CC-26797,"  GARCIA, J ",M,27,"December 17, 2010",7210 Singleton Blvd,455,CLOSED,Witness can be reached at 214-555-4349
CC-47997,"ROSS, F",MALE,34,1996-05-12,809 Larkmoor Ln,Beat 234,closed,"Neighbor reported shots, no name, no number"
CC-75044,"  REYES, E ",M,17,"June 26, 2004",4891 Singleton Blvd,beat 630,CLOSED,cb: 214-555-1689
CC-13210,"THOMPSON, E",M,13,10/03/2020,7448 LEDBETTER DR,303,CLOSED,"Tip line call, caller hung up"
cc-39336,"ADAMS, B",F,30,05/17/1991,7473 Ferguson Rd, 242 ,CLEARED,
CC-84341,"COLLINS, G",M, 30 ,07/13/1989,872 Elm St,153,closed,possibly linked to CC-73496
CC-86812,"PAYNE, T",M,20,11/15/2003
CC-82925,"SIMS, E",MALE,41,2023-02-16,2681 Bonnie View Rd,B-152,closed,"Anonymous tip, callback 214.555.8368, said they saw a dark sedan"
CC-88734,"WHITE, K",Male,34,2010-12-05,6744 Camp Wisdom Rd,Beat 501,open,cb: 214-555-5421
CC-65644,"TATE, K",M, 30 ,"July 5, 2005",7884 Harry Hines Blvd,247,OPEN,Caller left callback 214.555.0711
CC-18996,"LEWIS, M",M,12,1983-09-28,5421 Royal Ln,beat 651
CC-23797,"OWENS, D",MALE,45,1994-12-01,8095 Ferguson Rd,717,CLOSED,"Anonymous tip, callback 214.555.4495, said they saw a dark sedan"
CC-14880,"HAYES,  K",M,33,2025-05-06,8858 HARRY HINES BLVD,B-152,CLOSED,cb: 214-555-3645
CC-96161,"johnson, d",U,50,1994-03-21,8553 Fair Oaks Ave, 457 ,OPEN,Caller left callback 214-555-4470
CC-29987,"Smith, D",female,40,"October 16, 1989",5715 Jefferson Blvd, 430 ,OPEN,Witness can be reached at (214) 555-9298
CC 25430,"WEBB, B",M,21,05/06/2025,3255 Royal Ln,,OPN,
CC-23851,"JAMES, M",M,23,03/22/1998,7430 Webb Chapel Rd,241,CLOSED,Witness can be reached at 214-555-0208; possibly linked to CC-58076
CC-43580,"  STEWART, S ",M,38,2022-11-17,1797 JEFFERSON BLVD,624,OPEN,Caller left callback 214.555.7251
CC-23384,"baker, b",M,11,1994-04-23,6162 Camp Wisdom Rd,242,OPEN,"Neighbor reported shots, no name, no number"
CC-82272,"ROSS, B",female,23,"March 27, 1992",2449 Lake June Rd,629,CLOSED,Witness can be reached at 214-555-0505
CC67199,"HERRERA, V",F,34,03/13/1999,4704 Fair Oaks Ave,157,CLOSED,"Walk-in tip, declined to give contact"
 CC-23652 ,"  WHITE, T ",Male,18,1997-04-30,1976 Greenville Ave,410,CLOSED,"Anonymous tip, callback 214-555-0350, said they saw a dark sedan"
CC-28047,"ORTIZ, E",Female,35,1989-06-17,7328 LARKMOOR LN,beat 741,OPEN,
CC-97630,"CRUZ, E",MALE,53,06/11/2018,3346 FAIR OAKS AVE,438,Closed,Caller left callback 214.555.1689
CC 55042,"NELSON, H",M,20,"March 20, 1987",3950 Illinois Ave,Beat 326,CLOSED,Witness can be reached at 214.555.5244
cc-59766,"tucker, j", M,33,03/02/1988,6842 Kiest Blvd,717,CLSD,
CC-29687,"CHAVEZ, A",m,17,"August 10, 1987",7289 Royal Ln, 521 ,CLOSED,cb: 214.555.9112; possibly linked to CC-33242
CC-26222,"  DAVIS, L ",M,29,2005-10-17,8107 HARRY HINES BLVD, 612 ,CLOSED,"Neighbor reported shots, no name, no number"
CC-56374,"WEBB,  V",M,28,2016-03-25,6659 Jefferson Blvd,410,closed,
CC-64491,"LONG, H",M,36,08/18/1983,5369 Military Pkwy,B-328,CLOSED,cb: 214.555.8330
CC-82453,"LEWIS, B",M,34,02/24/2019,8872 Lancaster Rd,429,OPEN,"Walk-in tip, declined to give contact"
CC-98329,"MENDOZA, T",F,12,1999-12-10,8099 LAKE JUNE RD,B-529,CLSD,No callback number given
 CC-12488 ,"williams, j",M,31,2021-02-07,7122 FAIR OAKS AVE, 121 ,Open,No callback number given
CC-15429,"Mccoy, R", M,30,1993-05-05,8873 Larkmoor Ln, 315 ,open,"Anonymous tip, callback (214) 555-2144, said they saw a dark sedan; possibly linked to CC-21520"
cc-57046,"MARTIN, J",MALE,41,"October 24, 2001",8553 BONNIE VIEW RD,612,OPEN,"Tip line call, caller hung up"
CC-48224,"HUGHES, P",M, 29 ,01/31/1983,1400 Ferguson Rd,B-217,CLOSED,"Tip line call, caller hung up"
CC-95989,"CRUZ, K",F, 40 ,1999-02-02,6585 Royal Ln,553,Closed,No callback number given
CC-35812,"  HENDERSON, K ",MALE,37,04/04/1998,5860 Scyene Rd,B-754,CLEARED,"Anonymous tip, callback (214) 555-5491, said they saw a dark sedan"
CC-59923,"DIXON,  A",M,50,12/1/2020,6189 ILLINOIS AVE,326,closed,Caller left callback 214.555.4876; possibly linked to CC-80648
 CC-85628 ,"BAKER, F",M,19,12/14/2003,2362 Scyene Rd,246,Open,"Neighbor reported shots, no name, no number"
cc-53499,"white, n",F ,37,1993-07-20,4063 Elm St, 526 ,closed,Caller left callback 214-555-7602
CC-11094,"  TRAMMELL, F ",M,17,2017-10-22,7911 JEFFERSON BLVD,409,CLOSED,Witness can be reached at 214-555-3479
CC-80047,"MARTINEZ, A",M,33,2020-08-08,5965 Lancaster Rd,242,closed,Caller left callback 214.555.2625; possibly linked to CC-95938
CC-31998,"SANCHEZ, E",,35,1990-01-27,7554 SCYENE RD, 521 ,CLOSED,Witness can be reached at 214.555.3415
CC-12041,"JAMES, E",m,32,"June 5, 2022",7997 BONNIE VIEW RD,702,open,possibly linked to CC-15938
CC-21688,"NGUYEN, M",M,17,06/06/1989,6693 Greenville Ave,702,Closed,Witness can be reached at 214-555-0347
CC-84944,"Martin, H",m,21,2024-12-01,1155 Ledbetter Dr,Beat 550,OPEN,Caller left callback 214.555.4009; possibly linked to CC-35554
CC-28448,"EDWARDS, C",m, 45 ,2009-02-07,5317 MILITARY PKWY,B-420, OPEN ,
CC-77519,"Jackson, N",M,-1,"March 15, 2001",396 BONNIE VIEW RD,630,CLOSED,"Walk-in tip, declined to give contact"
cc-82223,"LOPEZ, W",MALE,35,1987-07-09,7504 Royal Ln,517,Open,No callback number given
CC-52910,"ALVAREZ, A",M,46,2024-07-22,4661 Fair Oaks Ave,303,CLOSED,"Walk-in tip, declined to give contact"
CC-53413,"delgado, b",F,29,2011-11-30,3635 ROYAL LN, 451 ,OPEN,Witness can be reached at 214-555-8811
CC-34606,"PEREZ, D",U,50,10/29/1989,8992 Camp Wisdom Rd,Beat 438,CLOSED,
CC-72174,"PERRY, T",M,38,2024-12-18,787 Buckner Blvd,beat 354,CLOSED,Caller left callback (214) 555-6952
CC-83124,"  PRUITT, W ",M,34,08/14/1995,881 Kiest Blvd,121, OPEN ,"Tip line call, caller hung up"
CC-65112,"Bell, W",Male,39,2015-10-06,6878 Webb Chapel Rd, 750 ,closed,Witness can be reached at (214) 555-9789; possibly linked to CC-30329
CASE?,"DAVIS,  T",M,40,"August 4, 2012",4645 Westmoreland Rd,629,Closed,Caller left callback (214) 555-5907
CC-52047,"Pruitt, F",female,50,2/5/2007,3285 Ferguson Rd,553,Open,"Neighbor reported shots, no name, no number"
CC-46508,"BROOKS, L",M, 46 ,02/07/2011,4163 Royal Ln,359,OPN,"Tip line call, caller hung up"
 CC-44341 ,"COLEMAN, A",F,50,1990-11-15,1510 Buckner Blvd,702,CLOSED,
 CC-79939 ,"SIMS,  R",M,33,2006-08-24,1087 Ferguson Rd,315,OPEN,"Neighbor reported shots, no name, no number"
CC-78080,"Morales, F",M,58,2004-02-20,142 Jefferson Blvd, 438 ,CLOSED,cb: 214.555.6517
CC-87420,"FIELDS, K",M, 32 ,10/19/1998,1764 Scyene Rd,451,OPEN,No callback number given
CC-84276,"NORRIS, M",M,43,05/29/1998,5106 Fair Oaks Ave,457,CLOSED,
 CC-38892 ,"  PATTERSON, B ",m,40,4/24/2000,3323 BONNIE VIEW RD,338,OPEN,Caller left callback 214-555-7333
CC-94017,"WASHINGTON, D", M,0,"March 24, 1990",5371 Ledbetter Dr,,CLOSED,Witness can be reached at 214.555.2247
CC-98030,"rivera, w",M,29,05/29/1988,6616 Marsalis Ave,717, OPEN ,
cc-13868,"TURNER, T",M, 21 ,1989-02-10,8688 Camp Wisdom Rd,beat 256,CLOSED,
CC-38297,"PEREZ, K",M,17,1989-10-08,877 Webb Chapel Rd,Beat 750,OPEN,"Walk-in tip, declined to give contact"
CC64599,"Richardson, R",F , 28 ,2001-09-23,8764 Ledbetter Dr,beat 612,CLOSED,
CC-28382,"davis, k",F, 28 ,2024-09-21,888 Ferguson Rd,256,CLOSED,Witness can be reached at 214-555-8139
CC-81334,"Ramos, H",M,12,2013-02-23,7012 Military Pkwy,630,Closed,"Neighbor reported shots, no name, no number"
CC-24029,"HOWARD, N",M,46,12/22/2011,5836 Ledbetter Dr,B-354,CLOSED,No callback number given
CC-41623,"GARCIA, C",M,43,"May 19, 1985",5982 SINGLETON BLVD,550,CLOSED,cb: 214.555.6972
CC 56338,"WEBB, N",M,44,08/25/1981,885 Larkmoor Ln,246,CLOSED,"Anonymous tip, callback 214-555-3526, said they saw a dark sedan"
CC-35067,"Payne, K",m,17,2018-12-30,9254 Webb Chapel Rd,651,CLOSED,"Anonymous tip, callback 214.555.4419, said they saw a dark sedan"
CC-31601,"  RIVERA, P ",M, 23 ,10/09/1985,6372 Buckner Blvd
CC-41768,"Simmons, F",M, 23 ,2017-06-26,4156 Illinois Ave,216,CLOSED,cb: 214-555-4635
CC-36629,"Medina, E",M,29,3/22/1990,6195 LANCASTER RD, 216 ,CLOSED,cb: 214.555.2789
CC-80871,"  HERRERA, C ",M, 30 ,1990-10-21,9219 CAMP WISDOM RD, 519 ,CLOSED,Witness can be reached at 214.555.4613
 CC-58262 ,"  CALDWELL, N ",M,38,"June 22, 1991",4408 LANCASTER RD,beat 550,CLSD,"Anonymous tip, callback (214) 555-4008, said they saw a dark sedan"
CC-12364,"JACKSON, J",M,unknown,1989-08-31,7554 Jefferson Blvd,Beat 354,CLOSED,"Walk-in tip, declined to give contact"
CC-59550,"WHITE, G",Male, 38 ,2006-04-27,4952 Marsalis Ave,133,CLOSED,possibly linked to CC-45328
CC-56177,"DAVIS, T",M,32,1999-05-15,695 Lake June Rd,208,Closed,"Tip line call, caller hung up"
CC-12586,"coleman, b",M,27,1986-05-31,8490 Webb Chapel Rd,157,PENDING?,
CC-98573,"Espinoza, V", M,45,1994-10-12,786 Marsalis Ave,B-430,OPEN,Witness can be reached at 214.555.2674
CC36346,"Guerrero, S",F,19,"March 17, 2001",4601 KIEST BLVD,457,open,No callback number given
cc-87833,"BROOKS, F",M,38,2002-07-24,8044 Singleton Blvd,B-150,closed,"Walk-in tip, declined to give contact"
CC-46008,"NAVARRO, B",M,36,2009-11-04,5922 Lancaster Rd,338,Closed,"Walk-in tip, declined to give contact"
CC-94994,"HOLLAND, E",Male,26,1991-12-23,1346 Military Pkwy,Beat 717,CLOSED,Witness can be reached at 214-555-6966
CC-49024,"CARTER, D",M,39,1991-09-13,185 Royal Ln,521,CLOSED,Witness can be reached at 214.555.7099
CC35315,"TRAMMELL, G",M,28,1997-12-27,4371 MILITARY PKWY,519,OPEN,"Neighbor reported shots, no name, no number"
CC-44881,"DOUGLAS, V",Male,42,2018-07-15,9080 Westmoreland Rd,150,OPEN,"Tip line call, caller hung up"
CC-51321,"DOUGLAS, P",M,52,2025-06-17,1617 Harry Hines Blvd,208,OPEN,"Walk-in tip, declined to give contact"
CC-62814,"miller, k",M,36,2011-02-22,5262 Fair Oaks Ave,451, OPEN ,cb: (214) 555-2200
CC-65983,"THOMAS, M",F,37,1982-07-13,1853 Greenville Ave,550,OPEN,cb: (214) 555-0975
CC-69084,"ELLIS, H",Male,28,2003-03-10,8491 Royal Ln,529,CLSD,Witness can be reached at 214.555.4723
CC-11019,"brooks, l",M, 25 ,1993-08-28,5358 Webb Chapel Rd,629,OPN,Caller left callback (214) 555-0565
 CC-69920 ,"DOUGLAS, E", M,46,08/13/2013,2326 MILITARY PKWY,Beat 409,CLOSED,Witness can be reached at (214) 555-7741
CC29009,"ROBINSON,  B",M,23,2012-11-16,934 Military Pkwy,338,OPEN,"Walk-in tip, declined to give contact"
CC-78996,"  WATSON, B ",M, 33 ,"April 3, 2025",8579 Marsalis Ave,702,Open,Caller left callback 214.555.0132; possibly linked to CC-66310
CC-24347,"HUGHES, C",M,36,1989-04-13,9795 Military Pkwy, 359 ,Closed,
CC-89036,"  WEBB, P ",f,34,05/29/2021,1630 Harry Hines Blvd,241,OPEN,
CC-53570,"walker, r",M, 28 ,11/16/1988,5130 Camp Wisdom Rd,B-519,closed,"Anonymous tip, callback 214.555.6399, said they saw a dark sedan"
CC-64482,"Mendoza, J",MALE,32,06/17/2023,9150 Kiest Blvd,438,CLEARED,

CC-52701,"SANDERS, R",M,41,2016-05-10,8188 SINGLETON BLVD,246,OPEN,"Neighbor reported shots, no name, no number"
 CC-58092 ,"GARNER, P",M,43,1996-04-19,3334 ILLINOIS AVE,630,CLOSED,cb: 214.555.4964
 CC-97691 ,"Webb, P",F, 25 ,1997-05-12,5920 Singleton Blvd,B-121,Open,"Walk-in tip, declined to give contact"
CC-21167,"  GREEN, D ",F, 44 ,1989-07-11,3668 Lancaster Rd,119,CLEARED,"Walk-in tip, declined to give contact"
CC43888,"MENDOZA, V",m,47,1995-11-22,827 Ledbetter Dr,625,OPEN,cb: 214-555-4822
CC-35173,"Gibson, L",M, 39 ,"June 30, 2022",211 Scyene Rd,612, OPEN ,No callback number given
CC-12461,"MITCHELL, D",M,44,2016-02-19,9254 Lake June Rd,219,OPN,"Anonymous tip, callback 214-555-0615, said they saw a dark sedan"
CC-70307,"PATTERSON, N",M,45,2005-04-04,2923 Greenville Ave,119,closed,Caller left callback 214-555-6970; possibly linked to CC-79095
CC45070,"DOUGLAS, F",f,17,1986-05-08,7089 Military Pkwy,beat 133,CLOSED,cb: (214) 555-7658
CC-16352,"  RAMOS, D ",M,45,1982-05-18,7929 Ledbetter Dr,Beat 438,OPEN,No callback number given
CC-57901,"FORD, D",f,34,"December 9, 2022",4230 Royal Ln,beat 208,OPEN,Witness can be reached at 214.555.7224
CC-97974,"  SMITH, W ",m,41,04/28/1983,2984 WESTMORELAND RD,157,CLOSED,"Anonymous tip, callback (214) 555-2111, said they saw a dark sedan"
CC-50571,"  MOORE, G ",M,74,5/27/1985,4930 Jefferson Blvd,409,closed,"Anonymous tip, callback 214.555.1330, said they saw a dark sedan"
CC-89176,"GUERRERO, L",M,35,2000-03-04,6184 LAKE JUNE RD,521,OPEN,"Neighbor reported shots, no name, no number"
CC-72557,"Ward, N",female,33,1992-08-24,7456 Bonnie View Rd,beat 234,closed,cb: (214) 555-3462
 CC-52185 ,"Harris, V",M,31,2004-11-16,7633 Lancaster Rd,B-410,CLSD,possibly linked to CC-57038
CC-76031,"RODRIGUEZ, D",M,37,1983-09-24,2116 Lake June Rd,241,Closed,"Walk-in tip, declined to give contact"
CC-59738,"vargas, f",U,35,"April 19, 1994",653 Singleton Blvd,Beat 438,CLEARED,Caller left callback 214-555-3903
CC-78333,"MORALES,  G",M,33,1985-03-13,276 Ferguson Rd,Beat 553,CLOSED,Caller left callback 214-555-6346
cc-31241,"CASTILLO, A",M, 47 ,09/23/1999,7603 Harry Hines Blvd,Beat 133,Open,No callback number given
CC-54683,"  SCOTT, V ",M,45,1999-03-23,8602 CAMP WISDOM RD,beat 354,Closed,Witness can be reached at 214.555.0512
CC-94282,"ORTIZ, S",F,17,2010-04-04,7599 BUCKNER BLVD,beat 451,CLOSED,
CC-74326,"COLEMAN, R",M,3,,7138 Elm St,451,CLOSED,possibly linked to CC-30342
CC-37426,"morales, l",M,5,12/23/2024,689 Marsalis Ave,beat 412,CLOSED,cb: (214) 555-3761
CC16477,"HENDERSON, H",M,64,10/24/1995,9942 Buckner Blvd,315,CLSD,possibly linked to CC-20269
CC-11205,"PEREZ, P",M,18,03/13/2003,9905 Fair Oaks Ave,beat 241,closed,
CC-94287,"osei, j",F,999,2004-10-26,4346 Elm St,750,Open,
CC-89437,"COLEMAN, G",M,62,"March 13, 1988",8854 Buckner Blvd,B-526,CLOSED,Caller left callback 214-555-6775; possibly linked to CC-76887
cc-40689,"Guerrero, K",M,19,1990-01-23,3398 Jefferson Blvd,Beat 529,Closed,"Tip line call, caller hung up"
CC-48640,"WRIGHT, G",F,50,1994-01-11,5118 Singleton Blvd,beat 455,Closed,"Tip line call, caller hung up"
CC-78818,"garcia, n",M,45,2013-11-21,4841 Bonnie View Rd,,CLOSED,"Neighbor reported shots, no name, no number"
CC-18743,"MOORE, J",M,43,02/04/2016,5735 ELM ST,256,CLSD,cb: (214) 555-1909
CC-42665,"PRUITT, T",M,24,2010-04-04,5080 Ledbetter Dr,beat 121,CLOSED,"Tip line call, caller hung up"
cc-50282,"wilson, j",m, 28 ,"November 30, 2012",6344 Camp Wisdom Rd,457,OPEN,
CC-48678,"  REYES, K ",M,24,2017-12-13,8465 Scyene Rd,,OPEN,Caller left callback (214) 555-2630
CC-26163,"BROOKS, J",M,27,1988-07-23,469 ROYAL LN,741,closed,possibly linked to CC-83956
CC-75013,"Trammell, H",F,37,2022-02-24,3648 Ferguson Rd,420, OPEN ,"Walk-in tip, declined to give contact"
CC-77625,"RAMIREZ, A",M, 49 ,2020-08-23,8255 JEFFERSON BLVD,119, OPEN ,No callback number given
CC-74846,"WALKER, B",M,0,2010-07-29,411 Scyene Rd, 451 ,CLOSED,Witness can be reached at (214) 555-5140
 CC-71158 ,"Garner, T",F,34,1997-12-12,4196 Buckner Blvd, 519 ,CLEARED,"Anonymous tip, callback 214-555-2072, said they saw a dark sedan"
cc-27072,"norris, d",M,10,2023-10-23,9845 Larkmoor Ln,beat 133,Closed,Caller left callback 214.555.2742
CC-23250,"MCCOY, D",M,15,01/08/1992,4042 Buckner Blvd,121,closed,"Tip line call, caller hung up"
XX-43973,"MITCHELL, D",M,42,2019-08-28,3921 MARSALIS AVE,505,OPEN,"Tip line call, caller hung up"
CC-87100,"Mendoza, P",F,32,"September 20, 1992",8380 Greenville Ave,501,closed,"Tip line call, caller hung up"
CC-76462,"SANCHEZ, V",M,34,1994-11-26,8632 FERGUSON RD,409,OPEN,Caller left callback 214.555.0782
CC-48839,"DIXON, C",M,56,2023-02-15,4304 Scyene Rd,713,CLOSED,"Tip line call, caller hung up"
CC-98424,"EVANS, V",m,38,07/13/2008,7938 Westmoreland Rd,724,Closed,"Anonymous tip, callback 214-555-5906, said they saw a dark sedan"
cc-81865,"GREEN, T",M,42,1991-09-06,1445 BUCKNER BLVD,Beat 418,CLOSED,Caller left callback 214.555.7677; possibly linked to CC-65816
cc-32636,"PORTER, T",F,23,03/15/1995,4542 Lancaster Rd,430,OPEN,"Anonymous tip, callback 214.555.5708, said they saw a dark sedan"
cc-11915,"MCCOY, A",M,19,1982-12-04,1205 Ledbetter Dr,beat 246,CLOSED,cb: (214) 555-1867
CC-82598,"SPENCER, E", M,31,2017-02-13,1420 Ledbetter Dr,B-624,CLOSED,cb: (214) 555-9357
CC-38984,"  WILSON, B ",Female,26,1994-01-07,1529 Camp Wisdom Rd,517,open,
CC-11163,"turner, s",M,23,6/8/2010,2727 Harry Hines Blvd,713,CLOSED,Witness can be reached at 214.555.5152; possibly linked to CC-88154
CC23934,"BELL, G",M,20,6/7/2004,8171 Marsalis Ave,717,CLEARED,No callback number given
 CC-78882 ,"SIMS, M",M,55,"May 21, 2016",6561 Ferguson Rd,521,CLOSED,"Tip line call, caller hung up"
cc-62812,"CALDWELL, A",M,16,1982-09-23,9635 Westmoreland Rd,624,CLOSED,cb: 214.555.3639
CC 23886,"WRIGHT, P",m,42,10/30/1990,639 Singleton Blvd,629,OPEN,"Walk-in tip, declined to give contact"
 CC-12648 ,"HALL,  L",M,46,11/12/1994,2942 Singleton Blvd, 410 ,CLOSED,cb: 214.555.2011
CC-54874,"MALONE, D",M,31,2017-07-21,9816 Fair Oaks Ave,256,CLEARED,Caller left callback 214-555-3367
CC 58933,"Gomez, P",M,30,12/13/1995,388 Ferguson Rd,631,CLOSED,"Tip line call, caller hung up"
CC-18414,"GRAHAM, T",m,31,2007-11-05,8032 FERGUSON RD,202,OPEN,Witness can be reached at 214-555-6449
CC-31275,"WILSON, T",M,6,2010-07-13,2975 Fair Oaks Ave,Beat 555,Open,No callback number given
CC-38196,"ortiz, n",M,16,2004-06-15,4374 GREENVILLE AVE, 409 ,CLOSED,"Walk-in tip, declined to give contact"
cc-52664,"howard, g",M,38,09/24/2005,1577 Marsalis Ave,624,CLOSED,
cc-16200,"  FLORES, C ",M,44,2011-04-16,494 Ledbetter Dr,Beat 741,OPEN,Caller left callback 214-555-0388
CC-92739,"NORRIS, R",M,28,2004-09-22,1752 Westmoreland Rd,717,CLEARED,cb: 214-555-8313
CC-55403,"HUGHES, F",M,44,"May 25, 2017",420 Buckner Blvd,beat 420,OPEN,"Anonymous tip, callback (214) 555-9830, said they saw a dark sedan"
CC-93090,"ORTIZ, G",f,18,4/28/1986,2139 Elm St, 121 ,closed,Witness can be reached at 214.555.1093
CC-94613,"thompson, s",M,31,2025-12-21,993 Royal Ln,beat 717,OPEN,cb: 214.555.2191
CC-48420,"TATE, E",M,11,1997-02-25,2698 BONNIE VIEW RD, 455 ,CLSD,"Anonymous tip, callback 214.555.6930, said they saw a dark sedan"
CC-82698,"Ford, P",MALE, 51 ,1994-08-30,6000 JEFFERSON BLVD,216,OPEN,"Tip line call, caller hung up"
 CC-87038 ,"CRUZ, S",M,23,06/23/2018,5969 Westmoreland Rd,beat 328,closed,"Neighbor reported shots, no name, no number"
CC-95900,"TRAMMELL, G",F,17,2011-03-25,1533 Ledbetter Dr,beat 651,CLOSED,Witness can be reached at 214-555-8701
 CC-66173 ,"MARTIN, L",M,39,2008-09-30,9866 Jefferson Blvd,553,CLOSED,cb: 214-555-7314
CC-85719,"  TURNER, L ",M,1,02/29/2000,7741 Westmoreland Rd,B-354,open,cb: (214) 555-1234
CC-90130,"REYES, B",m,7,"April 9, 2005",5965 ROYAL LN,Beat 338,closed,"Anonymous tip, callback 214.555.6056, said they saw a dark sedan"
cc-99126,"MILLER, N",M,13,08/28/2000,6682 Illinois Ave,B-121,CLOSED,"Tip line call, caller hung up"
CC-84616,"THOMPSON, D",m,10,2024-10-29,1352 MILITARY PKWY,553,CLEARED,
cc-92511,"DOUGLAS, J",F ,57,2005-08-10,6412 Singleton Blvd,410,Open,cb: 214.555.8093; possibly linked to CC-34290
CC-28296,"BANKS,  K",m,37,2017-01-22,109 Webb Chapel Rd,133,closed,Caller left callback (214) 555-9047
CC-80596,"MARTIN, V",M, 25 ,"March 4, 2023",2856 Harry Hines Blvd,451,OPEN,"Anonymous tip, callback 214-555-0398, said they saw a dark sedan"
CC-48583,"  SPENCER, F ",M,18,2014-05-20,1445 Westmoreland Rd,B-651,OPEN,"Anonymous tip, callback 214.555.0053, said they saw a dark sedan; possibly linked to CC-31937"
 CC-95938 ,"TURNER,  C",MALE,22,1999-09-23,9172 Lake June Rd,150,OPEN,"Tip line call, caller hung up"
CC-33831,"watson, n",M,29,2020-05-01,1101 Fair Oaks Ave,Beat 256,OPEN,
CC71218,"JORDAN, M",M,40,1996-05-12,5240 Scyene Rd,133,CLOSED,"Anonymous tip, callback 214-555-5280, said they saw a dark sedan"
CC45859,"PATTERSON, T",M,42,1995-10-05,404 LARKMOOR LN,219,CLOSED,Caller left callback 214-555-4833
cc-45328,"MITCHELL, V",M, 18 ,"January 12, 1981",7738 Buckner Blvd, 410 ,CLOSED,"Anonymous tip, callback 214.555.8135, said they saw a dark sedan"
CC-86223,"PARKER, S",F, 44 ,2010-08-10,8584 Royal Ln,beat 247,OPEN,possibly linked to CC-42221
CC-82558,"HOWARD, L",F,42,"April 11, 1992",6234 Lancaster Rd,455,OPEN,No callback number given
CC-60714,"HOLLAND, K",M,40,1985-07-24,9293 Ledbetter Dr,208,OPEN,
CC36501,"MOORE, H",f,36,2004-01-08,3167 Military Pkwy,beat 429,CLOSED,possibly linked to CC-94975
CC-62165,"Banks, M",M,15,"September 3, 1999",8309 Camp Wisdom Rd,Beat 247,CLEARED,cb: (214) 555-0120
CC-98530,"GREEN, J",M,44,1987-12-15,3369 Singleton Blvd,242,CLOSED,"Tip line call, caller hung up"
CC-23464,"wright, t",female,27,2020-06-30,4223 Jefferson Blvd,B-335,OPEN,Witness can be reached at 214.555.1515
CC-61533,"MARTIN, B",U,44,2005-11-29,3646 Lancaster Rd,451,OPN,
CC-61615,"WILLIAMS, R",F,20,1989-01-04,7168 Larkmoor Ln
CC-94636,"ortiz, k",M,30,"July 10, 1992",8510 Buckner Blvd,Beat 247,OPN,"Walk-in tip, declined to give contact"
CC34679,"castillo, f",M,31,07/18/2020,2904 Harry Hines Blvd,505,open,"Walk-in tip, declined to give contact"
CC-59501,"  ELLIS, J ",F,43,1993-12-10,5541 ELM ST, 629 ,CLOSED,Caller left callback 214.555.1706; possibly linked to CC-29725
CC-96194,"THOMPSON, M",, 36 ,2019-12-17,867 Scyene Rd,202,OPEN,"Anonymous tip, callback (214) 555-3669, said they saw a dark sedan"
cc-98701,"EVANS, F",M,49,10/25/1995,3592 Lancaster Rd,Beat 553,CLOSED,Caller left callback 214-555-4293
CC-57908,"delgado, v",M,31,2004-05-22,4005 SINGLETON BLVD,750,OPEN,
 CC-51282 ,"  COLEMAN, D ",M,44,11/10/2016,5564 WEBB CHAPEL RD,Beat 724,OPEN,
CC-45043,"NGUYEN,  A",M,30,1990-08-19,9895 Larkmoor Ln,750,CLOSED,"Tip line call, caller hung up"
CC-84294,"BAKER,  R",M,49,2/19/2022,2924 Military Pkwy,219,CLOSED,
CC-31886,"BRYANT, N",F,43,2018-04-14,6138 JEFFERSON BLVD,B-420,OPEN,No callback number given
CC-68300,"TORRES,  B",M,9,2010-01-03,8534 Jefferson Blvd,501,CLOSED,Witness can be reached at (214) 555-4028
CC-63237,"CALDWELL, K",m,33,"November 15, 2022",4585 Illinois Ave, 754 ,CLOSED,"Anonymous tip, callback (214) 555-7375, said they saw a dark sedan"
cc-83335,"BOOKER, L",M, 37 ,1998-12-26,2414 Lancaster Rd,553,Closed,cb: 214-555-1618
CC78922,"ROBINSON, J",F,35,"April 2, 1981",5692 Ledbetter Dr,217,OPEN,Witness can be reached at 214.555.7056
CC-89917,"SANCHEZ, S", M,20,"May 28, 1993",8826 Ferguson Rd,beat 409,open,"Tip line call, caller hung up"
CC-18534,"NGUYEN, S",unk,30,2000-03-22,9214 Scyene Rd,624,OPEN,Caller left callback (214) 555-2924
CC-61651,"  LEWIS, K ", M,29,08/08/2009,6881 Webb Chapel Rd,217,open,"Anonymous tip, callback 214-555-9145, said they saw a dark sedan"
CC-67184,"SULLIVAN, F",M, 10 ,08/27/2019,6349 Royal Ln,Beat 119, OPEN ,Caller left callback 214-555-5446
CC-47300,"Holland, F",M, 48 ,2019-05-15,805 Westmoreland Rd,328, OPEN ,Caller left callback 214.555.0848
CC-25131,"  MCCOY, S ",F,31,"April 10, 2023",2061 Royal Ln,338,CLOSED,possibly linked to CC-46567
CC-95059,"Dixon, G",Male,30,"August 18, 1991",7539 Illinois Ave,717,CLEARED,cb: 214.555.5733
CC-86230,"JAMES, J",M,20,2022-06-02,6808 Buckner Blvd,550,OPEN,Witness can be reached at 214-555-4375
cc-45488,"CALDWELL, W",M,48,03/29/1990,8290 LAKE JUNE RD,517,open,possibly linked to CC-15310
CC-94911,"Henderson, H",MALE,31,8/5/2005,5791 BONNIE VIEW RD,241,Open,Caller left callback 214.555.0562; possibly linked to CC-26372
CC-51330,"Phillips, B",M,47,01/08/2014,6597 Scyene Rd,B-420,open,possibly linked to CC-78889
CC-22597,"SMITH, G",M, 27 ,1994-12-25,4165 LANCASTER RD,241,Open,
CC-14195,"Wallace, F",M,9,08/12/1982,4602 Lancaster Rd,beat 234,CLOSED,"Walk-in tip, declined to give contact"
 CC-55284 ,"RODRIGUEZ, G",F,28,1986-08-05,2974 Singleton Blvd,328,CLOSED,No callback number given
CC-77300,"Richardson, N",M,0,1989-06-16,7881 Lake June Rd,beat 741,CLSD,Caller left callback 214-555-0393; possibly linked to CC-67950
CC-36124,"  BRYANT, M ",F ,39,05/01/2008,6320 Scyene Rd,420, OPEN ,possibly linked to CC-46442
CC-18531,"PATTERSON, W",F,16,1981-07-15,8302 Ferguson Rd,246,CLOSED,
 CC-32435 ,"torres, e",M,6,1986-06-27,9369 Buckner Blvd,256,CLOSED,
CC-65785,"WRIGHT, C",M,10,2019-11-21,9925 Lake June Rd,328,CLSD,cb: (214) 555-0441; possibly linked to CC-12648
CC-15194,"  SPENCER, A ", M,42,"June 25, 1992",6533 Fair Oaks Ave,629,Open,cb: (214) 555-2531
CC-34054,"  PRICE, H ",U,30,2013-01-31,6582 JEFFERSON BLVD, 630 ,CLOSED,"Anonymous tip, callback 214.555.5478, said they saw a dark sedan"
CC-84396,"SULLIVAN, L",M,24,"March 19, 1993",6440 Military Pkwy,150,CLOSED,
CC-70227,"PRICE, F", M,19,01/24/1998,1807 Larkmoor Ln,354,CLOSED,Witness can be reached at 214-555-6840; possibly linked to CC-55063
CC-46466,"Watson, V",M,37,1986-01-27,5092 Marsalis Ave,429,CLOSED,cb: 214.555.4973
CC-44694,"Martinez, K",m,11,03/02/1991,1007 GREENVILLE AVE,beat 256,CLOSED,Witness can be reached at (214) 555-3553; possibly linked to CC-41692
CC-43085,"GIBSON, L",Male,28,"December 26, 1987",3174 Fair Oaks Ave,359,OPN,Caller left callback 214-555-4449
CC 14844,"robinson, a",M,46,1992-04-21,358 Elm St,409,CLOSED,
CC-69392,"DIXON, A",M,18,2021-09-15,2548 Lake June Rd,Beat 501,CLOSED,"Neighbor reported shots, no name, no number"
CC-43776,"TUCKER, W",Male,18,9/7/2021,7747 HARRY HINES BLVD,438,CLSD,Witness can be reached at 214-555-0206
CC-45471,"RAMIREZ, A",m,30,05/02/2003,4250 Kiest Blvd,Beat 157,CLOSED,possibly linked to CC-76099
CC10742,"MURPHY, E",MALE,52,2000-02-04,3740 Camp Wisdom Rd, 439 ,closed,Caller left callback 214.555.7157
CC 71369,"HENDERSON, L",F,11,2023-06-03,8740 Camp Wisdom Rd,457,OPEN,possibly linked to CC-73577
CC-94992,"CALDWELL, J",Female,43,2019-10-24,4130 Kiest Blvd,529,Closed,Witness can be reached at (214) 555-5095
CC-56145,"CASTILLO, J",M,999,1994-06-03,8946 Jefferson Blvd,157,OPEN,Witness can be reached at 214.555.1745
CC-68971,"Price, G",M,45,8/3/2021,4780 Westmoreland Rd,335,OPEN,cb: 214-555-3195
CC-98947,"carter, k",F,24,3/4/1990,3674 LARKMOOR LN,beat 529,Closed,"Anonymous tip, callback (214) 555-6011, said they saw a dark sedan; possibly linked to CC-17945"
CC-50788,"smith, d",M,28,"April 9, 1988",8070 Singleton Blvd,328,CLOSED,Witness can be reached at 214-555-8130
cc-38457,"chavez, j",M,28,2019-07-18,440 Webb Chapel Rd,beat 526,CLOSED,Witness can be reached at 214.555.2485
CC-61619,"PHILLIPS, B",M,41,"September 18, 1990",7995 Westmoreland Rd,202,CLEARED,
CC-14069,"CARTER, A",F,20,2004-02-29,696 Military Pkwy,beat 625,Open,Witness can be reached at 214.555.0829; possibly linked to CC-14195
CC-97862,"STEWART, G",M,6,1989-05-14,6233 Webb Chapel Rd,208,CLOSED,
CC-16815,"NGUYEN, B",M,58,1990-10-05,4605 Larkmoor Ln,Beat 553,CLOSED,Witness can be reached at 214-555-8051
CC-12704,"TURNER,  M",Male,16,"July 14, 2022",3967 Kiest Blvd,457,CLSD,possibly linked to CC-19093
 CC-37085 ,"GOMEZ,  P",M,18,1993-07-16,8027 Bonnie View Rd,B-241,CLOSED,"Anonymous tip, callback 214.555.1027, said they saw a dark sedan"
CC 23148,"Lewis, W",M,32,2015-07-05,6625 Buckner Blvd,Beat 713,OPEN,Caller left callback 214.555.2539; possibly linked to CC-81682
cc-58797,"lane, d",M,11,2017-10-28,2533 Lake June Rd,246,OPEN,"Neighbor reported shots, no name, no number"
CC-94342,"WILLIAMS, V",m,0,2008-06-02,5531 Ledbetter Dr, 326 ,CLOSED,
CC-15157,"Lewis, N",M,21,2017-01-18,6095 Lake June Rd,Beat 412,OPEN,
CC-71036,"LEWIS, E",M,60,1989-04-20,9966 FERGUSON RD,beat 625,OPN,cb: (214) 555-6104
 CC-55420 ,"Douglas, N",M,28,2004-03-30,4955 Ledbetter Dr,133,CLOSED,Witness can be reached at 214-555-9594
CC-25438,"CASTILLO, M",M,39,1998-07-16,4236 KIEST BLVD,beat 121,open,Witness can be reached at 214-555-0431
 CC-89307 ,"MCCOY, E",M,30,"October 11, 2001",1046 Military Pkwy,202,CLOSED,
CC-27068,"Richardson, F",M, 52 ,2005-11-12,2775 Kiest Blvd,B-241, OPEN ,possibly linked to CC-93866
CC-95174,"navarro, p",M,21,1996-08-27,9435 Harry Hines Blvd,241, OPEN ,"Tip line call, caller hung up"
CC33309,"  NELSON, S ",Male,7,1987-08-11,354 Scyene Rd,750,CLSD,"Anonymous tip, callback 214.555.5695, said they saw a dark sedan"
 CC-67217 ,"MALONE, P",M,17,2/9/1983,5427 ROYAL LN,B-150,OPEN,"Walk-in tip, declined to give contact"
CC-90274,"Thomas, N",U,40,07/01/1989,4137 Marsalis Ave,629,CLEARED,cb: 214-555-7505
CC 99549,"LOPEZ, P",M, 36 ,"September 24, 2000",5734 Military Pkwy,B-328,Closed,"Anonymous tip, callback (214) 555-8241, said they saw a dark sedan"
CC-67781,"Delgado, H",M,46,"May 5, 2015",6373 Bonnie View Rd,153,CLSD,"Neighbor reported shots, no name, no number"
CC-12789,"  NGUYEN, N ", M,10,2025-03-07,6251 Illinois Ave,451,OPEN,
CC-23464,"wright, t",F,27,2020-06-30,4223 Jefferson Blvd,B-335,OPEN,Witness can be reached at 214.555.1515
CC-29626,"DIXON, T",,41,2005-06-02,7334 Larkmoor Ln,150,CLOSED,Caller left callback 214-555-7941
CC-16971,"  OKAFOR, C ",F,24,1996-01-01,3088 Jefferson Blvd,624,CLOSED,Caller left callback (214) 555-9157; possibly linked to CC-80742
CC-57098,"caldwell, k",M,31,1991-05-18,4558 LEDBETTER DR,359,Open,cb: (214) 555-2525
 CC-91557 ,"SIMS, K",M,23,"December 16, 1985",6806 Greenville Ave,335,OPEN,Caller left callback 214.555.1058; possibly linked to CC-74846
CC92286,"HOWARD, R", M,38,2017-09-22,1506 KIEST BLVD,717,Closed,"Walk-in tip, declined to give contact"
CC-11181,"WALLACE, R",M,34,1984-01-08,3836 Marsalis Ave,152,CLOSED,"Anonymous tip, callback 214-555-2586, said they saw a dark sedan"
CC-16513,"Woods, P",MALE,20,1986-04-12,2180 LARKMOOR LN,409,closed,No callback number given
CC-68256,"CHAVEZ, W",F,47,2011-01-25,9570 Larkmoor Ln,153,CLOSED,No callback number given
CC-36008,"LOPEZ, R", M, 39 ,"October 17, 2021",7357 Greenville Ave, 219 ,Open,"Neighbor reported shots, no name, no number"
cc-32356,"EVANS, W",F ,13,1/22/2024,4012 Larkmoor Ln,335,CLOSED,Witness can be reached at 214-555-7524; possibly linked to CC-87905
CC 88306,"PARKER, A",M,N/A,2019-09-08,6419 Singleton Blvd,B-455,OPEN,possibly linked to CC-87995
CC-77907,"ROSS, C",Male,45,2013-05-05,1049 Camp Wisdom Rd,beat 150,Closed,
CC50368,"WRIGHT, N",M,0,06/30/2015,2590 Buckner Blvd,429,Closed,cb: 214.555.3047
CC-81230,"Mendoza, R",M,28,"May 19, 2008",9036 Harry Hines Blvd,B-121,Open,
CC-18148,"Stewart, R", M,14,4/14/2021,5938 Fair Oaks Ave,410,CLOSED,"Neighbor reported shots, no name, no number"
CC-26034,"MORALES,  N", M,32,12/08/1985,9245 ELM ST, 457 ,CLOSED,Caller left callback 214-555-4470; possibly linked to CC-49229
CC-99777,"pruitt, c",M,29,1/20/1994,4665 KIEST BLVD,256,CLEARED,Witness can be reached at 214.555.2829
CC-45831,"  HAWKINS, H ",M,18,1995-12-01,5193 Jefferson Blvd,B-612,OPEN,cb: (214) 555-5296; possibly linked to CC-91075
CC-28527,"NELSON, K",MALE,23,"January 20, 2008",8995 Scyene Rd,beat 631,CLOSED,cb: (214) 555-2060; possibly linked to CC-72174
CC98630,"martinez, w",Male,49,"October 1, 1990",1083 Greenville Ave,354,CLOSED,Witness can be reached at 214-555-3354
 CC-43371 ,"gomez, t",M,36,1993-03-13,8651 Singleton Blvd,beat 246,CLOSED,"Neighbor reported shots, no name, no number"
CC-65146,"NGUYEN,  F",M,26,2007-06-09,842 Lake June Rd,338,CLEARED,"Anonymous tip, callback (214) 555-4696, said they saw a dark sedan"
CC-69237,"PARKER, C",M,41,09/28/2011,7955 Elm St, 724 ,Closed,"Anonymous tip, callback 214-555-8960, said they saw a dark sedan"
CC 99330,"ADAMS, G",M,35,3/21/2018,9240 Bonnie View Rd,beat 629,OPN,"Anonymous tip, callback 214.555.6488, said they saw a dark sedan"
CC-87905,"MALONE, C",M,26,2014-12-18,3037 MILITARY PKWY,152,CLEARED,"Neighbor reported shots, no name, no number"
 CC-24530 ,"JACKSON, B",M,24,5/21/2015,6669 Elm St,625,OPN,cb: (214) 555-0157
CC-43694,"HERRERA, B",M,33,1981-01-17,8265 Camp Wisdom Rd,208,CLEARED,Caller left callback (214) 555-3317
CC-46133,"ramos, s",f, 33 ,2022-09-13,2608 Ledbetter Dr,439,Open,
CC-73128,"MARTINEZ, G",M,-1,1993-09-02,9741 Military Pkwy,455,CLSD,"Anonymous tip, callback 214.555.5466, said they saw a dark sedan; possibly linked to CC-47460"
CC 13271,"ramirez, e",M, 59 ,"January 5, 2025",1112 Westmoreland Rd,208,open,"Walk-in tip, declined to give contact"
 CC-15767 ,"reed, g",M,44,2016-10-28,9035 Fair Oaks Ave,Beat 702,Closed,No callback number given
CC89586,"HOLLAND, V",M,51,1995-01-07,1169 FAIR OAKS AVE,359,CLOSED,Caller left callback (214) 555-2392
CC-83546,"FLORES, N",U,37,08/03/1991,1718 Royal Ln,B-550,closed,
cc-43205,"MCCOY, R",M,67,2007-12-27,2874 Scyene Rd,256,CLOSED,
CC-63285,"walker, r",F,26,5/11/2023,4967 Military Pkwy,B-133,CLOSED,
CC-88958,"lopez, m",Male,35,4/24/1992,9338 HARRY HINES BLVD,B-303,OPEN,
CC-89647,"OSEI, D",M,46,2011-01-30,1492 Scyene Rd,246,CLOSED,Caller left callback 214.555.4682
cc-77614,"SANDERS, R",M,10,1987-12-25,6072 Bonnie View Rd,354,Open,
CC94464,"sims, h",M,18,2011-12-23,8718 Military Pkwy,246,Closed,
CC-65817,"johnson, n",M,32,2018-08-22,8292 Singleton Blvd,B-409,Open,"Anonymous tip, callback 214.555.9606, said they saw a dark sedan"
CC-45678,"SCOTT, N",M,30,"November 13, 2015",9619 Marsalis Ave,beat 517,CLSD,No callback number given
CC-59914,"mendoza, f",M,25,2006-07-23,3438 Ferguson Rd,beat 133,OPEN,Caller left callback 214.555.9067
CC-21085,"PARKER, V",F , 37 ,08/23/1994,2496 MILITARY PKWY,216,Closed,"Tip line call, caller hung up"
CC-55137,"GIBSON, S",F, 33 ,08/25/1996,1635 Royal Ln,B-630,CLOSED,Caller left callback 214.555.1941
 CC-57208 ,"RODRIGUEZ, V",M,40,1992-01-11,9755 Scyene Rd,256,Open,Caller left callback 214.555.9197
CC-67637,"JENKINS, E",m,13,1987-12-16,9961 Lancaster Rd, 216 ,closed,"Tip line call, caller hung up"
CC-17745,"BOOKER, V",M,19,10/19/1995,6709 Ferguson Rd,724,CLOSED,
CC-33383,"Jordan, A",F,N/A,2025-11-05,2679 Jefferson Blvd, 624 ,CLSD,Caller left callback (214) 555-2204
CC-91768,"LEWIS, L",MALE,32,2019-02-16,4506 Westmoreland Rd,B-410,CLOSED,"Tip line call, caller hung up"
CC-64177,"LONG, K",F,24,2021-11-16,1610 Military Pkwy,625,OPEN,"Anonymous tip, callback 214.555.0442, said they saw a dark sedan; possibly linked to CC-90185"
CC-96605,"MILLER, E",M,20,1993-02-25,2911 Marsalis Ave,519,OPEN,"Neighbor reported shots, no name, no number"
CC-19489,"PAYNE, C",female,59,1989-11-04,2351 Elm St,234,CLOSED,No callback number given
CC48822,"king, c",F,58,5/2/1995,2536 Marsalis Ave,130,Closed,Witness can be reached at (214) 555-4389
CC-35987,"DOUGLAS, H",M,46,02/17/1992,8249 Singleton Blvd,119,CLOSED,"Anonymous tip, callback 214.555.4720, said they saw a dark sedan"
CC-39753,"marsh, l",Female,47,9/18/1990,5811 Webb Chapel Rd,B-202,OPN,No callback number given
CC40988,"TUCKER, T",,29,1992-10-27,9039 Webb Chapel Rd,724,closed,cb: (214) 555-3133
CC-48150,"booker, w",M,43,"November 24, 2022",1157 Bonnie View Rd, 326 ,OPEN,
cc-24347,"HUGHES, C",M,36,04/13/1989,9795 MILITARY PKWY, 359 ,Closed,"Neighbor reported shots, no name, no number"
CC-75808,"  MARTIN, D ",M,50,04/29/2023,3229 Lancaster Rd,Beat 439,OPN,cb: 214-555-9185
CC-10289,"  PARKER, C ",M,44,10/07/2005,7367 Lake June Rd,501,CLOSED,Caller left callback 214-555-6478; possibly linked to CC-52979
cc-67452,"THOMPSON, R",F,47,1982-10-30,354 Greenville Ave,beat 246,CLOSED,cb: 214.555.3586
CC-85510,"YOUNG, E",M,9,05/07/1993,1712 Ledbetter Dr,beat 625,CLOSED,
CC 58499,"PORTER,  E",female,33,1987-11-07,1261 Singleton Blvd,505,CLSD,"Neighbor reported shots, no name, no number"
CC 76675,"sullivan, l",F,49,"May 18, 2017",5565 Ledbetter Dr,,??,possibly linked to CC-72962
CC29271,"medina, f",M,23,1994-06-06,4471 Ferguson Rd, 651 ,CLOSED,"Anonymous tip, callback (214) 555-5035, said they saw a dark sedan"
CC22368,"  PORTER, G ",F,11,2024-11-26,6760 Elm St,Beat 354,CLOSED,Caller left callback 214.555.8437
CC-71967,"Marsh, A",M,68,08/20/2002,7503 Ledbetter Dr,303,OPEN,"Walk-in tip, declined to give contact"
 CC-17536 ,"TRAMMELL, G",F ,54,1997-05-19,7687 Ferguson Rd,Beat 429,Closed,cb: 214-555-9338
CC-58801,"FOSTER, B",M,10,1992-12-20,1867 Buckner Blvd,741,CLOSED,"Anonymous tip, callback 214-555-9635, said they saw a dark sedan"
CC-63674,"JACKSON, G",MALE,27,"July 23, 1985",6207 HARRY HINES BLVD,717,Closed,
CC-50495,"GIBSON, J",F,6,unknown,8592 Harry Hines Blvd,234,OPEN,Caller left callback 214-555-4495
CC-86517,"Flores, F",M,22,12/22/93x,9361 LEDBETTER DR,Beat 409,OPEN,"Anonymous tip, callback 214-555-2549, said they saw a dark sedan"
CC-32326,"Spencer, J",F,29,1998-04-18,5654 Kiest Blvd,beat 335,OPEN,
cc-37855,"white, b",F, 54 ,2015-02-18,8814 Marsalis Ave,717,open,
CC-45829,"MOORE, D",M,1,1993-01-07,7105 Greenville Ave,315,CLOSED,Caller left callback 214-555-2385
,"  HERRERA, W ",M,42,11/12/2011,3305 ROYAL LN,713,CLOSED,"Tip line call, caller hung up"
CC58752,"  SMITH, K ",Female,25,2005-12-02,9908 Ferguson Rd,354,OPEN,"Anonymous tip, callback (214) 555-0414, said they saw a dark sedan"
CC-32924,"OKAFOR, D",M,4,2014-02-19,3144 Buckner Blvd,Beat 247,closed,Witness can be reached at 214-555-9794
CC-30828,"Nguyen, S",M,19,"June 20, 1993",6941 Ferguson Rd,328,closed,Witness can be reached at 214-555-8068
cc-64652,"MENDOZA, P",M,10,2011-07-06,6457 Camp Wisdom Rd,152,Closed,
CC-84214,"fuentes, h",M,38,2006-10-18,8192 Fair Oaks Ave,439,CLOSED,cb: 214.555.1049; possibly linked to CC-84616
CC-24433,"WASHINGTON, S",Male,53,2010-08-03,3494 Fair Oaks Ave,519,CLSD,cb: 214.555.8112
CC 30384,"FORD, D",M,40,05/06/2021,145 Lancaster Rd,409,Open,
 CC-78850 ,"HUGHES, F",M,35,2000-12-04,6633 BUCKNER BLVD,beat 216,OPEN,"Walk-in tip, declined to give contact"
CC-55166,"GRANT, T",F,33,01/15/2000,3702 CAMP WISDOM RD, 412 ,CLOSED,Witness can be reached at 214-555-4956
CC-67298,"mitchell, g",M,55,03/28/1994,8189 HARRY HINES BLVD,153,CLOSED,cb: 214.555.8351
CC-94922,"COLEMAN, G",M, 39 ,2021-03-27,9241 GREENVILLE AVE,717,CLOSED,cb: 214.555.9324
CC-47498,"mccoy, g",M, 11 ,01/18/2006,7401 Ferguson Rd,121,closed,cb: 214-555-4240
CC-94123,"TUCKER, A",M,29,1997-10-30,914 Elm St,326,CLSD,possibly linked to CC-46133
CC-31520,"THOMPSON, B",m,43,1985-10-30,8057 Greenville Ave,457,CLOSED,Witness can be reached at (214) 555-5970
CC-84972,"robinson, g",M,38,"March 25, 1995",9511 Buckner Blvd,beat 631,closed,cb: 214-555-2455
CC-98672,"chavez, h",M,12,05/27/1991,4808 LANCASTER RD,216,closed,No callback number given
cc-99961,"GREEN, D",Male,29,1986-12-11,4038 Lancaster Rd,242,CLOSED,Witness can be reached at 214.555.3651; possibly linked to CC-84607
CC54907,"HENDERSON, H",M,24,"December 24, 2014",5600 Ferguson Rd,Beat 256,Open,
 CC-77240 ,"VARGAS, P",M,21,06/30/2000,1362 Lake June Rd,208,CLSD,cb: (214) 555-2812
 CC-51008 ,"OWENS, K",M, 18 ,1999-04-28,5529 Illinois Ave,Beat 338, OPEN ,Caller left callback 214.555.4733
CC 60772,"Hill, B", M,34,07/19/1995,7765 Illinois Ave,630,CLEARED,
CC-73531,"HOWARD, K",M,22,"May 9, 1999",619 Military Pkwy,B-521,OPEN,"Anonymous tip, callback 214.555.6417, said they saw a dark sedan"
CC-89996,"Davis, M",M,28,6/11/2022,7097 Lake June Rd, 208 ,open,cb: (214) 555-2974
CC-86984,"lane, j",F,24,2013-11-26,3455 Webb Chapel Rd,202,Open,"Walk-in tip, declined to give contact"
CC-15949,"bryant, m", M,32,2019-04-26,505 Jefferson Blvd, 521 ,OPEN,Caller left callback 214.555.3521
CC-86442,"GRANT, G",M,33,07/04/2012,3702 Marsalis Ave,Beat 455,Open,Caller left callback (214) 555-3007
 CC-27911 ,"LONG, H",M,33,1987-09-18,7748 Military Pkwy, 713 ,CLOSED,"Walk-in tip, declined to give contact"
CC-30830,"PARKER, H", M, 26 ,09/13/2003,5627 Elm St,750,CLOSED,Caller left callback (214) 555-1764; possibly linked to CC-20787
cc-24790,"COLEMAN, K",F,50,2006-09-02,2878 HARRY HINES BLVD,Beat 553,Closed,cb: (214) 555-1526; possibly linked to CC-71605
CC-47808,"FIELDS, E",F ,42,01/24/1981,6991 Elm St,517,open,
cc-99345,"GUERRERO, H",M,26,2000-12-12,5123 Lake June Rd, 157 ,CLOSED,No callback number given

 CC-62608 ,"  THOMAS, W ",F,28,2016-02-15,9159 Marsalis Ave,Beat 315,OPEN,possibly linked to CC-73349
CC-16319,"PHILLIPS,  C",Male,13,7/29/1996,7654 LANCASTER RD,Beat 335,Closed,cb: 214-555-9322; possibly linked to CC-60297
CC-25434,"  HAYES, R ",F,18,2020-06-07,5705 Scyene Rd,119,OPEN,No callback number given
CC-72894,"King, P",M,40,09/05/2010,8140 Elm St,beat 412,CLOSED,Witness can be reached at 214-555-4321
CC-25716,"MORALES, K",m,28,1998-12-26,9328 Camp Wisdom Rd,157,Open,"Tip line call, caller hung up"
CC 41621,"hayes, r",F,13,2019-08-06,3807 SINGLETON BLVD,119,Open,No callback number given
CC-94292,"LEWIS, D",M,29,"January 1, 2011",1012 Westmoreland Rd,B-438,open,"Walk-in tip, declined to give contact"
CC-59780,"WATSON, G",F,52,1986-10-02,5651 BUCKNER BLVD,beat 630,Closed,No callback number given
CC-41122,"BANKS, V",M,21,1998-02-11,7243 Ferguson Rd,216,CLOSED,
CC-31197,"DOUGLAS, R",M,25,05/12/1988,1510 Jefferson Blvd,517,CLOSED,"Tip line call, caller hung up"
CC-69029,"WASHINGTON, K",M,21,02/22/2017,8509 GREENVILLE AVE,beat 724,OPEN,"Anonymous tip, callback (214) 555-2755, said they saw a dark sedan"
CC-55993,"castillo, m",U,10,5/22/1994,339 MILITARY PKWY,beat 246,OPEN,possibly linked to CC-84972
CC-64820,"foster, n",M,43,2001-12-06,7731 Kiest Blvd,133,CLEARED,"Anonymous tip, callback 214-555-7742, said they saw a dark sedan"
CC 50935,"BROOKS, P",M,29,2016-08-17,9040 JEFFERSON BLVD,410,CLSD,"Walk-in tip, declined to give contact"
CC-89740,"DOUGLAS, H",F,24,"May 23, 2008",2855 Singleton Blvd,315,CLOSED,cb: 214.555.4793; possibly linked to CC-73500
CC60236,"  CASTILLO, D ",m, 33 ,"July 9, 1992",4762 Ferguson Rd,702,CLOSED,cb: 214.555.7574
CC-18022,"FLORES,  F",M, 15 ,2017-02-22,6145 SCYENE RD,beat 256,CLOSED,Witness can be reached at 214-555-3676
CC-44125,"  WRIGHT, H ",M,27,01/17/1987,1614 Scyene Rd,517,CLOSED,Witness can be reached at 214.555.8501
CC-26177,"EVANS,  C",F,37,3/16/2001,8689 MARSALIS AVE, 246 ,CLSD,Witness can be reached at 214-555-5398; possibly linked to CC-14352
cc-64303,"payne, s",M,35,7/22/1983,9210 FAIR OAKS AVE,152,CLSD,
CC-10185,"JOHNSON, W", M,14,1985-05-24,5141 Kiest Blvd,241,CLSD,Caller left callback (214) 555-6511; possibly linked to CC-44527
CC46547,"reyes, n",F,10,2014-03-28,2948 Illinois Ave, 505 ,CLOSED,Witness can be reached at 214-555-5669
CC-64311,"WRIGHT, C", M, 48 ,2003-02-23,3951 Lancaster Rd,Beat 152,OPN,Witness can be reached at 214-555-0207
CC13195,"  JENKINS, S ",m,21,9/19/1981,1056 WESTMORELAND RD,B-754,CLOSED,
CC-57960,"LEWIS, T",M,59,07/28/1985,2656 Scyene Rd,B-651,closed,"Tip line call, caller hung up"
CC-71026,"TORRES, A",M,29,2012-04-03,9462 ELM ST,Beat 157,closed,
CC-70904,"Hawkins, S",M,,01/31/1995,3207 Ledbetter Dr, 241 ,CLOSED,"Walk-in tip, declined to give contact"
CC-92456,"douglas, b", M,15,1991-10-28,3878 Marsalis Ave,328,OPEN,cb: (214) 555-3464
CC 97195,"FORD, F",m,37,02/07/2024,307 Buckner Blvd,354,OPEN,Witness can be reached at 214-555-2066
CC-92199,"HUGHES,  D",M,43,1983-08-02,4784 Kiest Blvd,328,open,"Anonymous tip, callback 214.555.7497, said they saw a dark sedan"
CC41668,"SPENCER, J",M,?,2016-06-18,4414 Fair Oaks Ave,631,OPN,"Neighbor reported shots, no name, no number"
CC-55615,"MARSH, J",M,33,12/14/2016,9611 Camp Wisdom Rd,724,closed,
CC-71329,"GARCIA, T",M,28,1987-06-25,8240 FAIR OAKS AVE,B-335,CLOSED,"Anonymous tip, callback 214-555-7074, said they saw a dark sedan; possibly linked to CC-32554"
cc-23410,"MALONE, A",M,0,"January 2, 2025",1108 Military Pkwy,741,Closed,"Anonymous tip, callback 214-555-8225, said they saw a dark sedan"
CC-33134,"BANKS, G",M,32,,1419 Singleton Blvd, 303 ,CLSD,Caller left callback (214) 555-1413
CC-50308,"lopez, w",M,36,06/16/1986,3362 Elm St,241,CLOSED,"Neighbor reported shots, no name, no number"
CC-69644,"Malone, R",M, 25 ,8/6/1992,2744 Singleton Blvd,455,CLOSED,"Walk-in tip, declined to give contact"
CC-15103,"smith, m",M,12,"May 28, 2020",3274 Singleton Blvd, 526 ,OPN,
CC-46185,"YOUNG, K",M,1,1991-11-13,125 Harry Hines Blvd,550,CLOSED,Caller left callback 214.555.5806
cc-74623,"CHAVEZ, T",M,31,1992-05-06,6711 Bonnie View Rd,457,CLOSED,"Neighbor reported shots, no name, no number"
CC-13527,"MITCHELL,  T",F,18,06/14/1996,4496 FERGUSON RD,B-451,OPEN,
CC-18532,"ROBINSON, J",M,9,09/15/2002,4670 Ledbetter Dr,,Closed,No callback number given
CC 53708,"navarro, c",M,19,1985-08-07,379 Bonnie View Rd,Beat 326,CLOSED,Witness can be reached at (214) 555-3592
CC-86652,"WHITE, P",M,42,1993-10-18,5768 ROYAL LN,713,CLEARED,Witness can be reached at 214.555.9779
CC-66464,"HILL,  T",F,44,1984-07-14,2046 Buckner Blvd,526,OPEN,possibly linked to CC-91304
CC-59677,"hawkins, e",M,44,"July 20, 2024",6241 Camp Wisdom Rd,354,CLEARED,"Anonymous tip, callback 214-555-2019, said they saw a dark sedan; possibly linked to CC-86223"
CC-15638,"PAYNE, E",MALE,44,1988-04-08,6158 FERGUSON RD,451,CLEARED,cb: 214.555.5612

CC79848,"Osei, W",M, 52 ,07/21/1990,5238 Camp Wisdom Rd,612,,possibly linked to CC-27189
CC-77544,"Jackson, S",F,12,"February 12, 2014",3132 Military Pkwy,beat 438,open,"Walk-in tip, declined to give contact"
CC-38249,"wilson, w",M,28,2000-01-13,2983 ILLINOIS AVE,451,OPEN,cb: 214-555-5109
CC-20736,"TUCKER, N",M,43,1998-10-12,4501 LAKE JUNE RD,624,OPEN,Caller left callback 214-555-1108
CC-67411,"JORDAN, M",F,23,5/20/2017,1730 Larkmoor Ln,326,CLOSED,"Anonymous tip, callback (214) 555-4717, said they saw a dark sedan; possibly linked to CC-42812"
CC-93984,"MITCHELL, G",M,14,2020-12-10,7504 Marsalis Ave,beat 202,OPEN,cb: 214.555.9612
 CC-27289 ,"king, a",m,43,1992-10-15,4501 BONNIE VIEW RD,,CLOSED,Caller left callback (214) 555-9572
cc-73997,"TUCKER, F",M,0,2008-11-11,3919 Illinois Ave,208,CLOSED,Caller left callback 214.555.3667
CC80989,"GOMEZ, B",M, 24 ,2004-05-31,175 Illinois Ave,B-553,OPEN,"Anonymous tip, callback 214.555.3290, said they saw a dark sedan"
CC-51828,"RAMIREZ, W",M,23,2019-02-20,9001 Harry Hines Blvd,beat 702,OPEN,"Tip line call, caller hung up"
CC 13825,"HUGHES, H",M,34,2012-03-16,317 Camp Wisdom Rd, 420 ,OPEN,
CC-27718,"NGUYEN, F",F,25,2008-04-05,552 Fair Oaks Ave, 430 ,CLOSED,No callback number given
CC-54521,"  SANCHEZ, V ",M,7,11/2/1982,7920 WEBB CHAPEL RD,133,CLOSED,Caller left callback 214-555-8570
CC 34129,"BANKS, P",M,5,1981-02-12,8075 Military Pkwy,429,OPEN,possibly linked to CC-21104
CC 62812,"CALDWELL, A",M,16,09/23/1982,9635 Westmoreland Rd,624,CLOSED,Caller left callback 214.555.3639
CC-58089,"PRUITT, J",Male,37,1991-12-25,2083 Singleton Blvd,Beat 550,Open,cb: 214.555.5404
CC-86753,"thomas, e",M,48,1989-03-04,8590 Webb Chapel Rd,529,CLOSED,"Anonymous tip, callback 214-555-1993, said they saw a dark sedan"
CC-16414,"MALONE, B",Male, 40 ,unknown,5702 MILITARY PKWY,130,CLEARED,cb: (214) 555-1779
CC-99983,"CASTILLO, M",M,14,9/20/1990,1322 Larkmoor Ln,215,closed,cb: 214-555-2859; possibly linked to CC-80989
CC47205,"  TURNER, C ",F,28,2/17/2022,6589 Bonnie View Rd,Beat 256,OPEN,"Neighbor reported shots, no name, no number"
CC-24518,"BAKER, H",F,28,2007-07-16,9002 Singleton Blvd,beat 303,OPEN,"Neighbor reported shots, no name, no number"
CC-88483,"GARNER, E",M,14,2011-09-02,2928 Fair Oaks Ave,631,CLOSED,"Neighbor reported shots, no name, no number"
CC-83679,"MALONE, P", M,30,1994-06-07,8738 Camp Wisdom Rd,beat 418,CLOSED,cb: (214) 555-1027
CC-23461,"ruiz, r",M,29,2003-05-31,9279 Westmoreland Rd,216,CLOSED,"Anonymous tip, callback 214-555-6675, said they saw a dark sedan"
CC-58808,"DIXON, W",M, 39 ,07/17/2000,8330 Military Pkwy,beat 242,OPEN,"Tip line call, caller hung up"
CC-99993,"Washington, N",MALE,35,2009-10-23,6280 Larkmoor Ln,beat 133, OPEN ,"Neighbor reported shots, no name, no number"
CC-11985,"  GRAHAM, S ",Female,999,"March 2, 1985",4120 ILLINOIS AVE,519,OPEN,cb: 214.555.9803
CC 89244,"NAVARRO, M",Female,31,11/23/2018,938 Fair Oaks Ave,612,CLEARED,"Neighbor reported shots, no name, no number"
CC-79331,"Vargas, D", M, 57 ,04/19/1989,7942 Westmoreland Rd,438,CLOSED,Caller left callback (214) 555-8925
cc-51538,"Graham, P",m,33,13/29/2009,4091 Royal Ln, 625 ,CLOSED,Witness can be reached at 214-555-2007
CC89154,"ESPINOZA, P",M,36,1987-11-14,229 FAIR OAKS AVE,B-157,CLOSED,Witness can be reached at 214.555.9501
CC-39078,"DAVIS,  B",M,66,1993-03-18,5151 Harry Hines Blvd, 526 ,OPEN,"Anonymous tip, callback (214) 555-9939, said they saw a dark sedan"
CC13804,"SCOTT, A",M,30,8/3/2022,6090 Military Pkwy,B-219,CLOSED,cb: (214) 555-5973
CC-97032,"FIELDS, S",m,12,"November 26, 2009",8777 Illinois Ave,beat 315,Closed,"Anonymous tip, callback 214.555.5829, said they saw a dark sedan"
CC77509,"king, s",F,37,"April 6, 2024",9318 Webb Chapel Rd, 409 ,OPEN,Caller left callback 214-555-1869
CC-74195,"Evans, F",M, 25 ,"May 31, 1996",6836 Kiest Blvd, 529 ,CLEARED,cb: 214.555.8425
CC-77008,"GARNER, W",M,12,2021-10-13,8964 ELM ST,beat 529,Closed,"Anonymous tip, callback (214) 555-2175, said they saw a dark sedan"
cc-80905,"JACKSON, B",M, 28 ,2023-09-04,4101 Lake June Rd,629,CLOSED,"Walk-in tip, declined to give contact"
CC-40245,"vargas, h",M,56,2005-06-21,8076 Larkmoor Ln,B-153,CLOSED,
CC-34700,"bryant, l", M,65,11/19/2010,2139 Singleton Blvd,717,OPEN,
CC-68358,"Smith, F",M,42,06/05/2016,269 Webb Chapel Rd,651,CLOSED,cb: 214.555.2298; possibly linked to CC-47263
CC-21104,"long, s",Male,36,2016-11-24,8335 Camp Wisdom Rd,B-247,Open,
CC-21602,"Thomas, P",M,22,9/18/1988,9807 Harry Hines Blvd,Beat 119,Closed,"Anonymous tip, callback (214) 555-2751, said they saw a dark sedan"
CC-86814,"Scott, H",M, 39 ,6/11/2015,7070 Westmoreland Rd,Beat 713,CLOSED,"Anonymous tip, callback (214) 555-3853, said they saw a dark sedan"
 CC-31513 ,"  TUCKER, K ",m,7,1992-10-27,8011 Military Pkwy,501,OPEN,"Anonymous tip, callback 214-555-1938, said they saw a dark sedan"
cc-16617,"SIMS, H",M,17,07/03/2000,4462 Harry Hines Blvd, 750 , OPEN ,Witness can be reached at 214-555-5467
CC-34428,"tucker, v",M,39,1995-01-02,7188 Larkmoor Ln,B-219,CLOSED,cb: (214) 555-3704; possibly linked to CC-86607
CC-41995,"watson, g",MALE,47,1988-04-27,7742 Kiest Blvd,130,CLOSED,Caller left callback 214.555.5945
cc-96315,"WOODS, F",M,6,2014-01-05,9206 Marsalis Ave,beat 754,Open,cb: 214.555.9359
CC-86819,"trammell, e",M,5,08/03/1987,9491 Royal Ln,B-359,CLOSED,cb: (214) 555-6471
CC-21495,"BAKER, R",M,53,2014-03-23,5412 Fair Oaks Ave,,CLOSED,cb: 214-555-8261
CC-74733,"JORDAN,  J",M,25,"July 11, 2023",1270 BONNIE VIEW RD,B-303,CLOSED,Witness can be reached at 214.555.7324
CC-98711,"TORRES, D",F,34,2015-03-14,6751 Illinois Ave,Beat 157,CLOSED,cb: 214-555-2186; possibly linked to CC-28054
CC-39234,"GUERRERO, T",MALE,27,1993-03-06,9354 Bonnie View Rd,315,CLEARED,Caller left callback (214) 555-5825
 CC-73577 ,"Collins, E",M,41,8/11/1992,8759 Kiest Blvd,Beat 517,CLOSED,"Anonymous tip, callback 214-555-1319, said they saw a dark sedan"
CC-10246,"Baker, K",F,45,11/20/2021,1066 Elm St,246,OPEN,"Anonymous tip, callback 214-555-7870, said they saw a dark sedan"

CC-19081,"Adams, N",m,16,11/19/2007,2247 Kiest Blvd,121,CLOSED,Caller left callback 214.555.9697
CC-46989,"  WOODS, D ",MALE,24,2013-09-07,5778 Greenville Ave,455,Closed,No callback number given
CC-50910,"OSEI, P",Male,23,2022-05-07,1399 Camp Wisdom Rd,beat 217,OPEN,
CC-98757,"JENKINS, C",M,29,04/07/1992,2790 Military Pkwy,beat 550,Closed,Caller left callback 214-555-9710
CC-56258,"BAKER, L",MALE,32,9/15/2022,8013 Illinois Ave,beat 410, OPEN ,Witness can be reached at 214.555.0643
CC-88882,"WATSON, D",M,19,4/18/1986,5058 Greenville Ave,429,Open,
CC-87532,"MCCOY, P",M,50,12/24/2017,8794 GREENVILLE AVE,457,CLOSED,cb: (214) 555-7272
CC 37596,"  BROOKS, D ",M,19,1/18/1992,8451 Military Pkwy,beat 717,OPEN,cb: 214.555.0310
CC-16962,"COLLINS, A",Male,N/A,01/13/1996,5656 Camp Wisdom Rd,beat 625,CLOSED,Witness can be reached at 214-555-3761; possibly linked to CC-55196
CC-57383,"ORTIZ, F",MALE,50,2007-12-06,545 Westmoreland Rd,B-208,OPEN,cb: (214) 555-8170
CC-29954,"Green, M",MALE,26,03/14/1994,2473 Kiest Blvd,beat 315,Closed,"Walk-in tip, declined to give contact"
CC-45810,"VARGAS, V",M,34,2010-08-07,4193 Scyene Rd,B-303,CLOSED,"Tip line call, caller hung up"
CC-21596,"ROSS, B",Male,30,12/17/2002,8861 Elm St,beat 624,CLOSED,No callback number given
CC-24711,"MEDINA, D",M,12,unknown,8229 Kiest Blvd,451,OPEN,
CC-25825,"lewis, m",F,28,"March 8, 1997",1132 Royal Ln,409,open,cb: (214) 555-3103
 CC-36057 ,"ORTIZ, D",F,46,02/18/2006,4223 CAMP WISDOM RD,,CLOSED,cb: (214) 555-7867
CC-99984,"flores, l",F,66,"March 31, 2010",3664 Ferguson Rd,410,OPEN,cb: (214) 555-4055
CC-66365,"DOUGLAS, B",MALE,31,7/13/1992,1708 LEDBETTER DR, 410 ,open,
CC-57806,"  LOPEZ, E ",F,43,"October 23, 1998",8295 Ferguson Rd,beat 430,CLEARED,Witness can be reached at 214.555.3051
CC-79375,"RAMOS, E",M,30,1994-07-16,8879 Marsalis Ave,438,closed,cb: 214-555-2271
CC-33380,"Young, R",m, 38 ,06/04/1985,6939 Elm St,beat 418,CLOSED,Caller left callback (214) 555-8265
CC-71866,"ortiz, j", M,41,2013-04-25,1973 Jefferson Blvd,133,CLOSED,Witness can be reached at (214) 555-0078
CC-49754,"PARKER, D",female,40,03/16/1987,333 Jefferson Blvd,215,open,Caller left callback (214) 555-9381
CC-66551,"MEDINA,  P",m,33,1993-07-09,1642 Larkmoor Ln,beat 208,CLOSED,
CC-61058,"CRUZ, H",MALE,13,2003-08-17,1790 Royal Ln,Beat 133,CLOSED,Caller left callback 214.555.9761
CC-62655,"RODRIGUEZ, S",M,13,2021-08-03,8563 Buckner Blvd,505,closed,"Anonymous tip, callback (214) 555-1257, said they saw a dark sedan"
CC-46508,"Brooks, L",M, 46 ,2011-02-07,4163 Royal Ln,359,OPEN,
CC-49608,"  PARKER, P ",F,58,2021-01-02,4693 Camp Wisdom Rd,beat 247,Open,"Neighbor reported shots, no name, no number"
CC-73368,"ellis, h",M,39,2015-12-20,6744 Lake June Rd,246,OPEN,cb: 214-555-0886
cc-86255,"SCOTT, D", M,20,3/8/2001,3329 Larkmoor Ln,Beat 629,Open,"Anonymous tip, callback 214.555.2398, said they saw a dark sedan"
CC-85904,"BOOKER,  G",F ,23,2021-09-27,9272 LARKMOOR LN,B-247,OPEN,
CC-55114,"ADAMS, D",M,48,1981-09-15,8050 Camp Wisdom Rd,630,CLOSED,"Anonymous tip, callback 214.555.8914, said they saw a dark sedan"
 CC-97800 ,"ESPINOZA, J",M,23,"May 14, 1999",9574 Bonnie View Rd,555,CLOSED,Witness can be reached at (214) 555-4121; possibly linked to CC-21975
CC-12331,"HOLLAND, H",M,41,12/03/1992,9733 Camp Wisdom Rd,420,open,possibly linked to CC-63840
XX-42215,"Ortiz, E",F,29,"December 1, 2025",2179 Scyene Rd,B-439,OPEN,"Anonymous tip, callback (214) 555-1127, said they saw a dark sedan"
CC-91722,"GOMEZ, C",M,27,"August 3, 2016",4631 Singleton Blvd,338,OPEN,cb: (214) 555-6602
CC-29303,"stewart, k",M,41,2005-07-14,9206 SCYENE RD,625,OPEN,possibly linked to CC-36053
CC-80920,"MALONE, R",F,41,"December 22, 1994",6566 FAIR OAKS AVE,Beat 517,OPEN,Caller left callback (214) 555-8796
CC-95210,"WATSON, C",F,28,2024-11-16,4039 Bonnie View Rd,501,CLOSED,
CC-21036,"ROSS, K",M,38,1996-03-12,857 Bonnie View Rd,Beat 326,OPEN,"Tip line call, caller hung up"
CC-13349,"OKAFOR, T",F,42,9/1/2001,5766 Illinois Ave,202,CLEARED,Caller left callback 214.555.0353
CC 60631,"LONG, F",M,13,2018-07-16,4307 CAMP WISDOM RD,501,closed,"Anonymous tip, callback (214) 555-0016, said they saw a dark sedan"
cc-67124,"Gibson, A",F,31,2003-08-11,1548 LAKE JUNE RD,521,OPEN,
CC-66566,"OWENS, K",M,47,2001-09-13,9681 Buckner Blvd,,open,
CC 92321,"OKAFOR, K",m,2,1995-04-21,4353 MILITARY PKWY, 359 ,OPEN,
CC-87494,"REYES, S",F,37,2007-07-31,9734 Greenville Ave,241,CLOSED,cb: 214-555-8930
CC55038,"MARTINEZ, W",M,15,05/28/1994,3965 Camp Wisdom Rd,335,CLEARED,No callback number given
CC-74412,"ROBINSON, L",M,45,2010-01-03,7209 Military Pkwy,438,CLEARED,cb: 214-555-5985
CC-20564,"HAWKINS, R",M,25,"June 20, 2022",3492 FERGUSON RD,B-247,OPEN,"Tip line call, caller hung up"
CC-60586,"REYES, G",M,22,2013-02-23,1078 Larkmoor Ln,354,CLSD,
CC-42848,"HAYES, T", M,33,1994-12-03,8621 Royal Ln,215,closed,
CC-32601,"Simmons, F",F ,17,1986-06-22,386 FERGUSON RD,Beat 517,CLOSED,"Anonymous tip, callback 214.555.3257, said they saw a dark sedan"
CC-79095,"CASTILLO, J",M,26,07/12/1990,8804 Scyene Rd,beat 202,closed,"Tip line call, caller hung up"
CC-17963,"james, g",M, 23 ,"January 15, 2022",8148 Military Pkwy,553,open,"Neighbor reported shots, no name, no number"
CC-78541,"mendoza, a",M,7,1983-04-25,7048 Westmoreland Rd,B-219,CLOSED,"Anonymous tip, callback 214-555-2034, said they saw a dark sedan"
   
CC-82165,"Ramirez, C",M,3,2003-09-05,3432 Larkmoor Ln, 219 ,CLOSED,cb: 214.555.4845
CC-35554,"Trammell, L",M,33,2019-04-02,5079 Fair Oaks Ave,359,CLOSED,"Tip line call, caller hung up"
CC-86199,"PAYNE, L",M,50,11/03/1991,3268 Illinois Ave,beat 152,CLOSED,possibly linked to CC-90708
CC-90675,"TUCKER, B",Male,50,"April 17, 2023",9603 Larkmoor Ln,Beat 247,OPN,"Anonymous tip, callback (214) 555-1283, said they saw a dark sedan"
CC-40604,"ALVAREZ, A",M,13,1987-04-24,4632 Greenville Ave,208,CLOSED,
CC-28085,"PERRY, P",M,13,03/16/1996,3560 WESTMORELAND RD,B-702,OPEN,No callback number given
CC28382,"DAVIS, K",F, 28 ,"September 21, 2024",888 Ferguson Rd,256,CLOSED,Caller left callback (214) 555-8139
cc-31847,"Flores, B",female,49,1984-01-10,1711 Buckner Blvd,beat 247,Open,"Tip line call, caller hung up"
CC-53799,"payne, d",M,unknown,04/26/2021,6879 Webb Chapel Rd,B-152,closed,Caller left callback (214) 555-2579
CC-14776,"  HERRERA, A ",m,N/A,2006-07-20,6065 Kiest Blvd,Beat 215,CLSD,Witness can be reached at (214) 555-4081
CC-56939,"BELL, B",M,9,1990-05-29,4489 Jefferson Blvd,beat 208,closed,Witness can be reached at (214) 555-9022
CC 45713,"TATE, T",M,21,01/06/2021,1586 Lake June Rd,Beat 455,OPEN,Caller left callback 214.555.8483
CC-39549,"Foster, J",F, 31 ,2005-06-24,1020 Harry Hines Blvd,B-420,OPEN,Witness can be reached at 214.555.5431
CC-27923,"JOHNSON, A",F,37,1/10/2016,729 Fair Oaks Ave,B-455,CLOSED,cb: 214-555-3014
CC35421,"OWENS, J",M,23,12/20/1996,6759 Scyene Rd,430,OPEN,No callback number given
cc-46725,"MILLER, M",M,26,2018-04-09,1027 Kiest Blvd
CC-90805,"  GUERRERO, M ",F,47,1991-11-23,5951 Bonnie View Rd,beat 152,Closed,"Anonymous tip, callback 214-555-3101, said they saw a dark sedan"
CC-63045,"HOWARD, D",M,55,5/23/2024,3256 Kiest Blvd,Beat 519,CLOSED,cb: 214.555.6226; possibly linked to CC-90609
CC-40952,"LEWIS, D",M,25,4/4/1997,561 Ledbetter Dr,256,CLOSED,Caller left callback 214.555.6767
CC-70395,"RAMIREZ, E",Female, 60 ,"July 6, 1991",5268 Illinois Ave,410,CLOSED,"Neighbor reported shots, no name, no number"
CC-13717,"VARGAS, A",m,5,6/28/1994,4430 Ledbetter Dr,beat 157,CLOSED,
CC-95536,"KING, E",M,52,2016-09-17,5589 Webb Chapel Rd,526,OPEN,cb: 214-555-0609
CC-86426,"HAWKINS, P",MALE,1,12/12/1986,1953 Bonnie View Rd, 553 ,OPEN,"Neighbor reported shots, no name, no number"
CC-33330,"  WALKER, A ",Female,36,2018-08-30,7753 JEFFERSON BLVD
cc-42405,"Ross, G",M,23,2013-01-09,6609 LANCASTER RD,beat 412,closed,Witness can be reached at (214) 555-8796; possibly linked to CC-75326
CC-35728,"wells, k",U,35,"February 14, 2007",2550 Elm St,,OPEN,"Tip line call, caller hung up"
CC-79857,"RUIZ, F",M,39,7/25/1996,5590 Webb Chapel Rd,Beat 359,OPEN,
CC-56767,"  RUIZ, W ",M,30,08/28/2006,604 Marsalis Ave,121,Open,"Walk-in tip, declined to give contact"
 CC-45859 ,"Patterson, T",M,42,1995-10-05,404 LARKMOOR LN,219,CLOSED,Witness can be reached at (214) 555-4833
CC61325,"wells, p",F,29,2011-03-30,3248 SCYENE RD,420,OPN,Caller left callback 214.555.4651
CC-96015,"RAMOS, R",F,27,2007-02-20,1962 Bonnie View Rd,517,Open,"Tip line call, caller hung up"
CC-25850,"Rivera, R",F,14,"June 6, 1993",5631 Ferguson Rd,Beat 303,CLOSED,Witness can be reached at (214) 555-1188; possibly linked to CC-73500
CC49573,"THOMAS, N",female,?,12/16/1983,2606 Bonnie View Rd,359,CLOSED,"Walk-in tip, declined to give contact"
CC-93293,"Spencer, T",M,9,11/30/2022,4329 Fair Oaks Ave, 717 ,Closed,"Walk-in tip, declined to give contact"
CC-59407,"  FOSTER, C ",M,50,2005-11-09,727 MARSALIS AVE,359,CLOSED,
CC-74860,"MALONE, K",M,23,1995-07-23,5762 Marsalis Ave,702,OPEN,Caller left callback (214) 555-1616; possibly linked to CC-83192
CC-23184,"OWENS, J",M,24,1990-10-05,2321 Bonnie View Rd,328,OPEN,Witness can be reached at 214-555-8630
CC-78336,"ALVAREZ, F",m,18,12/23/2011,1665 Ferguson Rd,B-412,CLOSED,Witness can be reached at (214) 555-8331
CC-62943,"FORD, V",M, 22 ,"May 31, 1992",9042 Singleton Blvd,Beat 429,closed,"Anonymous tip, callback 214.555.1554, said they saw a dark sedan"
cc-32383,"MILLER, G",M, 51 ,2018-09-28,4010 MILITARY PKWY,439,OPEN,"Anonymous tip, callback 214.555.6460, said they saw a dark sedan; possibly linked to CC-13184"
CC-71383,"Medina, K",M,23,3/7/1986,4057 Harry Hines Blvd,B-219,CLEARED,Witness can be reached at (214) 555-4465
cc-94702,"LANE,  K",M,29,"March 12, 1992",9017 Marsalis Ave, 242 ,OPEN,"Anonymous tip, callback 214.555.6599, said they saw a dark sedan"
CC15938,"MITCHELL,  B",M,999,04/03/2014,4211 Lake June Rd,741,Open,"Neighbor reported shots, no name, no number"
CC-44037,"GARNER, R",f, 37 ,7/26/1991,7621 Fair Oaks Ave,B-754,CLEARED,"Neighbor reported shots, no name, no number"
CC-14810,"MITCHELL, R",M,17,2010-01-23,8450 LAKE JUNE RD,741,CLOSED,Caller left callback 214.555.7177
CC-82674,"Perry, R",M,5,1986-12-03,8571 Marsalis Ave,beat 438,OPEN,
CC-23746,"  DAVIS, G ",m,44,1/9/2003,9946 Fair Oaks Ave,219,OPEN,"Anonymous tip, callback 214-555-5283, said they saw a dark sedan; possibly linked to CC-56109"
CC-77593,"  GUERRERO, E ",Male, 29 ,"May 24, 2014",6543 Camp Wisdom Rd,beat 247,CLOSED,"Tip line call, caller hung up"
 CC-53764 ,"FIELDS, D",M, 19 ,1988-07-09,8054 Bonnie View Rd,130,closed,
CC71090,"Marsh, D",M, 38 ,"December 31, 2002",433 Jefferson Blvd,beat 457,CLOSED,"Anonymous tip, callback (214) 555-7225, said they saw a dark sedan"
CC-24356,"SULLIVAN,  W",M,N/A,1993-03-28,426 Ferguson Rd,553,CLOSED,Caller left callback (214) 555-5377
cc-85406,"  RUIZ, L ",m, 12 ,1990-02-03,8145 Harry Hines Blvd,429,CLOSED,
CC-33273,"tucker, v",M,24,9/21/1983,6243 FAIR OAKS AVE,202,PENDING?,"Walk-in tip, declined to give contact"
CC-80651,"HAYES, L",M,27,1992-12-30,6600 Buckner Blvd,Beat 303,Closed,Caller left callback 214.555.9037
CC-67692,"RIVERA, G",F,N/A,"January 28, 2004",9429 Scyene Rd,B-241,open,"Walk-in tip, declined to give contact"
CC-50722,"TORRES,  S",Male,32,6/2/2001,1827 LARKMOOR LN, 208 ,OPEN,Witness can be reached at 214.555.5070
CC-28753,"PEREZ, G",M,43,06/24/1997,1894 Webb Chapel Rd,,CLOSED,Witness can be reached at 214-555-1023
 CC-60052 ,"castillo, c",M,36,1996-07-10,6566 Kiest Blvd,241,CLOSED,Caller left callback 214-555-5212
CC-19123,"RAMIREZ, D",Male,28,1994-01-22,3997 Elm St,430,Closed,Caller left callback 214.555.1833
CC-59000,"BROOKS, K",MALE,13,04/28/1989,3008 Marsalis Ave,241,open,"Walk-in tip, declined to give contact"
CC-45116,"ORTIZ, K",M,16,2002-10-29,7653 Fair Oaks Ave,550,OPEN,"Anonymous tip, callback 214-555-1074, said they saw a dark sedan"
CC-85360,"NORRIS, S",M,37,10/09/2002,7133 ILLINOIS AVE,beat 219,Closed,Caller left callback 214.555.3199
CC-34066,"WILSON, H",F, 38 ,2022-01-05,3607 Elm St,beat 303,CLOSED,
CC-89017,"espinoza, k",M, 28 ,11/19/2002,4189 Scyene Rd, 505 ,Open,"Anonymous tip, callback (214) 555-7596, said they saw a dark sedan"
CC-64939,"GUERRERO, F",M,28,09/21/2005,9529 Jefferson Blvd,303,CLEARED,possibly linked to CC-61975
CC-81949,"porter, w",M, 46 ,"June 1, 2000",2782 Lake June Rd,335,CLOSED,cb: 214-555-7865
 CC-74658 ,"BROOKS, A",F,26,02/23/2000,3919 Fair Oaks Ave,457,OPEN,
CC-89086,"PAYNE,  T",M,53,08/21/1993,8810 BUCKNER BLVD,B-750,CLOSED,Caller left callback 214.555.4259; possibly linked to CC-88014
CC32454,"henderson, c",M,27,08/03/1989,5901 Illinois Ave,529,CLOSED,Caller left callback (214) 555-3747
CC-56046,"ruiz, p",Male,-1,2007-11-26,5619 Ledbetter Dr,439,CLEARED,Witness can be reached at (214) 555-0982
 CC-82626 ,"webb, a",Male,46,1981-09-24,983 LARKMOOR LN,455,Closed,"Anonymous tip, callback 214.555.4058, said they saw a dark sedan"
 CC-75770 ,"ORTIZ, L",M,26,1986-10-12,2148 Marsalis Ave,429,CLOSED,
CC-43721,"FIELDS, B", M,49,"October 8, 2016",5552 SINGLETON BLVD,215,Closed,cb: 214-555-1950
 CC-47433 ,"HOLLAND, N",M,16,12/31/2010,6085 Webb Chapel Rd, 717 ,OPEN,Witness can be reached at 214-555-2381; possibly linked to CC-28120
CC-96731,"murphy, m",M,35,1989-01-06,9224 Larkmoor Ln,,closed,Caller left callback (214) 555-6376
CC-66523,"SANDERS, M",M, 48 ,1991-09-28,5445 Larkmoor Ln,612,closed,Witness can be reached at (214) 555-2212
CC-15154,"WATSON, A",M,27,04/02/2010,1598 GREENVILLE AVE,241,OPEN,cb: 214-555-4888
CC-12815,"ALVAREZ, M",M,36,1986-09-22,7120 JEFFERSON BLVD,Beat 215,CLOSED,"Anonymous tip, callback 214-555-0808, said they saw a dark sedan"
CC-77996,"SANCHEZ, K",M,38,1991-01-09,7328 WEBB CHAPEL RD,326,OPEN,"Anonymous tip, callback 214-555-4304, said they saw a dark sedan"
CC-77749,"  CRUZ, E ",M,29,1995-12-14,8404 ILLINOIS AVE,519,CLOSED,cb: 214.555.5107
CC-82959,"WALLACE, M",F,41,2021-04-15,7216 Larkmoor Ln,717,Open,Caller left callback (214) 555-8862
CC-55280,"MILLER, V",M,30,"March 31, 2009",8462 Lancaster Rd,Beat 410,CLEARED,Caller left callback 214.555.2623
CC 57532,"SPENCER, J",F,42,1987-09-11,9519 Jefferson Blvd, 241 ,CLOSED,
CC-59501,"ELLIS, J",F,43,1993-12-10,5541 ELM ST, 629 ,CLOSED,Witness can be reached at 214-555-1706; possibly linked to CC-29725
CC-98140,"phillips, e",M, 34 ,1997-04-01,4923 Larkmoor Ln,Beat 215,CLOSED,Caller left callback 214-555-9335
CC-29358,"payne, e",m,17,2002-12-05,1461 Royal Ln,242,CLOSED,"Tip line call, caller hung up"
CC-56636,"COLLINS, B",M,43,3/22/1996,3647 CAMP WISDOM RD,beat 119,Closed,"Walk-in tip, declined to give contact"
CC-31926,"Spencer, N", M,7,1991-07-06,6307 Illinois Ave,202,CLOSED,Caller left callback (214) 555-9720; possibly linked to CC-61396
CC 50800,"PRUITT, R",M,22,"April 16, 1988",2706 Camp Wisdom Rd,beat 326,OPEN,"Walk-in tip, declined to give contact"
CC-68007,"Pruitt, C",MALE,15,2016-05-21,4285 Fair Oaks Ave,153,OPEN,"Walk-in tip, declined to give contact"
CC-58699,"KING, D",M,11,1995-09-06,4532 Larkmoor Ln,beat 152,CLOSED,"Walk-in tip, declined to give contact"
CC-83909,"SMITH, S", M,27,"September 28, 1988",931 GREENVILLE AVE,429,closed,cb: (214) 555-0876
CC-28770,"HALL,  L",F,28,06/29/1994,5299 Scyene Rd,beat 418,Closed,"Walk-in tip, declined to give contact"
CC-60422,"  BAKER, K ",Male,UNK,10/24/1984,7486 Elm St,612,open,cb: 214.555.3033; possibly linked to CC-80092
CC-53756,"Washington, J",M,73,2003-01-08,2911 Lancaster Rd,439,CLOSED,"Anonymous tip, callback 214-555-1239, said they saw a dark sedan"
CC-32577,"BAKER,  V",M,31,12/27/2005,6380 Lancaster Rd,555,CLOSED,cb: (214) 555-4087; possibly linked to CC-65672
CC-48087,"Morales, S",F ,24,10/31/2014,8369 WESTMORELAND RD,Beat 717,open,"Neighbor reported shots, no name, no number"
CC-34097,"Scott, M",M,63,6/15/2013,2188 WEBB CHAPEL RD,430,CLOSED,"Anonymous tip, callback (214) 555-3819, said they saw a dark sedan"
CC-17341,"owens, d",Male,35,2015-01-22,6112 Ledbetter Dr,121,Open,Caller left callback 214.555.2598
CC-13219,"Collins, S",M, 0 ,"November 10, 2003",6615 GREENVILLE AVE,beat 215,closed,"Walk-in tip, declined to give contact"
cc-81069,"  VARGAS, R ",M,46,5/9/1994,8002 Bonnie View Rd,455,OPEN,"Anonymous tip, callback 214.555.1059, said they saw a dark sedan"
CC-44885,"Moore, R",Male,33,2022-04-02,4502 Camp Wisdom Rd,B-208,CLOSED,Witness can be reached at 214-555-7210
 CC-57285 ,"caldwell, e",U,33,03/25/1993,4419 Marsalis Ave,B-328,OPEN,cb: 214.555.1437
CC-15979,"  WILSON, F ",F,51,"July 27, 1981",8646 Greenville Ave,429,CLOSED,Caller left callback (214) 555-7380
CC-66838,"Bell, L",M,27,03/13/1987,3730 Ledbetter Dr, 256 , OPEN ,cb: 214.555.4500; possibly linked to CC-27526
cc-36796,"WRIGHT, G",M,15,12/25/2015,8912 Elm St,202,CLOSED,Witness can be reached at 214-555-9492
CC-87682,"ESPINOZA, F",M, 19 ,03/04/1995,311 Singleton Blvd,420,Open,"Anonymous tip, callback 214.555.0981, said they saw a dark sedan"
CC-29276,"BOOKER, P",m,18,3/19/2016,7250 Larkmoor Ln,B-130,Open,No callback number given
CC-81331,"  RAMIREZ, S ",M,53,9/26/1984,8553 Military Pkwy,B-519,CLOSED,"Anonymous tip, callback 214.555.9229, said they saw a dark sedan; possibly linked to CC-39783"
CC 30150,"Torres, S",Male,31,"July 14, 2004",311 Ferguson Rd,651,CLOSED,"Neighbor reported shots, no name, no number"
CC-26586,"MORALES, V", M,38,"October 2, 2017",4384 Military Pkwy,beat 420,OPEN,"Walk-in tip, declined to give contact"
CC-27720,"ESPINOZA, G",M,31,2027-09-05,9757 Ferguson Rd,,CLOSED,Caller left callback (214) 555-0876
CC82695,"edwards, a",F,46,1990-03-11,6776 Camp Wisdom Rd,326,OPEN,"Anonymous tip, callback 214.555.8844, said they saw a dark sedan; possibly linked to CC-82115"
CC-36677,"HAYES, G",M,40,2023-04-03,3158 Camp Wisdom Rd,521,OPEN,Caller left callback 214-555-2326; possibly linked to CC-97045
 CC-46650 ,"SANDERS, E",m, 16 ,11/26/1983,112 Royal Ln,B-630,CLOSED,cb: 214-555-0499
CC-54139,"  FIELDS, B ",F,51,"March 31, 2020",1626 Illinois Ave,B-256,OPEN,
CC-23984,"MARTINEZ,  H",M,UNK,2025-11-17,1691 Royal Ln,410,open,
CC-82997,"REED, H",M,22,03/10/1995,8648 Ledbetter Dr,,CLOSED,Caller left callback 214-555-4405; possibly linked to CC-19918
CC-48815,"MARTIN, W",M,46,"March 3, 1995",9157 Illinois Ave, 750 ,CLOSED,
CC-10032,"MARTIN, S",M,9,01/25/2012,3720 Webb Chapel Rd,beat 217,CLSD,"Anonymous tip, callback 214-555-5128, said they saw a dark sedan"
CC-82845,"CRUZ, H",F,53,2020-02-22,1562 Illinois Ave,651,OPEN,possibly linked to CC-72630
CC-82634,"GREEN, A", M, 27 ,13/16/1998,8970 Royal Ln,,CLEARED,"Neighbor reported shots, no name, no number"
CC 83749,"CARTER, D",M,25,1996-06-02,9757 Royal Ln,215,CLOSED,Witness can be reached at 214.555.6619
CC-12151,"payne, m",M,27,"November 23, 1984",5491 Camp Wisdom Rd,Beat 418,CLOSED,Caller left callback 214-555-4844
CC-27189,"ROSS, J",M,29,1981-01-10,981 Elm St,651,CLOSED,cb: 214.555.4234
CC-91913,"MORALES, L",M,25,"November 30, 2002",6559 Webb Chapel Rd, 412 ,CLOSED,"Anonymous tip, callback 214-555-7816, said they saw a dark sedan"
cc-71576,"norris, e",M,33,2008-05-23,2863 Camp Wisdom Rd,555,CLOSED,Witness can be reached at (214) 555-8092
CC-32179,"harris, j",M,45,2014-07-26,8050 Jefferson Blvd,326,CLOSED,Witness can be reached at 214-555-7457
CC-55859,"MARTINEZ, D",F,30,"September 28, 2004",2471 Harry Hines Blvd,451,CLEARED,"Walk-in tip, declined to give contact"
CC-94769,"PORTER, W",M,60,04/02/1986,1892 Camp Wisdom Rd,208,Closed,"Anonymous tip, callback 214.555.3549, said they saw a dark sedan"
CC 31303,"SIMMONS, K",m,45,"October 26, 1993",1197 FERGUSON RD,202,OPEN,Witness can be reached at (214) 555-2140
CC-33231,"STEWART,  S",M, 0 ,2018-10-20,2768 Kiest Blvd,412,CLOSED,"Walk-in tip, declined to give contact"
CC63936,"WRIGHT,  F",m,25,2012-06-01,1524 Greenville Ave,553,CLOSED,"Walk-in tip, declined to give contact"
CC-13807,"  WALLACE, M ",Male,39,10/24/1986,2882 Kiest Blvd,234,closed,Witness can be reached at (214) 555-5691
CC-74762,"HAWKINS, S",F,53,9/4/2014,7965 SCYENE RD, 724 ,CLOSED,Caller left callback 214.555.9759
CC-65737,"young, a",Male,28,1990-05-17,8762 Webb Chapel Rd,702,CLOSED,"Tip line call, caller hung up"
CC95068,"Perez, R",M,25,1999-01-29,6120 Jefferson Blvd,501,CLOSED,Witness can be reached at 214.555.1736
CC 10074,"  RAMOS, L ",M,25,2014-11-11,6181 Buckner Blvd,553,CLEARED,Witness can be reached at 214-555-1527
CC-21220,"sullivan, l",M,24,2016-10-31,4453 Marsalis Ave,439,OPN,"Walk-in tip, declined to give contact"
cc-31015,"howard, g",F,24,1999-03-03,2356 WESTMORELAND RD,beat 702,CLSD,
cc-30420,"  JOHNSON, T ",M,23,2002-05-31,2444 Kiest Blvd,429,OPEN,possibly linked to CC-94389
CC-93606,"ORTIZ, T",M,50,06/30/2006,2257 ROYAL LN,517,OPEN,"Anonymous tip, callback 214-555-4816, said they saw a dark sedan"
CC-92115,"TORRES, V",F,35,01/13/1987,2135 Lancaster Rd,629,CLOSED,
CC-17251,"  LONG, A ",M,38,7/9/1988,2409 Illinois Ave,,CLOSED,"Anonymous tip, callback 214-555-3398, said they saw a dark sedan"
cc-18365,"THOMAS, V",F,,11/02/1996,2102 Marsalis Ave,455,CLEARED,cb: (214) 555-8202
CC-35925,"TATE, B",M,13,2012-12-28,4158 Ledbetter Dr,612,CLOSED,cb: 214-555-9455
CC-20347,"OSEI, K",F, 24 ,2022-07-01,1504 WESTMORELAND RD,beat 526,OPN,
CC26794,"EDWARDS, T",M,9,"August 15, 1992",1910 Jefferson Blvd,418,CLOSED,
CC-77060,"davis, s",m,18,2/16/1993,8610 Westmoreland Rd,Beat 247,CLOSED,"Anonymous tip, callback (214) 555-8366, said they saw a dark sedan"
CC-44219,"MARTINEZ, F",F,28,1985-05-12,9621 Webb Chapel Rd,303,Closed,Caller left callback (214) 555-7558
 CC-24759 ,"CHAVEZ,  G",M,40,2004-04-22,7297 Camp Wisdom Rd,629,OPEN,
CC-89015,"Watson, B",M,32,09/30/2025,5204 Kiest Blvd,439,OPEN,cb: 214.555.1336
CC-59028,"YOUNG, B",MALE,46,1994-07-30,7087 LANCASTER RD,beat 429,Closed,"Neighbor reported shots, no name, no number"
 CC-58524 ,"Perez, B",M,26,1992-06-20,644 Kiest Blvd,,OPEN,"Tip line call, caller hung up"
CC-58801,"foster, b",m,10,1992-12-20,1867 BUCKNER BLVD,741,CLOSED,"Anonymous tip, callback 214.555.9635, said they saw a dark sedan"
CC-49159,"LEWIS, F",M,27,2023-11-28,9759 Westmoreland Rd,418,Open,"Walk-in tip, declined to give contact"
CC 64125,"HILL, W",MALE,43,1996-01-08,1798 Marsalis Ave,beat 555,CLOSED,possibly linked to CC-96584
CC62383,"Cruz, H",f,45,11/13/2015,1773 WEBB CHAPEL RD,beat 430,CLOSED,possibly linked to CC-11577
CC-27513,"HILL, T",F,25,2002-09-04,1508 Illinois Ave,B-526,OPEN,Witness can be reached at (214) 555-5788; possibly linked to CC-69915
CC-12863,"  OSEI, H ",M,26,"April 21, 2013",4556 Ledbetter Dr,beat 133,open,
CC-12648,"HALL, L",M,46,"November 12, 1994",2942 SINGLETON BLVD, 410 ,CLOSED,"Anonymous tip, callback (214) 555-2011, said they saw a dark sedan"
 CC-69000 ,"MURPHY, C", M,34,2018-05-29,4871 MILITARY PKWY,beat 328,closed,Witness can be reached at 214-555-1445
CC-76468,"baker, h",F, 43 ,2021-04-21,8811 Scyene Rd,326,Closed,Caller left callback (214) 555-6528
CC-57530,"Mitchell, G",M, 31 ,"March 17, 2023",9959 Camp Wisdom Rd,Beat 359,OPEN,"Walk-in tip, declined to give contact"
CC-73549,"EDWARDS, M",M,58,1999-10-19,9637 Kiest Blvd,455,closed,possibly linked to CC-40968
CC-26107,"HERRERA, J",MALE,39,12/15/2005,9395 Harry Hines Blvd,410,CLOSED,cb: 214-555-5588
CC-42192,"GRAHAM, R",F,23,7/17/1993,2724 HARRY HINES BLVD,430,CLOSED,"Anonymous tip, callback 214.555.7075, said they saw a dark sedan"
CC-62911,"MEDINA, C",F,20,12/29/2023,1244 Jefferson Blvd, 439 ,CLOSED,No callback number given
CC-71296,"baker, a",M,10,1988-11-07,9008 BONNIE VIEW RD,202,OPEN,cb: 214-555-9729
CC-95166,"Fuentes, C",F ,40,1984-06-03,8319 CAMP WISDOM RD,750,CLSD,"Anonymous tip, callback 214.555.2768, said they saw a dark sedan"
CC-76626,"BAKER, N",F,48,1997-11-18,5083 Ferguson Rd,202,Closed,Witness can be reached at 214-555-4541
CC-87375,"brooks, a",Male,29,04/17/1983,6562 Ferguson Rd,501,Open,Caller left callback 214.555.6749; possibly linked to CC-99100
 CC-50187 ,"Rodriguez, E",M,15,8/17/2023,4320 BONNIE VIEW RD,526,Open,cb: 214-555-0715
CC-19433,"HERRERA, N",M,21,2025-08-28,8280 Greenville Ave,beat 555,CLOSED,Caller left callback (214) 555-0794
CC-85665,"scott, j",M,51,1985-12-22,9940 GREENVILLE AVE,242,Open,No callback number given
CC-33248,"martin, j",M,11,"November 18, 2008",1941 Buckner Blvd, 750 ,CLOSED,Caller left callback (214) 555-0802
CC-35881,"OWENS, V",M,31,1998-05-14,7134 Scyene Rd,Beat 451,OPEN,Caller left callback (214) 555-5435
CC31398,"  CHAVEZ, B ",F, 48 ,1/1/2005,8865 Royal Ln,208,CLEARED,possibly linked to CC-50192
CC-12508,"FIELDS, S",M,15,1984-03-14,7907 GREENVILLE AVE,439,open,Caller left callback (214) 555-6695; possibly linked to CC-85386
CC-82821,"lane, c",M,29,2011-04-18,986 Camp Wisdom Rd,B-717,closed,Caller left callback (214) 555-3946
CC-25657,"PATTERSON, T",Female, 17 ,1998-09-30,9933 Larkmoor Ln,457,CLOSED,"Walk-in tip, declined to give contact"
CC-40814,"SANDERS, W",M,42,1991-04-19,172 Larkmoor Ln,B-315,CLOSED,Caller left callback 214.555.8874
CC-87375,"BROOKS, A",M,29,"April 17, 1983",6562 Ferguson Rd,501,OPEN,Caller left callback (214) 555-6749; possibly linked to CC-99100
CC-25955,"RAMIREZ, M",F,36,11/29/1993,8713 Camp Wisdom Rd,beat 121,OPEN,
CC60323,"DAVIS, D",M,32,09/22/2005,1400 Larkmoor Ln,Beat 553,Open,No callback number given
CC-74673,"DIXON, T", M,21,07/10/1995,3544 Marsalis Ave,553,CLOSED,"Anonymous tip, callback 214-555-8929, said they saw a dark sedan"
CC-54498,"Phillips, K",M, 23 ,2018-09-03,4318 Ledbetter Dr,beat 724,CLOSED,cb: 214-555-2303
CC-53168,"ELLIS, B",f,19,2010-07-11,3328 Marsalis Ave,630, OPEN ,No callback number given
CC-21084,"lewis, g",M,24,11/1/1985,7719 Lake June Rd, 150 ,OPEN,
CC-28182,"Brooks, M",M,34,2/12/2024,8030 Bonnie View Rd,Beat 412,Open,"Tip line call, caller hung up"
CC-34273,"  SANDERS, N ",M,42,1992-11-28,5794 Bonnie View Rd,B-550,CLOSED,cb: 214-555-9095
CC-55168,"HOWARD, K",U,41,2018-04-10,3277 Lancaster Rd,630,Open,
CC-98504,"COLEMAN, S",U,16,06/27/1995,1525 Kiest Blvd,430,CLSD,Caller left callback 214.555.7143
CC-94480,"Price, W",M,33,09/08/1998,6709 Royal Ln,beat 217,closed,
CC64829,"ESPINOZA, W",M,0,12/17/1994,2417 Bonnie View Rd,Beat 418,CLOSED,possibly linked to CC-96953
CC-16941,"Mccoy, H",M,0,7/21/2003,1883 Royal Ln,B-457,CLOSED,Witness can be reached at 214.555.9628
cc-16815,"NGUYEN, B",M,58,1990-10-05,4605 Larkmoor Ln,Beat 553,CLOSED,Caller left callback 214-555-8051
 CC-71978 ,"DELGADO, T", M, 28 ,10/02/2019,9239 Ledbetter Dr,130,open,
CC40078,"Washington, P",M,42,2011-11-04,3183 Larkmoor Ln,412,closed,"Anonymous tip, callback 214-555-8419, said they saw a dark sedan"
CC-27615,"  EDWARDS, P ",M,51,2007-06-08,6391 Military Pkwy,beat 418,CLEARED,cb: 214-555-5305
CC30656,"RICHARDSON, K",M,43,04/25/1988,8525 SINGLETON BLVD, 651 ,closed,Witness can be reached at 214-555-4094
CC-96325,"Reed, R",M,40,"January 20, 2012",7158 Ferguson Rd, 717 , OPEN ,possibly linked to CC-21739
CC-91236,"MOORE, K",M,39,2011-03-19,5878 Kiest Blvd, 457 ,OPEN,possibly linked to CC-36014
CC-94346,"Hayes, B",F,33,12/11/2006,2931 Webb Chapel Rd,Beat 208, OPEN ,Caller left callback (214) 555-5259
CC-65221,"howard, e",m,22,2015-01-05,3431 Ledbetter Dr, 217 ,CLOSED,"Neighbor reported shots, no name, no number"
CC-41710,"  TORRES, F ",Male, 51 ,2012-08-30,4448 Greenville Ave,119,OPEN,"Neighbor reported shots, no name, no number"
 CC-23869 ,"MURPHY, B",M,36,2019-10-03,3235 Buckner Blvd,Beat 750,CLOSED,"Anonymous tip, callback 214.555.4817, said they saw a dark sedan"
CC-19159,"Herrera, C",M,30,1987-05-27,6519 LEDBETTER DR,750,CLOSED,Witness can be reached at (214) 555-9486
 CC-67333 ,"douglas, f",f,26,2003-10-20,5032 Ferguson Rd,501,CLSD,Witness can be reached at (214) 555-4030
CC-84643,"HENDERSON, P", M,49,1983-07-10,443 Bonnie View Rd,418,CLEARED,"Anonymous tip, callback 214.555.5209, said they saw a dark sedan"
CC-61461,"Cruz, V",M,19,1987-05-17,4989 Royal Ln,beat 418,OPEN,"Walk-in tip, declined to give contact"
CC-70319,"  BOOKER, D ",M,48,8/27/2016,5107 Jefferson Blvd,,CLSD,No callback number given
CC-20397,"GIBSON, W",M,20,"July 24, 2019",6286 Jefferson Blvd,553,OPEN,
CC-89939,"HARRIS, B",M,,1999-07-03,2484 Royal Ln,553,Closed,No callback number given
CC-70622,"HAYES, M",Male,19,"March 26, 1981",3228 ELM ST,451,CLOSED,"Anonymous tip, callback 214-555-8678, said they saw a dark sedan"
cc-45364,"PERRY, B",M, 45 ,2007-05-04,3093 Lake June Rd,B-150,Closed,"Walk-in tip, declined to give contact"
CC78989,"KING, K",F,14,7/9/1986,9209 Military Pkwy,418,OPEN,
CC80905,"JACKSON, B",M, 28 ,2023-09-04,4101 Lake June Rd,629,CLEARED,"Walk-in tip, declined to give contact"
CC97159,"FLORES, R",m, 26 ,1985-02-22,1804 MILITARY PKWY,219,CLOSED,cb: (214) 555-0752
CC-41414,"RICHARDSON, V",m,17,04/02/1997,8652 Buckner Blvd,beat 505,OPN,"Neighbor reported shots, no name, no number"
CC-38850,"Baker, F",M,unknown,1985-04-01,7021 Lancaster Rd,beat 555,CLOSED,Caller left callback 214-555-8540
cc-87638,"RODRIGUEZ, W",M,44,1989-05-17,1384 Westmoreland Rd,303,Open,No callback number given
CC-17704,"CRUZ, C",M,21,"June 6, 1984",4621 Scyene Rd,216,closed,"Walk-in tip, declined to give contact"
CC-45262,"  PRICE, D ",M,28,2024-04-24,6165 Jefferson Blvd,,closed,Witness can be reached at (214) 555-9134
CC18260,"Robinson, H",M,26,10/10/1984,892 JEFFERSON BLVD,beat 335,Closed,"Anonymous tip, callback 214.555.7730, said they saw a dark sedan"
CC11389,"FUENTES, A",M,N/A,1993-02-19,1073 Fair Oaks Ave,526,CLOSED,Caller left callback (214) 555-3565
CC78244,"THOMAS, W", M,21,"June 22, 1998",5826 Illinois Ave,754,OPEN,cb: 214-555-0502
CC-44496,"rivera, a",M,UNK,7/31/2001,3719 Ledbetter Dr,359,CLOSED,
CC-78089,"RODRIGUEZ, B",M,?,"December 12, 1985",4067 Bonnie View Rd,150,OPEN,
CC-13013,"ALVAREZ, F",M,48,10/09/2019,684 Illinois Ave,410,CLOSED,possibly linked to CC-59465
CC-92743,"WASHINGTON, F",M,28,1988-08-14,8238 Singleton Blvd,beat 555,CLEARED,
cc-84141,"Mitchell, K",F, 23 ,1995-09-05,8922 ROYAL LN, 246 ,closed,"Anonymous tip, callback 214-555-0643, said they saw a dark sedan"
CC-96251,"CARTER, D",U,44,"May 19, 2024",9747 Jefferson Blvd,501,,No callback number given
CC-93635,"Ortiz, J",MALE,54,2001-05-11,7563 Bonnie View Rd,beat 555,CLOSED,"Anonymous tip, callback 214-555-5647, said they saw a dark sedan"
CC-87821,"espinoza, f",MALE,27,"April 13, 2005",1464 Marsalis Ave,152,CLOSED,"Walk-in tip, declined to give contact"
cc-73199,"Baker, J",MALE,22,"Smarch 5, 1987",7394 Lake June Rd,beat 555,CLOSED,"Anonymous tip, callback 214-555-6054, said they saw a dark sedan"
CC-96084,"COLLINS, E",M,24,4/10/1988,5479 Jefferson Blvd,Beat 216,CLOSED,"Anonymous tip, callback (214) 555-0931, said they saw a dark sedan"
CC-30101,"Navarro, N",F,26,9/13/1982,2651 Westmoreland Rd,326,closed,cb: 214-555-8524
 CC-19847 ,"HILL, W",M,18,1992-05-22,6665 Westmoreland Rd,133,Closed,cb: 214-555-8994; possibly linked to CC-32345
CC-21688,"nguyen, m",MALE,17,1989-06-06,6693 Greenville Ave,702,CLOSED,Caller left callback 214.555.0347
CC-51191,"REED, N",Female, 30 ,2018-08-28,1664 Military Pkwy,133,OPEN,"Anonymous tip, callback (214) 555-8602, said they saw a dark sedan"
cc-94017,"WASHINGTON, D",M,0,03/24/1990,5371 LEDBETTER DR,,CLOSED,cb: 214-555-2247
CC-14350,"ALVAREZ, P",F ,41,2000-04-16,2868 MILITARY PKWY,,CLEARED,Caller left callback (214) 555-4685; possibly linked to CC-49169
CC-54531,"WRIGHT, M",M,38,07/23/2014,1052 Lake June Rd, 241 ,CLOSED,Witness can be reached at 214.555.4293
CC-21873,"MARTINEZ, E",M,24,"June 11, 2008",4245 Kiest Blvd,750,CLOSED,"Anonymous tip, callback 214-555-1243, said they saw a dark sedan"
CC-73922,"CHAVEZ,  M",MALE, 42 ,1983-06-04,7840 Westmoreland Rd,439,CLOSED,"Anonymous tip, callback 214.555.1281, said they saw a dark sedan"
 CC-89213 ,"ortiz, f", M,30,11/24/1993,8460 Webb Chapel Rd,150,CLOSED,"Neighbor reported shots, no name, no number"
CC-33901,"HENDERSON, G",M, 15 ,1987-01-26,8610 Singleton Blvd, 215 ,OPEN,"Anonymous tip, callback (214) 555-1799, said they saw a dark sedan; possibly linked to CC-39078"
CC-29458,"SANCHEZ, F",F,43,08/05/2011,2333 Ledbetter Dr,Beat 702,closed,"Walk-in tip, declined to give contact"
CC-18298,"Baker, S",M,48,"March 3, 1989",1636 Royal Ln,629,CLOSED,"Anonymous tip, callback 214-555-8178, said they saw a dark sedan"
CC 55876,"Stewart, E",M,32,2003-03-23,6921 Webb Chapel Rd,beat 457,OPEN,Caller left callback 214.555.8031
CC-76294,"MARTINEZ, L",M,28,2016-11-21,4801 Harry Hines Blvd,750,Closed,cb: (214) 555-7934
CC-122,"DELGADO, G",M,18,1988-07-15,6162 Marsalis Ave,741,CLOSED,"Anonymous tip, callback 214-555-7064, said they saw a dark sedan"
CC-10323,"WALKER, V",m,40,1989-09-23,4402 Bonnie View Rd,Beat 409,CLOSED,cb: 214-555-3811
CC-16561,"WALKER, K",M,20,10/09/1992,512 Lancaster Rd,130,OPEN,"Tip line call, caller hung up"
 CC-79239 ,"HERRERA,  V",M,37,12/30/1990,1396 ILLINOIS AVE,Beat 246,Closed,
cc-81121,"FORD, T",M,28,"July 23, 1986",8171 FERGUSON RD,beat 420,open,possibly linked to CC-99806
CC-65363,"RODRIGUEZ, C",M,34,2006-06-19,6347 Singleton Blvd,612,closed,Witness can be reached at 214-555-5119; possibly linked to CC-48856
CC-40451,"WELLS, C",M,40,1993-10-06,6183 LARKMOOR LN,326,CLOSED,"Anonymous tip, callback 214.555.5710, said they saw a dark sedan"
CC-52864,"NAVARRO, W",M,21,10/26/2006,9064 Lake June Rd, 651 ,OPEN,Caller left callback (214) 555-1523
CC-25736,"Mendoza, T",F, 32 ,2015-12-19,243 Ferguson Rd,242,OPEN,Witness can be reached at 214-555-8783
CC-41538,"  OWENS, M ",M, 19 ,1990-06-17,642 Harry Hines Blvd, 303 ,Closed,cb: 214.555.8624
CC-60478,"VARGAS, R", M,23,2014-08-03,4367 Bonnie View Rd, 241 ,OPEN,Witness can be reached at 214.555.4433; possibly linked to CC-85330
CC-36784,"REED, B",MALE,32,10/26/1981,3406 SCYENE RD,,CLSD,Witness can be reached at (214) 555-8903
CC-69482,"white, b",F,58,1990-08-04,4887 Larkmoor Ln,241,CLOSED,"Walk-in tip, declined to give contact"
 CC-64279 ,"WATSON, L",M,25,09/19/1992,4585 Greenville Ave,208,CLOSED,"Walk-in tip, declined to give contact"
CC-76174,"CRUZ, A",M,unknown,1992-12-25,9851 CAMP WISDOM RD,B-555,OPEN,possibly linked to CC-49698
CC-50837,"martin, a",m, 8 ,1981-01-16,1701 MILITARY PKWY,216,open,
 CC-96308 ,"RAMOS, B",M,40,2018-08-16,4338 Larkmoor Ln,B-429,CLOSED,Caller left callback (214) 555-6091
CC-12775,"  HARRIS, B ",M,38,1997-11-25,1548 Illinois Ave,517,OPN,"Walk-in tip, declined to give contact"
CC-47131,"BAKER,  M",M,0,09/13/1981,9139 Lake June Rd,713,Closed,No callback number given
CC-46236,"CALDWELL, T",F,21,1991-02-30,5962 BONNIE VIEW RD,624,closed,Witness can be reached at (214) 555-0546; possibly linked to CC-33669
CC-93916,"CHAVEZ, S", M,35,1997-01-29,9749 Westmoreland Rd, 303 ,CLOSED,
CC-63929,"Graham, D",F,16,1996-06-16,7416 Fair Oaks Ave,beat 630,OPEN,"Neighbor reported shots, no name, no number"
CC-54012,"WEBB, G",m, 30 ,"January 7, 1986",5215 Harry Hines Blvd,430,CLOSED,Caller left callback 214-555-8207
CC-65531,"EVANS, R",M,1,"January 15, 1994",8086 Jefferson Blvd,beat 256,CLOSED,"Anonymous tip, callback 214.555.8788, said they saw a dark sedan"
cc-95947,"  NORRIS, L ",M,38,1985-10-09,9143 Lake June Rd,B-219,CLSD,cb: 214.555.5239; possibly linked to CC-40042
CC-31998,"SANCHEZ, E",U,35,01/27/1990,7554 Scyene Rd, 521 ,CLOSED,"Anonymous tip, callback 214-555-3415, said they saw a dark sedan"
CC-52887,"TATE, S",MALE,7,2005-04-15,2430 Elm St,beat 242, OPEN ,"Neighbor reported shots, no name, no number"
CC-83278,"LONG, G",M,49,2001-12-09
cc-57051,"ROBINSON,  W",M,7,1984-11-26,8144 BUCKNER BLVD,beat 219,CLOSED,possibly linked to CC-33901
CC93464,"HALL, K",female,54,08/16/1994,8165 Kiest Blvd, 150 ,Open,"Tip line call, caller hung up"
CC22133,"grant, p",M,42,04/13/2018,7278 Harry Hines Blvd,303,CLOSED,

CC-64552,"EDWARDS, S",M,18,1985-02-07,6539 Bonnie View Rd,beat 130,OPEN,"Anonymous tip, callback 214.555.9109, said they saw a dark sedan"
CC18081,"PATTERSON, G",m,1,2019-04-08,4661 Ferguson Rd, 246 ,CLOSED,cb: 214.555.4128
cc-91865,"GARNER, K",MALE,33,09/04/2018,7892 LEDBETTER DR,Beat 359,CLOSED,No callback number given
CC-61608,"  PORTER, D ",M,19,7/22/1997,4652 Military Pkwy,beat 430,CLOSED,Caller left callback 214-555-0861
CC-10883,"FIELDS, B",F,17,2024-12-06,4405 Kiest Blvd,Beat 303, OPEN ,"Neighbor reported shots, no name, no number"
CC-40440,"Spencer, J",Male,N/A,07/28/1993,6878 Ledbetter Dr, 359 ,OPEN,Witness can be reached at (214) 555-5246
CC-36924,"ROBINSON, C",M,39,1983-04-16,5755 Illinois Ave,717,CLOSED,Caller left callback 214-555-5979
CC-66085,"JACKSON, E",U,14,1/21/2018,9240 Harry Hines Blvd,130,Open,Witness can be reached at 214.555.4408
CC-46079,"ROSS, R",M,40,10/03/2024,4728 Westmoreland Rd, 216 ,CLOSED,"Neighbor reported shots, no name, no number"
CC-77575,"  DELGADO, R ",M,6,1981-01-13,4460 Scyene Rd,215,CLOSED,cb: (214) 555-8167
CC-86300,"banks, f",F, 45 ,1/17/2023,3711 Bonnie View Rd, 119 ,OPEN,No callback number given
CC-38001,"Howard, N",M,25,1995-07-19,2187 Larkmoor Ln,629,Closed,Caller left callback (214) 555-3924
cc-11664,"Fields, S",M,30,10/14/1997,3522 Fair Oaks Ave,555,CLOSED,Caller left callback (214) 555-3331
cc-28623,"WEBB, H",F,31,2023-03-17,9864 Illinois Ave,beat 438,CLOSED,Caller left callback 214.555.5678
CC-78362,"HOWARD, R",M,23,1989-07-22,3046 Camp Wisdom Rd,303,CLSD,Caller left callback 214-555-1999
CC-56064,"GARCIA, F",M,37,"January 12, 1993",4010 Singleton Blvd,315,CLOSED,"Neighbor reported shots, no name, no number"
 CC-38468 ,"LOPEZ,  A",f,21,2021-12-20,1036 Ledbetter Dr,Beat 338,CLSD,
cc-92932,"REED, P",M, 43 ,2018-02-26,6594 Ferguson Rd,beat 429,Closed,
CC-57835,"Edwards, S",M,18,"June 23, 1989",1416 Ferguson Rd,451,CLOSED,Witness can be reached at 214-555-0807
CC-84836,"MEDINA, C",F,22,2023-01-25,3339 Ledbetter Dr,651,CLOSED,"Anonymous tip, callback 214-555-8182, said they saw a dark sedan"
CC 58345,"LONG, F",M,24,2005-09-28,3450 Harry Hines Blvd,234,Closed,
CC-77768,"sanchez, n",F,35,06/14/2002,9571 Scyene Rd, 418 ,Closed,Witness can be reached at 214.555.7537; possibly linked to CC-70089
CC-27865,"caldwell, f",Female,28,1990-04-02,4615 Greenville Ave,150,CLOSED,"Anonymous tip, callback (214) 555-0063, said they saw a dark sedan"
CC-51381,"CHAVEZ, T",M, 44 ,1993-11-08,7117 Jefferson Blvd, 315 ,CLOSED,Witness can be reached at 214-555-1434
cc-27631,"Guerrero, K",M,31,2012-09-13,189 Kiest Blvd,Beat 501,CLSD,"Tip line call, caller hung up"
CC 13865,"henderson, n",MALE, 42 ,8/12/1992,4140 Harry Hines Blvd,256,CLOSED,
CC-67504,"MORALES, A",M,14,2011-10-11,5884 Camp Wisdom Rd, 624 ,Closed,Witness can be reached at (214) 555-4143
CC-77658,"Tucker, E",MALE,27,1992-03-08,7552 ILLINOIS AVE,429,CLEARED,"Neighbor reported shots, no name, no number"
cc-83256,"JACKSON, G",M,33,1984-05-30,9572 Military Pkwy,215,,"Anonymous tip, callback 214.555.6489, said they saw a dark sedan"
CC-20738,"ADAMS,  P",M,39,12/07/2007,2892 Elm St,beat 119,OPN,"Walk-in tip, declined to give contact"
CC-77556,"WELLS, J",Female,20,2018-08-16,3437 LARKMOOR LN,328,OPEN,
cc-65241,"GARNER,  V",M,52,2007-06-16,1551 Westmoreland Rd,247,CLOSED,Caller left callback 214-555-3110
CC-76830,"TUCKER, N",F, 16 ,"August 11, 2007",3710 FERGUSON RD,553,CLOSED,Caller left callback 214-555-4560
 CC-49698 ,"LOPEZ, S",M,,1997-09-25,8410 Larkmoor Ln,beat 521,Closed,
CC-80226,"FORD, L",M,26,"December 7, 1996",5260 Greenville Ave,630,Open,"Neighbor reported shots, no name, no number"
CC31300,"moore, h",f,27,7/1/1995,178 Kiest Blvd,208,CLEARED,Caller left callback 214.555.7680
CC-74832,"Garcia, F",MALE,31,1992-07-19,4516 Greenville Ave,beat 612,OPEN,"Anonymous tip, callback (214) 555-9089, said they saw a dark sedan"
CC-71790,"DIXON, F",unk,24,11/21/1985,6188 Lancaster Rd,beat 315,CLOSED,cb: 214.555.4520
CC-79210,"hill, r",MALE,27,"December 11, 2022",7689 Royal Ln,741,OPEN,possibly linked to CC-38978
CC-20523,"Davis, S",M,40,12/10/1983,2561 Lancaster Rd,724,CLOSED,"Anonymous tip, callback 214.555.9252, said they saw a dark sedan; possibly linked to CC-17986"
CC-74679,"WARD, E", M, 20 ,12/17/1983,8611 LAKE JUNE RD,526,OPN,
CC 32062,"STEWART,  A",M, 20 ,2010-12-30,887 Singleton Blvd,B-517,open,possibly linked to CC-76219
 CC-15154 ,"watson, a",M,27,"April 2, 2010",1598 Greenville Ave,241,open,"Anonymous tip, callback 214-555-4888, said they saw a dark sedan"
CC-36308,"Carter, A",M,19,"August 1, 2010",380 Buckner Blvd, 338 ,OPEN,
CC-52196,"White, N",F,39,1995-04-10,2948 Elm St,Beat 521
CC-98160,"  LOPEZ, W ",M,N/A,1993-08-24,7376 Elm St,beat 219,Closed,"Anonymous tip, callback 214.555.8061, said they saw a dark sedan; possibly linked to CC-86908"
 CC-83244 ,"JOHNSON, P",MALE,47,2019-08-13,1078 Webb Chapel Rd,418,Open,"Walk-in tip, declined to give contact"
CC-85801,"WARD, A",m, 1 ,1987-07-31,223 Ferguson Rd,359,CLOSED,Witness can be reached at 214.555.9224
CC-11873,"EDWARDS, A",Male,29,1996-11-04,6117 Lancaster Rd,303,CLSD,Witness can be reached at 214-555-5923
CC-45335,"PRUITT, R",F,37,1997-10-22,8360 Singleton Blvd,beat 133,closed,possibly linked to CC-81011
CC-14124,"SPENCER, V", M,24,2006-05-08,8660 ILLINOIS AVE,741,CLOSED,Witness can be reached at 214.555.4878
CC-60841,"HOLLAND, W",Female,18,2012-12-19,6198 FERGUSON RD,152,CLSD,"Anonymous tip, callback 214.555.0668, said they saw a dark sedan"
 CC-32428 ,"lane, n",M,45,"December 30, 2006",2813 Kiest Blvd,beat 724,CLOSED,"Neighbor reported shots, no name, no number"
cc-99520,"PORTER, T",M, 34 ,10/15/2023,3101 Lancaster Rd,202,CLOSED,Caller left callback 214-555-3270; possibly linked to CC-63641
CC 71807,"WALKER, T",M,20,2017-01-24,2267 Illinois Ave,420,Closed,"Anonymous tip, callback 214.555.4452, said they saw a dark sedan"
cc-59269,"owens, w",M,10,1991-08-04,2453 Military Pkwy,651,CLSD,Witness can be reached at 214.555.5257
CC84355,"PHILLIPS, R",F,51,2019-05-15,4580 Webb Chapel Rd,beat 418,CLOSED,cb: 214.555.0211
CC-61453,"Woods, N",M,26,1990-12-23,9111 ROYAL LN,130,CLOSED,
CC 99777,"PRUITT, C",M,29,1994-01-20,4665 KIEST BLVD,256,CLOSED,cb: 214-555-2829
CC-25438,"Castillo, M",M,39,1998-07-16,4236 Kiest Blvd,beat 121,OPN,Witness can be reached at 214.555.0431
cc-60586,"Reyes, G",M,22,2013-02-23,1078 Larkmoor Ln,354,CLOSED,
CC-82195,"HILL, T",M,23,1991-04-06,161 Singleton Blvd,553,closed,possibly linked to CC-40035
CC-70046,"Davis, F",M,25,"June 29, 1986",5764 Larkmoor Ln
CC16196,"Williams, W",Male,32,1991-02-24,8678 Ledbetter Dr,328,CLOSED,Witness can be reached at (214) 555-7527
cc-39846,"DOUGLAS,  M",M,29,06/20/2002,1740 Harry Hines Blvd,beat 438,Open,possibly linked to CC-96669
CC-10018,"RAMIREZ, V",M,20,1/18/1994,9160 Camp Wisdom Rd,550,CLOSED,Witness can be reached at 214-555-3181
CC-70654,"Tate, G", M,26,1995-08-09,9905 Military Pkwy,152,CLOSED,Caller left callback (214) 555-3258
CC-63840,"MARTINEZ, L",M,37,2003-01-10,6756 LANCASTER RD,130,CLOSED,Caller left callback (214) 555-4546
 CC-36458 ,"coleman, p",M, 26 ,2008-03-11,3277 Greenville Ave,133,CLOSED,cb: 214.555.8154
CC-58802,"  SMITH, S ",M,unknown,"April 27, 1991",2288 CAMP WISDOM RD,724,Closed,cb: (214) 555-5603
CC-95522,"chavez, t",M,39,2004-12-13,8115 Greenville Ave,beat 451,Open,"Anonymous tip, callback 214-555-3851, said they saw a dark sedan; possibly linked to CC-32872"
CC-88947,"Smith, W",F,22,04/07/1988,8952 Elm St,501,OPEN,Caller left callback 214-555-3660
 CC-97949 ,"CALDWELL, M",F,37,02/27/1983,6512 Larkmoor Ln,717,CLOSED,Witness can be reached at 214.555.5669
 CC-85933 ,"torres, t",M,33,2009-05-28,6700 Singleton Blvd,526,OPEN,"Walk-in tip, declined to give contact"
CC-71824,"pruitt, w",F,40,"October 5, 1996",2354 LAKE JUNE RD,157,CLSD,No callback number given
CC-78929,"washington, r",M,43,1992-12-29,6513 Camp Wisdom Rd,550,CLEARED,
CC-75492,"  NELSON, M ",M,42,1992-04-10,8228 Illinois Ave,724,closed,possibly linked to CC-37039
CC-61285,"ward, d",M,39,2024-09-01,4503 Elm St,B-526,Closed,"Tip line call, caller hung up"
CC-36600,"VARGAS, L",female,19,06/18/1996,8103 Bonnie View Rd, 625 ,CLSD,cb: (214) 555-1411
CC61825,"Malone, T",m,30,2010-08-28,6518 BUCKNER BLVD,335,CLOSED,"Neighbor reported shots, no name, no number"
CC-61158,"SPENCER, J",M,33,03/15/1998,1968 LEDBETTER DR,612,CLOSED,
CC-47051,"edwards, w",F,20,1/28/2008,6699 MARSALIS AVE,750,OPEN,Witness can be reached at 214-555-6062
CC-64476,"cruz, j",M,30,1982-06-22,201 Webb Chapel Rd,625,closed,
CC-64661,"jordan, g",F, 34 ,1989-09-22,5205 LAKE JUNE RD,553,CLOSED,"Anonymous tip, callback (214) 555-4869, said they saw a dark sedan"
CC 25387,"henderson, h",M,46,"May 30, 1993",2523 ROYAL LN,713,CLEARED,cb: 214-555-2458
CC-64222,"  WOODS, A ",m,34,1989-05-09,9349 LAKE JUNE RD,354,CLOSED,
CC-47743,"Spencer, N",M, 47 ,2014-10-29,9086 Harry Hines Blvd,505,OPEN,No callback number given
CC-78927,"EVANS,  T",M,21,2027-02-28,420 Royal Ln, 724 ,CLOSED,Caller left callback (214) 555-7047
CC-90655,"PARKER, D",m,12,2000-11-20,3655 WESTMORELAND RD, 215 ,CLSD,"Neighbor reported shots, no name, no number"
CC-93986,"HOLLAND, A",m,36,2024-05-26,6118 Illinois Ave,338,OPN,"Tip line call, caller hung up"
CC-66180,"SULLIVAN, P",M,34,2019-06-04,4918 ELM ST,246,OPEN,
CC-72395,"WEBB, C", M,21,"October 28, 2015",5555 Military Pkwy,418,Open,cb: 214-555-7366
CC98412,"Price, F",M, 37 ,1999-06-12,1056 LANCASTER RD, 130 ,CLSD,Caller left callback 214-555-5452
CC-59218,"malone, n",M,35,1989-07-09,3233 Marsalis Ave,315,CLOSED,cb: 214-555-9281
CC-71676,"thomas, f",M,54,"September 10, 1995"
CC-99203,"Porter, P",female,51,08/16/1983,2403 Webb Chapel Rd,717,closed,"Tip line call, caller hung up"
cc-54341,"Flores, G",M,25,01/13/2016,7389 Fair Oaks Ave,B-412,closed,Caller left callback (214) 555-7431
CC91077,"mendoza, a",F, 33 ,"March 17, 1997",1781 GREENVILLE AVE,Beat 410,OPEN,"Anonymous tip, callback (214) 555-6355, said they saw a dark sedan; possibly linked to CC-23426"
CC61022,"Guerrero, K",m,35,3/19/2013,8818 Westmoreland Rd,121,OPEN,
CC-63769,"Fields, E",M,42,1987-08-17,5848 Ferguson Rd,550,CLSD,Caller left callback 214-555-3913
CC-31928,"CHAVEZ, D",Male,N/A,"May 7, 2019",8382 Marsalis Ave,B-451,OPEN,"Tip line call, caller hung up"
CC51069,"SULLIVAN, N",M,28,07/05/1990,4049 GREENVILLE AVE,208,closed,"Anonymous tip, callback 214.555.9589, said they saw a dark sedan"
CC82189,"Nguyen, R",F, 23 ,02/09/2007,6458 Marsalis Ave,beat 429,CLOSED,Caller left callback 214.555.9631; possibly linked to CC-27271
cc-46295,"Tate, E",Male,25,1993-04-29,6780 Fair Oaks Ave,412,CLEARED,Witness can be reached at 214-555-8671
cc-26809,"NORRIS, P",MALE,32,2010-03-15,1966 Larkmoor Ln,359,CLOSED,"Anonymous tip, callback (214) 555-8431, said they saw a dark sedan"
CC-41757,"  COLEMAN, T ",M,46,2018-10-12,7998 Harry Hines Blvd,724,CLOSED,"Neighbor reported shots, no name, no number"
CC-61248,"CARTER, D",MALE,26,1991-10-02,4521 Military Pkwy,359,closed,"Tip line call, caller hung up"
CC-21520,"Patterson, V",M,18,04/21/1987,9234 Ferguson Rd,Beat 130,open,cb: (214) 555-0611
CC94561,"TUCKER, L",M,33,1990-05-11,6619 Singleton Blvd, 420 ,CLOSED,"Anonymous tip, callback 214.555.6729, said they saw a dark sedan"
CC-21046,"bell, h",M,26,1990-08-02,4409 Royal Ln,553,CLOSED,cb: 214.555.6637
CC-67855,"Guerrero, R",M,66,"June 28, 2010",904 Scyene Rd,702,Open,
CC-36319,"Mendoza, R",M,32,"January 19, 2024",4602 Buckner Blvd,Beat 455,Open,
cc-52204,"SANCHEZ, N",f,35,08/09/1997,5188 Fair Oaks Ave,256,CLOSED,"Walk-in tip, declined to give contact"
CC-60479,"MEDINA, J",MALE,43,1992-10-20,5615 Greenville Ave, 529 ,closed,"Neighbor reported shots, no name, no number"
CC-21551,"FIELDS, L",M,55,10/04/2004,2947 Jefferson Blvd,Beat 501,CLOSED,"Tip line call, caller hung up"
CC-12077,"THOMAS, V",MALE,37,05/23/2020,7583 Buckner Blvd,Beat 133, OPEN ,"Tip line call, caller hung up"
CC-63476,"NAVARRO, V",F,39,1993-06-05,4069 CAMP WISDOM RD,501,CLOSED,"Walk-in tip, declined to give contact"
CC-84478,"WELLS, K",M,17,2012-05-29,4832 Illinois Ave,359,closed,cb: 214.555.3753
CC-59463,"richardson, k",M,31,2019-03-19,6910 Ferguson Rd, 451 ,OPEN,
CC-72231,"PARKER, K",M,18,2015-08-01,8188 Greenville Ave, 216 ,Closed,
 CC-92810 ,"KING, E",M,15,3/31/2017,7618 Lake June Rd, 246 ,CLOSED,Caller left callback (214) 555-0119; possibly linked to CC-24337
CC-77033,"Turner, R",M,7,2/28/1990,1859 Greenville Ave,741,CLOSED,"Anonymous tip, callback (214) 555-6531, said they saw a dark sedan"
CC 37732,"WILSON, S",M,24,1987-12-18,3005 Illinois Ave,553,CLOSED,cb: (214) 555-6090
CC-68497,"Webb, N",m,23,1990-07-16,6061 Camp Wisdom Rd,418,OPEN,Witness can be reached at 214.555.4833
 CC-69277 ,"EVANS,  V",M,13,1993-03-26,3169 Ferguson Rd,119,CLOSED,No callback number given
CC-74167,"SCOTT, B",M, 23 ,1999-07-14,9195 Westmoreland Rd,beat 119,CLOSED,
CC-91068,"Garcia, B",M, 14 ,2017-12-02,8887 KIEST BLVD, 521 ,CLOSED,possibly linked to CC-41592
CC45528,"BROOKS, A",M,46,1986-02-30,2270 Bonnie View Rd,beat 439,CLOSED,No callback number given
CC-633937,"PAYNE, P",M, 27 ,"September 13, 1986",7254 WEBB CHAPEL RD,550,CLOSED,"Walk-in tip, declined to give contact"
CC-81899,"  MORALES, P ",M,36,2005-01-22,9108 FAIR OAKS AVE,B-133,CLOSED,"Anonymous tip, callback 214-555-0515, said they saw a dark sedan"
CC-32169,"  ORTIZ, M ",F,26,09/15/2003,423 Illinois Ave,,closed,Witness can be reached at 214-555-7853
CC-54519,"lopez, c", M, 23 ,2015-03-02,1782 Lake June Rd, 430 ,open,"Neighbor reported shots, no name, no number"
CC-62682,"Spencer, J",Female,39,"September 29, 1998",8006 Kiest Blvd,241,Open,Witness can be reached at (214) 555-4639
CC-64009,"Perez, H",M,-1,1989-01-11,8723 ILLINOIS AVE,150,CLOSED,
CC94207,"GOMEZ, N",M, 40 ,1998-08-21,6736 Royal Ln,338,CLOSED,"Anonymous tip, callback (214) 555-8021, said they saw a dark sedan"
CC-71205,"OWENS, K",M,12,2002-03-08,6084 Elm St,410,CLOSED,
CC 48369,"CASTILLO,  E",M,53,1995-06-15,6549 Marsalis Ave,beat 519,Open,
 CC-62275 ,"Jenkins, T",Male,25,1989-12-06,9001 LANCASTER RD, 517 ,OPN,
CC-91447,"HERRERA,  V",U,51,2014-05-16,1590 Ferguson Rd
CC-84313,"FUENTES, V",M,39,03/14/2009,7058 Westmoreland Rd,438,CLOSED,Witness can be reached at 214.555.7483
cc-48030,"SIMMONS, V",M,17,3/10/1996,4256 CAMP WISDOM RD,B-130,OPEN,Witness can be reached at (214) 555-5216
CC-30966,"WELLS, V",M,31,2005-11-03,9717 Jefferson Blvd,521,open,
CC-71372,"WEBB, K",M, 29 ,2018-09-19,7796 CAMP WISDOM RD,624,closed,"Neighbor reported shots, no name, no number"
cc-42221,"MARSH, T",M,23,1990-05-21,4724 Bonnie View Rd,Beat 717,OPEN,possibly linked to CC-19436
cc-21104,"LONG, S",M,36,2016-11-24,8335 Camp Wisdom Rd,B-247,OPEN,No callback number given
CC-93090,"ORTIZ, G",female,18,1986-04-28,2139 Elm St, 121 ,CLOSED,"Anonymous tip, callback (214) 555-1093, said they saw a dark sedan"
CC-92839,"GREEN, K",M,46,2/14/2000,9945 Fair Oaks Ave,202,OPEN,cb: 214.555.1999
 CC-92663 ,"Payne, H",M,25,1983-01-19,2532 Marsalis Ave,418,Closed,cb: 214-555-3539
CC 24478,"Ramos, L",Male,37,11/6/2023,6759 Buckner Blvd,beat 750,CLOSED,"Anonymous tip, callback (214) 555-4092, said they saw a dark sedan"
CC-88149,"James, P",M,29,1993-10-18,6895 Greenville Ave,429,OPEN,"Tip line call, caller hung up"
CC-74100,"  COLLINS, N ",M, 35 ,1989-08-30,9602 Lake June Rd,157,Closed,Caller left callback (214) 555-5955
cc-65985,"BROOKS, H",M,40,07/14/1993,823 Bonnie View Rd, 418 ,OPEN,Witness can be reached at (214) 555-4436
CC-50081,"osei, h",M,44,01/03/1990,6115 Webb Chapel Rd,354,closed,
CC15461,"ORTIZ, B",M,30,"December 18, 2001",5782 Camp Wisdom Rd,439,OPEN,Caller left callback 214.555.6818
CC 58367,"DELGADO, M",F,55,2022-04-08,649 Lake June Rd,beat 335,OPEN,Caller left callback 214-555-9846; possibly linked to CC-16905
CC-68326,"moore, k",F,24,05/20/1990,1550 Royal Ln,B-241,CLOSED,possibly linked to CC-89363
cc-71994,"mccoy, g",M, 22 ,1986-11-13,6536 Larkmoor Ln,241,open,possibly linked to CC-10536
CC-38350,"SANDERS,  P",M,47,1987-06-17,4610 HARRY HINES BLVD,202,CLOSED,cb: (214) 555-5157
CC-17433,"  SCOTT, T ",F,14,2010-05-19,7061 HARRY HINES BLVD,529, OPEN ,possibly linked to CC-17426
CC 44598,"perez, e",m,16,2008-08-20,2419 MARSALIS AVE,410,open,Caller left callback 214-555-2033
CC-31960,"BANKS, L",M,32,2025-09-22,4856 WEBB CHAPEL RD,beat 215,OPEN,possibly linked to CC-85933
 CC-71073 ,"miller, f",M,31,"December 13, 2002",3556 FERGUSON RD,B-215,CLOSED,Witness can be reached at (214) 555-5987
CC-24325,"  RICHARDSON, S ",M,28,2017-12-23,7089 LARKMOOR LN, 335 ,Closed,"Tip line call, caller hung up"
   
CC-60713,"Fields, N",female,31,05/28/1988,3873 Ferguson Rd,651,CLSD,Caller left callback 214.555.6180; possibly linked to CC-59604
CC 34552,"JORDAN, J",M,48,"September 13, 2020",2980 Bonnie View Rd,242,closed,Witness can be reached at (214) 555-7438
CC-65522,"nguyen, b",F,30,9/4/1989,2368 FAIR OAKS AVE,629,OPN,"Tip line call, caller hung up"
CC 72096,"Jenkins, M",F,18,"July 20, 1990",3032 MILITARY PKWY,754,CLOSED,"Anonymous tip, callback (214) 555-5058, said they saw a dark sedan"
CC-52748,"RICHARDSON, V",Female,50,2011-08-11,1422 LEDBETTER DR,beat 150,CLOSED,Witness can be reached at 214-555-9893
CC94698,"BRYANT, C", M,18,"February 20, 2010",9094 Marsalis Ave,beat 208,CLOSED,Caller left callback 214.555.3076
CC-85254,"CRUZ, J",M,11,8/18/1988,5884 MARSALIS AVE,Beat 555,CLOSED,Witness can be reached at 214.555.6837
CC-17907,"DOUGLAS, A",M,40,09/30/1994,7272 Royal Ln,Beat 256,CLOSED,Caller left callback 214.555.2084; possibly linked to CC-30733
cc-36008,"LOPEZ, R",M, 39 ,10/17/2021,7357 Greenville Ave, 219 ,OPEN,"Walk-in tip, declined to give contact"
CC-99149,"SIMMONS, M",M,39,2024-01-27,9522 Singleton Blvd,505, OPEN ,"Neighbor reported shots, no name, no number"
CC-95688,"ramos, d",M, 23 ,1991-02-30,6255 KIEST BLVD,B-256,Open,"Anonymous tip, callback (214) 555-3220, said they saw a dark sedan"
CC-12592,"WALLACE,  M",M,32,"April 14, 1993",1533 Westmoreland Rd,beat 121,OPEN,No callback number given
CC-20394,"medina, t",F ,24,"February 28, 2024",5197 Lake June Rd,Beat 430,OPEN,
cc-33610,"JAMES, S",F,7,2002-09-09,4400 Lancaster Rd,beat 119,OPEN,
CC 27149,"reed, r",Male,50,2017-01-10,2886 ELM ST,624,CLOSED,
CC 55547,"BELL, G",F, 28 ,1983-09-27,5326 Marsalis Ave,B-359,Closed,Witness can be reached at (214) 555-6396
CC-65434,"PRICE, B",M, 28 ,"August 15, 1990",2138 Greenville Ave,555,OPEN,Witness can be reached at (214) 555-4949
 CC-84548 ,"  GUERRERO, F ",M,N/A,12/1/2010,8719 Scyene Rd,beat 242,open,cb: 214.555.0868
case_id,victim_name,sex,age,incident_date,address,beat,status,tip_notes
cc-65767,"MARTINEZ, S",M,32,1984-03-08,5749 Singleton Blvd,B-303, OPEN ,"Walk-in tip, declined to give contact"
cc-74800,"Stewart, H",F, 24 ,01/04/2009,8107 Greenville Ave,B-439,CLOSED,"Tip line call, caller hung up"
CC-18523,"  OSEI, M ",M,47,1992-05-20,1180 Elm St,121,Closed,Witness can be reached at 214-555-8540; possibly linked to CC-15175
CC-16801,"JAMES, T",M,0,"November 29, 2019",429 Bonnie View Rd,315,Closed,Witness can be reached at 214.555.9534
CC-87545,"DELGADO, P",M,59,1985-05-08,5900 Military Pkwy,439,closed,cb: 214-555-6144; possibly linked to CC-45240
CC-37365,"RAMIREZ, M",M,22,12/09/1997,5079 GREENVILLE AVE,119,CLSD,
CC 63678,"NAVARRO, V",F,27,"September 21, 2010",3396 Singleton Blvd,B-521,CLOSED,"Anonymous tip, callback (214) 555-2237, said they saw a dark sedan"
 CC-27110 ,"VARGAS, W",M,43,1995-01-16,4908 Illinois Ave,338,OPEN,No callback number given
CC-16170,"CASTILLO, E",m,26,,9358 Marsalis Ave,219,Closed,possibly linked to CC-10475
 CC-36587 ,"miller, h",F,17,"May 22, 2012",9680 Royal Ln,409,Closed,No callback number given
CC-49854,"  HOWARD, H ",M,17,"January 17, 2013",6469 Royal Ln, 439 ,Closed,No callback number given
CC-49409,"PORTER, B",M,49,2022-07-20,5969 Royal Ln,beat 754,CLOSED,cb: 214.555.3713
CC-36023,"  SCOTT, R ",M,63,"August 29, 2011",655 Ledbetter Dr,Beat 242,CLOSED,Caller left callback 214-555-6428; possibly linked to CC-96803
cc-19382,"OKAFOR, S",Female,7,1998-12-08,8351 Ferguson Rd,beat 215,CLOSED,Witness can be reached at 214.555.4822
CC 73250,"Gibson, B",M, 42 ,"July 14, 1997",5817 BUCKNER BLVD,B-418,CLOSED,cb: (214) 555-6492; possibly linked to CC-79125
CC58527,"webb, t",M,29,2023-06-16,4869 Greenville Ave,505,OPEN,Witness can be reached at (214) 555-1508
CC 69668,"herrera, g",Male,17,2005-11-15,895 ELM ST,Beat 409,CLEARED,Caller left callback (214) 555-1452
CC-48416,"DAVIS, B",F,3,10/28/1995,8564 BUCKNER BLVD,501,CLOSED,No callback number given
CC-23051,"Tate, V",M,36,2010-03-10,7132 Illinois Ave,246,CLEARED,cb: 214.555.4493
CC-41462,"  WARD, R ",F,31,10/29/1997,6509 Lancaster Rd,550,CLOSED,Caller left callback (214) 555-4800; possibly linked to CC-11827
cc-14975,"BOOKER,  E",F,29,2019-03-16,7652 MARSALIS AVE,326,open,No callback number given
CC-67982,"EDWARDS, H",M,34,"May 22, 1999",6040 ILLINOIS AVE,750,CLOSED,"Anonymous tip, callback 214-555-0157, said they saw a dark sedan"
CC-35362,"MARTINEZ, R",M,47,"January 21, 1990",2555 Fair Oaks Ave,B-241,CLOSED,cb: 214-555-4274
CC-65522,"NGUYEN, B",F,30,09/04/1989,2368 Fair Oaks Ave,629,Open,"Tip line call, caller hung up"
CC-98998,"  MITCHELL, P ",M,25,2024-03-09,7004 Lake June Rd,517,OPEN,
CC-24936,"OSEI, A",F, 19 ,2005-09-07,1987 Larkmoor Ln,B-553,CLOSED,"Tip line call, caller hung up"
CC-63551,"NORRIS,  N",M,38,"November 2, 2019",9150 Jefferson Blvd,215,OPEN,
CC 25367,"NGUYEN, J",M,54,"July 3, 1995",9375 Westmoreland Rd,152,Closed,"Anonymous tip, callback (214) 555-6869, said they saw a dark sedan"
CC89702,"banks, l",M,37,1996-04-10,7998 Buckner Blvd,Beat 517,Closed,"Anonymous tip, callback 214.555.9746, said they saw a dark sedan"
CC83784,"  COLEMAN, P ",M,38,01/30/2016,9722 SINGLETON BLVD,335,closed,cb: (214) 555-2107
CC-98599,"HAYES, G",M,21,2002-09-28,3033 Scyene Rd,242,closed,cb: 214-555-8301; possibly linked to CC-73262
CC-46333,"  GIBSON, B ",M,40,"January 9, 2022",2667 Webb Chapel Rd,219,OPEN,possibly linked to CC-17971
CC-15101,"SANDERS, N", M,32,  ,734 Elm St,501,CLOSED,
CC-49818,"norris, j",M,43,1986-09-07,6884 Jefferson Blvd,,CLOSED,"Neighbor reported shots, no name, no number"
CC-41748,"  TURNER, W ",M,30,04/02/1985,4925 Jefferson Blvd,326,Open,Caller left callback (214) 555-0868
CC-14432,"Foster, C",M,45,"July 12, 1986",2211 Harry Hines Blvd,beat 242,Open,Witness can be reached at (214) 555-3851
CC-15650,"GUERRERO,  R",MALE,38,4/22/1985,6915 Greenville Ave,Beat 121,OPEN,"Anonymous tip, callback (214) 555-1876, said they saw a dark sedan"
CC-16656,"Osei, H",F,UNK,"March 11, 2024",4927 FERGUSON RD,Beat 217,OPEN,
CC 46837,"GOMEZ, H",M,26,2023-07-08,4394 Ledbetter Dr,517, OPEN ,"Tip line call, caller hung up"
cc-88337,"robinson, d",M,53,1990-07-03,6957 Marsalis Ave,B-630,OPEN,cb: (214) 555-1789
CC-71605,"WASHINGTON, M",m, 3 ,06/12/2012,7928 Elm St,beat 326,OPN,"Tip line call, caller hung up"
cc-97003,"WEBB, V",M,16,1992-10-26,8275 Ferguson Rd,202,OPEN,Witness can be reached at (214) 555-5827
CC-83595,"martin, j",F,13,2021-08-24,9256 SCYENE RD,217,OPEN,Caller left callback 214-555-7715
 CC-86327 ,"OWENS,  K",M,55,1997-07-23,2997 Westmoreland Rd,553,CLOSED,No callback number given
CC-16771,"PAYNE, F",MALE,32,6/1/1986,8179 Kiest Blvd,430,Closed,No callback number given
CC 82009,"MALONE, V",M,15,02/21/2011,889 Elm St,215,Closed,cb: 214.555.5652
cc-34795,"PRICE, S",M,19,"September 15, 1998",1459 Military Pkwy,517,OPEN,possibly linked to CC-20739
CC-41978,"REED, A",m,UNK,03/04/2002,2351 FERGUSON RD,526,open,Witness can be reached at 214.555.5103
CC-92144,"WILSON, P",M,21,2000-07-28,6591 Scyene Rd,241,CLOSED,"Anonymous tip, callback (214) 555-7749, said they saw a dark sedan"
CC-61645,"MILLER, E",M,32,2015-02-07,7915 Lake June Rd,B-217,CLOSED,"Neighbor reported shots, no name, no number"
CC-86260,"DAVIS, C",M,23,1/26/1988,6039 Royal Ln,B-717,CLOSED,No callback number given
CC-87906,"Garner, L",M,32,1996-12-26,8920 Camp Wisdom Rd,B-750,CLOSED,"Walk-in tip, declined to give contact"
CC-96524,"davis, v",M,47,"September 8, 1994",2220 Lancaster Rd,B-526,CLOSED,Witness can be reached at (214) 555-1977
CC-80079,"OKAFOR, S",F,30,2024-12-26,8669 Camp Wisdom Rd,150,OPN,Caller left callback 214-555-0204
CC-20475,"RODRIGUEZ, N",Male,22,1994-10-28,2396 Scyene Rd,B-153,CLOSED,Witness can be reached at (214) 555-0513
CC-18428,"MURPHY, A",F,25,2018-12-02,6537 BUCKNER BLVD, 409 ,open,Caller left callback 214.555.6297
CC-62055,"CRUZ, K",M,22,1986-07-12,2895 Kiest Blvd,246,Closed,Caller left callback 214.555.7233
CC-54802,"JORDAN, N",M,30,1994-02-18,3485 Singleton Blvd,119, OPEN ,No callback number given
CC-94846,"MARTINEZ, D",F,38,"April 11, 1992",3234 FERGUSON RD,451,CLEARED,"Anonymous tip, callback 214.555.4685, said they saw a dark sedan"
CC-11633,"MCCOY, C",M, 4 ,"December 24, 2025",3011 Singleton Blvd,beat 702,CLOSED,"Anonymous tip, callback (214) 555-9469, said they saw a dark sedan"
CC-80742,"  PARKER, N ",m,36,04/18/1983,139 LAKE JUNE RD,beat 152,CLOSED,cb: 214.555.2408; possibly linked to CC-77085
 CC-91399 ,"KING, R", M,27,1990-07-20,9599 Greenville Ave,beat 133,CLOSED,
cc-24093,"HUGHES, P",M, 26 ,12/26/1990,8913 Illinois Ave,153,CLOSED,
CC-33498,"HERRERA, G",M,25,03/25/1994,5567 Kiest Blvd,612,CLOSED,
CC57547,"  WARD, C ",M,22,"January 29, 1995",149 Lake June Rd,517,Closed,Witness can be reached at (214) 555-4436
cc-53107,"cruz, l",M,14,"August 18, 2023",6530 ILLINOIS AVE,Beat 517,CLEARED,Witness can be reached at (214) 555-3310
CC-34261,"JOHNSON, S",M,28,2015-08-09,6614 Illinois Ave,354
CC-89459,"  HARRIS, A ",F,37,1992-09-01,9814 Marsalis Ave,beat 457,Closed,
cc-43468,"RIVERA, K",M,57,06/14/1993,1294 Buckner Blvd,501,CLOSED,
CC60057,"NAVARRO, S",M,37,1986-06-21,2703 Larkmoor Ln,Beat 438,CLOSED,"Anonymous tip, callback (214) 555-4248, said they saw a dark sedan"
CC-91844,"KING, B",M,24,2007-05-19,8407 Military Pkwy, 215 ,CLOSED,"Anonymous tip, callback 214.555.8682, said they saw a dark sedan"
CC-67058,"OSEI, B",M,23,1995-07-05,8591 Marsalis Ave,beat 157,Closed,
CC-31938,"RAMOS, M",Female,23,2013-11-14,6652 Greenville Ave,717,OPN,Witness can be reached at (214) 555-6826
CC-78703,"PAYNE,  E",m,24,6/5/1995,355 Ledbetter Dr, 651 ,Closed,Caller left callback (214) 555-7316
CC-88650,"CASTILLO, L",m,27,2020-10-03,6313 Greenville Ave,B-328,OPEN,No callback number given
CC-68004,"RICHARDSON, H",M,36,1996-03-30,6892 Larkmoor Ln,702,Closed,cb: 214-555-7625
CC-49754,"PARKER, D",F,40,1987-03-16,333 JEFFERSON BLVD,215,OPEN,cb: 214.555.9381
CC-37440,"HUGHES,  S",F,31,2023-04-03,9014 Royal Ln,beat 150,OPEN,"Tip line call, caller hung up"
CC-80059,"GARNER, R",F,24,12/02/1982,5661 Lake June Rd,Beat 241,CLOSED,
 CC-25361 ,"jenkins, t",m,9,"November 6, 2023",5710 ELM ST,beat 550,OPN,Witness can be reached at 214-555-7813
CC-87985,"DOUGLAS, C",female,42,2023-11-29,8104 KIEST BLVD,150,CLOSED,Witness can be reached at 214-555-2526
CC-71486,"HALL, E",m,6,2006-06-13,1574 Lancaster Rd,Beat 519,CLOSED,No callback number given
CC-96101,"KING, P", M,40,2023-12-04,6542 Ledbetter Dr,702,CLOSED,Witness can be reached at 214-555-9640
cc-28143,"GREEN, V",m,51,"February 6, 2022",4897 Elm St,451,Open,"Anonymous tip, callback 214.555.1254, said they saw a dark sedan"
CC-80332,"MITCHELL, N", M,15,2/28/1995,2981 Greenville Ave,beat 717,CLOSED,
CC-42773,"ALVAREZ, L",F,49,04/02/1989,6591 Camp Wisdom Rd,Beat 717,Closed,cb: (214) 555-6790
cc-53506,"Norris, G",M,27,8/26/2017,4448 GREENVILLE AVE,359,CLOSED,"Neighbor reported shots, no name, no number"
 CC-49605 ,"COLLINS, S",m,10,04/30/1984
 CC-21254 ,"DELGADO, K",Male, 43 ,2025-10-08,1743 Royal Ln,beat 335,Closed,No callback number given
CC-34549,"bryant, m",F , 20 ,"May 27, 2006",422 Military Pkwy,beat 750,Closed,
CC-43451,"MARTIN, T",MALE,22,1991-11-26,7174 Harry Hines Blvd,741,CLOSED,"Anonymous tip, callback 214-555-0744, said they saw a dark sedan"
CC-81315,"Fuentes, V",F,20,1998-03-22,3085 LANCASTER RD,517,OPEN,"Anonymous tip, callback 214-555-0694, said they saw a dark sedan"
CC-75059,"GRAHAM, A", M,27,"April 1, 1985",8725 Lake June Rd,beat 519,CLOSED,Witness can be reached at (214) 555-9815
CC56682,"NAVARRO, V",f,52,1994-06-05,6758 Jefferson Blvd,152,CLOSED,cb: 214.555.6386
 CC-78724 ,"PERRY, M",M,44,1999-08-19,1950 WEBB CHAPEL RD,451,CLOSED,cb: (214) 555-3822
CC-15599,"ALVAREZ, C", M, 19 ,2022-02-22,738 Singleton Blvd,beat 724,OPEN,"Tip line call, caller hung up"
CC-68618,"flores, n",M,14,11/24/1991,5243 FERGUSON RD,B-328,OPEN,Witness can be reached at 214-555-3110
CC28051,"Murphy, R",Male,24,2020-12-26,250 Buckner Blvd,202,Open,Witness can be reached at (214) 555-4362
CC-53599,"  WHITE, T ",MALE,15,2006-10-16,4375 Larkmoor Ln,625,CLOSED,cb: 214-555-0666
CC-35507,"Spencer, L",M,52,2016-10-18,8471 Greenville Ave,B-429,CLOSED,"Anonymous tip, callback 214.555.9675, said they saw a dark sedan"
CC-98235,"LANE, V",F,30,09/26/1989,9966 Royal Ln,B-420,OPEN,
 CC-18036 ,"BANKS, V",M,25,1989-06-30,9184 Westmoreland Rd,153,CLOSED,"Anonymous tip, callback (214) 555-9462, said they saw a dark sedan; possibly linked to CC-77695"
 CC-33498 ,"Herrera, G",M,25,1994-03-25,5567 Kiest Blvd,612,CLOSED,
CC-72950,"DELGADO, N",M,24,01/04/1988,712 FERGUSON RD,beat 555,OPEN,"Neighbor reported shots, no name, no number"
CC-95985,"BAKER, E",M,40,2017-10-27,8423 Jefferson Blvd,B-216,CLOSED,Caller left callback 214-555-5979
CC-12243,"Rodriguez, V",M,46,"December 21, 2010",192 Westmoreland Rd,beat 553,CLOSED,"Neighbor reported shots, no name, no number"
cc-79222,"SIMS, N", M,14,1992-11-27,7583 Ferguson Rd
CC-77141,"WATSON, D",MALE,40,1/10/2015,3626 Singleton Blvd,150,OPEN,No callback number given
CC-90113,"SIMMONS, C",F,6,09/19/1990,8439 Camp Wisdom Rd,451,Open,No callback number given
CC-98401,"Scott, L",M,30,1990-05-06,6292 Kiest Blvd, 521 ,CLOSED,"Neighbor reported shots, no name, no number"
CC-59738,"VARGAS, F",U,35,1994-04-19,653 Singleton Blvd,Beat 438,Closed,cb: 214.555.3903
CC-11577,"CARTER, F",Female,51,1987-05-12,4950 Jefferson Blvd,beat 303,CLOSED,cb: (214) 555-8969
CC96953,"HAWKINS, S",MALE,43,"April 22, 2016",2229 Bonnie View Rd,754,OPN,"Anonymous tip, callback 214-555-6697, said they saw a dark sedan"
CC-46382,"holland, p",M,46,2011-08-15,7980 FAIR OAKS AVE,Beat 517,OPN,"Tip line call, caller hung up"
CC 86695,"PRUITT, E",M,35,01/02/2005,8731 Ferguson Rd,B-326,closed,"Walk-in tip, declined to give contact"
CC 88848,"JOHNSON, L",M,31,1999-08-04,2206 Scyene Rd,Beat 429,Closed,
CC-50754,"Sims, G",F,36,2005-08-27,1269 ROYAL LN,beat 717,OPEN,
CC-53652,"ORTIZ, N",M,18,08/10/2008,8317 LANCASTER RD,412,OPEN,cb: 214.555.0394
CC-39142,"TRAMMELL, B",M,47,08/01/1985,6303 Camp Wisdom Rd,612,OPN,Witness can be reached at (214) 555-4957
CC-61606,"NELSON,  R",M,22,09/22/1983,8476 Larkmoor Ln,242,closed,cb: (214) 555-9017; possibly linked to CC-96967
CC-59178,"ADAMS, N",M,47,4/11/1995,7937 Marsalis Ave,beat 157,CLOSED,Witness can be reached at 214-555-5877
CC62095,"Harris, L",M,38,10/23/1987,4162 Military Pkwy,Beat 630,CLSD,
CC-93601,"PRICE, R",F,5,12/19/1996,9026 Westmoreland Rd,beat 438,CLSD,"Anonymous tip, callback 214.555.5512, said they saw a dark sedan"
CC-56688,"MARTIN, A",F,55,6/6/2022,5582 Camp Wisdom Rd,741,CLSD,"Anonymous tip, callback 214.555.3292, said they saw a dark sedan"
CC-83782,"herrera, h",F, 15 ,1984-02-15,7299 Royal Ln,B-335,CLOSED,Witness can be reached at 214-555-7557
CC-25290,"SIMMONS, B",M,17,11/3/1988,6657 Jefferson Blvd,B-217,OPEN,Caller left callback 214-555-1831
CC-83642,"Fields, H",M,0,1999-09-04,730 Larkmoor Ln,beat 303,OPEN,Witness can be reached at 214-555-5754
CC-99671,"Green, T",M,36,2021-12-06,3022 Webb Chapel Rd,B-409,CLSD,Witness can be reached at 214-555-6373
CC-57647,"foster, g",M,22,1997-06-15,4171 Elm St,328,OPEN,No callback number given
CC-83651,"  SMITH, C ",M,19,2010-09-04,9552 Marsalis Ave,430,CLOSED,"Tip line call, caller hung up"
cc-61156,"WALKER, F",m,32,2013-04-19,9431 Camp Wisdom Rd,B-303,open,No callback number given
CC-44727,"MARTINEZ, M",MALE,39,1986-01-09,3660 Ledbetter Dr,741,CLOSED,
CC-59893,"ORTIZ, V",M,,04/04/2017,913 BUCKNER BLVD,B-625,Closed,Caller left callback 214-555-0965; possibly linked to CC-99755
CC-32800,"Norris, K",F,26,2017-03-27,5488 Singleton Blvd,430,Closed,possibly linked to CC-82997
CC-81315,"FUENTES,  V",F ,20,03/22/1998,3085 LANCASTER RD,517,OPEN,cb: (214) 555-0694
CC-39556,"Torres, V",M,16,06/08/1986,6204 Singleton Blvd,beat 133,CLSD,Caller left callback 214-555-6743
CC-36465,"BAKER, K",M,16,2024-06-09,9506 Bonnie View Rd,247,CLOSED,cb: 214-555-5347
CC-71111,"  COLLINS, S ",F, 13 ,2019-04-30,3794 Westmoreland Rd,256,CLOSED,Caller left callback 214-555-8324
CC13634,"  FLORES, E ",M,,9/5/2013,9078 Bonnie View Rd,130,OPN,
CC-18879,"Ramirez, P",Male,23,1993-07-21,2988 Westmoreland Rd,Beat 234,CLOSED,Caller left callback (214) 555-4213
CC-52365,"mendoza, g",M,44,"September 19, 1995",8637 BUCKNER BLVD,215,CLOSED,"Anonymous tip, callback 214-555-7649, said they saw a dark sedan"
cc-36457,"DELGADO, C", M,41,11/15/1993,2600 Marsalis Ave,B-354,Closed,"Anonymous tip, callback 214.555.2481, said they saw a dark sedan"
CC-57285,"CALDWELL, E",U,33,03/25/1993,4419 MARSALIS AVE,B-328,open,Witness can be reached at 214-555-1437
CC 20347,"OSEI, K",F, 24 ,2022-07-01,1504 Westmoreland Rd,beat 526,OPEN,No callback number given
CC-22250,"TUCKER, M",M, 38 ,1994-06-03,8314 Camp Wisdom Rd,505,CLOSED,Caller left callback (214) 555-6588
CC-89900,"carter, w",Male,8,"April 17, 1983",5592 Scyene Rd,B-429,CLOSED,Witness can be reached at 214-555-7346; possibly linked to CC-41042
CC-60042,"perry, a",Female,18,1998-08-05,4785 Bonnie View Rd,B-724,CLOSED,Witness can be reached at 214.555.2485
CC-54335,"  YOUNG, S ",MALE,25,2009-07-11,3404 Bonnie View Rd,Beat 157,OPEN,Witness can be reached at 214-555-9513
CC-44988,"NGUYEN, M",MALE,35,1993-03-14,3889 Westmoreland Rd,beat 121,CLSD,Caller left callback 214-555-9245
 CC-71019 ,"WOODS, P",M, 33 ,1998-07-12,9765 Lancaster Rd,B-501,CLOSED,cb: (214) 555-7004
CC18247,"BRYANT, G",F,47,12/05/2006,5700 Harry Hines Blvd,702,CLOSED,"Tip line call, caller hung up"
CC-39222,"NAVARRO,  D",F,28,04/15/2015,2382 Buckner Blvd,Beat 457,Closed,No callback number given
CC 63509,"JAMES, V",F, 25 ,12/02/2014,621 Scyene Rd,354,CLOSED,cb: (214) 555-8641
CC-18836,"SANCHEZ, J",F,38,"June 13, 2010",7913 Jefferson Blvd,354,closed,Caller left callback (214) 555-7019
CC-59629,"morales, k",M, 32 ,2017-01-27,4133 Harry Hines Blvd,beat 630,open,
CC-88772,"OSEI, M",F,21,04/23/2003,5956 Westmoreland Rd,409,CLOSED,cb: 214.555.0877
CC-91238,"Edwards, M",M,34,1988-04-30,5055 Singleton Blvd,741,closed,"Anonymous tip, callback 214.555.9726, said they saw a dark sedan"
CC-79894,"Wilson, A",M,24,06/20/2000,4539 Larkmoor Ln,B-247,OPEN,Caller left callback (214) 555-4111
 CC-90415 ,"ELLIS, C",M,33,01/30/2019,1775 HARRY HINES BLVD,717,CLOSED,"Anonymous tip, callback 214.555.4535, said they saw a dark sedan"
CC-95065,"STEWART, A",m, 26 ,4/2/1991,7282 Jefferson Blvd,beat 150,CLSD,Caller left callback 214.555.3470
CC-50695,"WOODS, P",M,49,4/1/2004,9694 FAIR OAKS AVE,beat 555,CLOSED,"Neighbor reported shots, no name, no number"
CC-34812,"herrera, v",M,39,03/05/1997,2835 Harry Hines Blvd,338,CLOSED,possibly linked to CC-78336
CC-88699,"ellis, f",m,39,2023-03-08,9071 Royal Ln,Beat 631,OPEN,cb: 214-555-1157; possibly linked to CC-63659
CC-32828,"Alvarez, B",Male,35,2004-03-25,9641 Singleton Blvd,505,CLOSED,No callback number given
CC-79994,"MITCHELL, B", M,37,2010-04-04,4290 Illinois Ave,215,CLOSED,Witness can be reached at 214.555.6955
CC78281,"WASHINGTON, G",m,18,"December 14, 1994",604 Lake June Rd,328,CLOSED,"Neighbor reported shots, no name, no number"
CC-12533,"CASTILLO, J",M,26,1984-04-12,9902 Webb Chapel Rd,335, OPEN ,Caller left callback (214) 555-7727
CC-15006,"DELGADO, E",m,46,6/25/1987,8944 Singleton Blvd,315,CLOSED,Caller left callback (214) 555-2321
CC-77152,"guerrero, w",M,25,10/15/2014,2839 Marsalis Ave,713,OPN,"Anonymous tip, callback 214.555.7004, said they saw a dark sedan"
CC 79623,"MENDOZA, W",M,23,11/13/2011,588 LAKE JUNE RD,335,Open,No callback number given
CC-88613,"GARNER, C",M,33,2017-02-01,2882 Buckner Blvd,B-328,CLOSED,Caller left callback 214.555.3641
CC 88791,"  BRYANT, M ",F,67,1987-12-20,1927 Fair Oaks Ave,629,OPEN,
CC-23501,"foster, a",MALE,27,1998-03-09,1317 SINGLETON BLVD,741,OPEN,Caller left callback 214.555.3461
CC-81516,"HAYES, W",female,48,04/10/1990,2132 Webb Chapel Rd,beat 153,CLOSED,"Anonymous tip, callback 214-555-3610, said they saw a dark sedan"
CC-27907,"TURNER, N",female,22,1995-10-24,723 Jefferson Blvd,451,CLSD,
CC-91412,"WILLIAMS, P",M, 38 ,1990-06-27,225 Marsalis Ave,152,CLOSED,"Anonymous tip, callback 214-555-0666, said they saw a dark sedan"
CC-35393,"TUCKER,  G",Female,44,1990-08-24,6800 Webb Chapel Rd,651,CLEARED,Caller left callback 214-555-8925
CC-61975,"MEDINA, N",M,38,1996-05-15,1924 Harry Hines Blvd,338,CLOSED,Witness can be reached at 214.555.6697
CC-57434,"CRUZ, N",M,43,1998-09-14,8809 Marsalis Ave,521,OPEN,"Tip line call, caller hung up"
CC-96137,"  MITCHELL, M ",M,35,1993-05-02,3824 ROYAL LN,529,CLOSED,
CC-25375,"HERRERA, D",M,36,1981-10-31,5858 Scyene Rd,beat 724,CLSD,"Anonymous tip, callback 214.555.7355, said they saw a dark sedan"
CC-80991,"  WASHINGTON, G ",M,31,06/16/2009,5701 Kiest Blvd,724,closed,
cc-47515,"  OWENS, D ",M,18,1987-03-03,6522 Ledbetter Dr,153,CLOSED,"Tip line call, caller hung up"
CC-90415,"ELLIS, C",M,33,01/30/2019,1775 Harry Hines Blvd,717,CLOSED,Witness can be reached at (214) 555-4535
CC-14123,"CARTER, N",F,15,2004-05-18,8790 GREENVILLE AVE,217,CLOSED,possibly linked to CC-59677
CC70170,"BAKER, K",Male,19,1981-01-02,9118 Lake June Rd,338,CLOSED,"Tip line call, caller hung up"
 CC-72523 ,"SIMS, M",M,28,2013-06-10,5195 Ledbetter Dr, 216 ,CLSD,"Anonymous tip, callback (214) 555-0057, said they saw a dark sedan; possibly linked to CC-99949"
CC-13781,"WOODS, M",M,39,1988-11-21,2645 Camp Wisdom Rd,Beat 409,OPEN,"Neighbor reported shots, no name, no number"
CC-69870,"RIVERA, P",M,15,"March 9, 1994",2356 ELM ST,Beat 217,CLOSED,cb: 214.555.1875
cc-76192,"JORDAN, F",F,9,"January 7, 1996",1034 LANCASTER RD,beat 553,CLEARED,Witness can be reached at (214) 555-7170
CC-54901,"PORTER, T",female,26,"December 5, 2021",4907 Ferguson Rd,B-629,closed,"Neighbor reported shots, no name, no number"
cc-42545,"fuentes, f",M,9,08/09/2015,6270 Westmoreland Rd, 420 ,OPN,"Tip line call, caller hung up"
cc-38197,"VARGAS, F",M,40,8/30/2019,2803 Westmoreland Rd, 246 ,OPEN,possibly linked to CC-55410
CC-78724,"PERRY, M", M,44,1999-08-19,1950 Webb Chapel Rd,451,closed,"Anonymous tip, callback (214) 555-3822, said they saw a dark sedan"
cc-64311,"wright, c",M, 48 ,2003-02-23,3951 Lancaster Rd,Beat 152,OPEN,cb: (214) 555-0207
CC77982,"moore, g",M,46,02/28/2014,1431 Military Pkwy,717,CLOSED,
CC-15037,"MITCHELL, S",F,17,03/24/1998,2414 Ledbetter Dr,521,closed,Witness can be reached at 214-555-7877
cc-30642,"OSEI, L",MALE,19,7/2/2019,4681 Harry Hines Blvd,354,Closed,possibly linked to CC-63752
CC-46580,"SANCHEZ, J",MALE,40,1989-10-19,1946 Webb Chapel Rd,beat 630,OPEN,
CC-41515,"Price, J",F,29,1998-01-07,3338 Harry Hines Blvd,153,OPEN,Witness can be reached at (214) 555-0426
CC-97789,"rivera, m",M,21,1997-05-22,5266 BUCKNER BLVD,451,Open,cb: (214) 555-3561
CC-64733,"  GRAHAM, E ",MALE,0,2/14/1987,8832 Webb Chapel Rd,412,Closed,"Tip line call, caller hung up"
 CC-39941 ,"EVANS, G",f,17,2025-09-18,405 Camp Wisdom Rd,B-326,CLOSED,Witness can be reached at 214.555.2262; possibly linked to CC-94342
 CC-44936 ,"RODRIGUEZ, V",M,18,1992-04-12,7879 Camp Wisdom Rd,Beat 157,CLEARED,"Walk-in tip, declined to give contact"
CC-97003,"webb, v",Male,16,1992-10-26,8275 FERGUSON RD,202,OPEN,cb: (214) 555-5827
CC-45681,"WILSON, C",m,14,1998-01-10,7638 Ledbetter Dr,157,OPEN,Witness can be reached at 214-555-9813
CC-53176,"EVANS, K",F,24,"April 6, 1982",2914 Webb Chapel Rd,625,CLOSED,No callback number given
CC-89331,"OKAFOR, P",M,38,01/09/2021,8974 Ferguson Rd,555,OPEN,Witness can be reached at 214.555.8904; possibly linked to CC-91366
CC23736,"Herrera, S",M,22,,8820 Jefferson Blvd,651,CLOSED,"Anonymous tip, callback (214) 555-0593, said they saw a dark sedan"
CC-95242,"DELGADO, N",M,22,09/27/2014,4061 MARSALIS AVE, 359 ,CLSD,"Neighbor reported shots, no name, no number"
cc-54783,"PATTERSON, A",M,17,1997-10-03,582 Buckner Blvd, 750 ,OPEN,
 CC-37738 ,"CHAVEZ, H",m,999,02/19/2017,9240 Marsalis Ave,Beat 409, OPEN ,"Walk-in tip, declined to give contact"
CC-25156,"nelson, j",Male,30,1984-05-01,8894 Scyene Rd,Beat 215,CLSD,"Walk-in tip, declined to give contact"
CC-46714,"WOODS, G",Female,50,2019-08-09,3645 Ledbetter Dr,Beat 338,Open,Witness can be reached at 214.555.7799
CC-28085,"Perry, P",M,13,3/16/1996,3560 Westmoreland Rd,B-702,Open,No callback number given
 CC-65985 ,"BROOKS, H",MALE,40,1993-07-14,823 Bonnie View Rd, 418 ,OPEN,Witness can be reached at 214.555.4436
CC-11827,"  TUCKER, C ",unk,27,2021-09-16,2225 LANCASTER RD,B-517,OPN,No callback number given
CC-96088,"JENKINS, T",F,38,2006-12-23,7048 Bonnie View Rd,315,Open,
CC-80469,"PERRY, L",M,58,2019-12-21,1058 Lake June Rd,B-629,CLEARED,"Tip line call, caller hung up"
CC-57199,"reyes, f",F,17,1993-06-19,5756 Harry Hines Blvd,B-629,CLOSED,"Tip line call, caller hung up"
CC-98199,"Murphy, S",Male,52,"July 28, 1984",3623 Kiest Blvd,612,CLOSED,"Anonymous tip, callback (214) 555-4429, said they saw a dark sedan"
CC-79153,"WILSON, D",U,23,1993-08-20,635 Fair Oaks Ave,B-553,closed,Caller left callback 214-555-6844
CC-48067,"MARSH, K",F,48,2023-10-18,8402 Scyene Rd, 451 ,OPEN,Caller left callback 214.555.2339
CC-34784,"SANDERS, F",M,56,08/15/2001,7423 Ferguson Rd,157,Closed,Caller left callback (214) 555-5598
CC-48204,"medina, e",F, 30 ,2001-05-02,6960 JEFFERSON BLVD,B-150,CLOSED,cb: 214.555.1270
case_id,victim_name,sex,age,incident_date,address,beat,status,tip_notes
CC-48611,"RICHARDSON, H",M,47,2012-01-10,5636 HARRY HINES BLVD,247,OPEN,Witness can be reached at 214.555.9927
CC-12006,"WOODS, T",M,40,09/15/2011,956 Illinois Ave,beat 555,CLOSED,"Anonymous tip, callback (214) 555-9183, said they saw a dark sedan"
CC-64097,"Porter, E",M,11,2004-10-19,6084 Jefferson Blvd,121, OPEN ,cb: 214-555-2496
CC-81718,"WALKER, M",M,37,1994-08-29,9011 Ferguson Rd,630,CLOSED,"Walk-in tip, declined to give contact"
 CC-66838 ,"BELL, L",M,27,03/13/1987,3730 Ledbetter Dr, 256 ,OPEN,"Anonymous tip, callback (214) 555-4500, said they saw a dark sedan; possibly linked to CC-27526"
CC 33669,"NELSON, T",F,14,"March 11, 1992",4828 Buckner Blvd,B-121,OPEN,"Tip line call, caller hung up"
CC-99127,"reyes, f",M,4,"August 26, 2014",7041 FERGUSON RD,328,CLOSED,possibly linked to CC-18186
CC-91432,"HAWKINS, J",M,13,2004-06-17,2500 LANCASTER RD,B-242,CLEARED,"Tip line call, caller hung up"
CC-86298,"  HENDERSON, L ",M,45,05/20/2023,6629 Fair Oaks Ave,430,CLOSED,"Tip line call, caller hung up"
CC70420,"SCOTT, K",M,3,8/22/2016,2566 Military Pkwy,Beat 152,CLSD,Witness can be reached at (214) 555-0491
CC31143,"Robinson, H",m,45,2004-01-24,109 HARRY HINES BLVD,beat 629,OPEN,cb: 214.555.1890
CC-68947,"TURNER, V", M,24,1987-12-28,6670 Military Pkwy,553,CLOSED,
CC-36587,"MILLER, H",F,17,05/22/2012,9680 Royal Ln,409,closed,"Walk-in tip, declined to give contact"
CC-28120,"BELL, C",M,32,1998-10-23,2848 Harry Hines Blvd,505,open,"Anonymous tip, callback (214) 555-8236, said they saw a dark sedan"
CC-12348,"EVANS, G",MALE,17,1990-11-08,2197 KIEST BLVD,242,CLOSED,"Tip line call, caller hung up"
CC-97368,"  MARTIN, E ",F,64,1981-09-14,8798 Scyene Rd,625,CLOSED,Witness can be reached at 214-555-3804
CC-77713,"baker, e",M,14,01/03/1987,7636 Royal Ln,359,OPEN,
CC-44073,"edwards, m",m,60,"June 24, 2014",7684 Westmoreland Rd,359,CLOSED,possibly linked to CC-77996
CC-25825,"Lewis, M",F,28,1997-03-08,1132 Royal Ln,409, OPEN ,Witness can be reached at 214.555.3103
CC-97913,"  LONG, R ",MALE,30,1989-06-25,7082 Westmoreland Rd,526,CLOSED,Caller left callback 214.555.7800; possibly linked to CC-19700
CC-59029,"DAVIS, S",m,24,"September 29, 1997",5453 Singleton Blvd,B-315,OPEN,
CC 57437,"ROBINSON, J",F,31,"February 15, 2013",1760 Greenville Ave, 152 ,CLOSED,Caller left callback 214-555-1438
CC 60476,"Banks, T", M,36,"March 9, 1992",7492 Military Pkwy,651,CLOSED,Witness can be reached at 214-555-1643
CC-48723,"HUGHES, P",f,29,1995-01-21,5437 Harry Hines Blvd,,CLOSED,"Anonymous tip, callback 214-555-2552, said they saw a dark sedan"
CC-40961,"DOUGLAS, C",F,53,1989-06-08,8518 WEBB CHAPEL RD,430,CLSD,Witness can be reached at 214-555-1698
CC-97623,"LANE, D",M,-1,"September 14, 1992",2931 Buckner Blvd,741,Closed,"Anonymous tip, callback (214) 555-8205, said they saw a dark sedan"
CC-55740,"JAMES, R", M,12,1981-03-10,6577 Elm St,517,CLOSED,Caller left callback (214) 555-0679; possibly linked to CC-16631
CC-59173,"Henderson, J",F, 31 ,1993-06-16,2161 Bonnie View Rd,335,CLOSED,Caller left callback 214.555.4210
CC-73542,"  WHITE, K ",M,40,2004-06-20,2477 Harry Hines Blvd,234,CLOSED,"Walk-in tip, declined to give contact"
CC 33967,"PAYNE, F",M,34,"October 12, 1996",9398 Jefferson Blvd, 724 ,CLEARED,"Anonymous tip, callback 214.555.1960, said they saw a dark sedan"
CC56084,"HUGHES, C",M,47,1989-05-20,2374 Greenville Ave,501,CLOSED,"Anonymous tip, callback 214.555.7092, said they saw a dark sedan"
CC20398,"WOODS, D",M,30,4/24/2003,5392 Camp Wisdom Rd,328,CLOSED,"Tip line call, caller hung up"
 CC-64474 ,"SANDERS, M",M, 32 ,,6453 Buckner Blvd,B-457,CLSD,Caller left callback 214-555-6838
CC-80092,"Nguyen, W",U,50,2022-05-16,2402 SINGLETON BLVD
CC-42124,"DOUGLAS, E",Male,23,07/14/1994,5720 Camp Wisdom Rd,215,CLOSED,"Tip line call, caller hung up"
CC-47904,"COLEMAN, B",m,26,10/12/2024,6868 Marsalis Ave,430,closed,possibly linked to CC-41292
CC-80384,"Phillips, A",M,37,07/30/2011,2810 LEDBETTER DR,Beat 241,CLOSED,Witness can be reached at 214-555-2223; possibly linked to CC-10441
CC-11577,"Carter, F",F,51,05/12/1987,4950 Jefferson Blvd,beat 303,closed,Witness can be reached at 214.555.8969
 CC-22140 ,"ADAMS, D",M,28,04/13/2012,7523 Bonnie View Rd,702,CLOSED,No callback number given
CC-19561,"HOWARD, T",M,0,2007-03-11,2352 ROYAL LN,612,OPEN,"Neighbor reported shots, no name, no number"
CC-65696,"Scott, F",m,26,2014-10-01,2347 Singleton Blvd,B-457,CLOSED,"Neighbor reported shots, no name, no number"
CC-69775,"NAVARRO, K",M,17,10/10/2008,1923 Bonnie View Rd,beat 133,CLOSED,Witness can be reached at (214) 555-0749
CC-11119,"ORTIZ, T",M, 6 ,2018-02-07,2060 Illinois Ave,beat 354,OPEN,cb: 214-555-5385; possibly linked to CC-48723
CC-15763,"RUIZ,  L",Male,13,07/24/2023,7634 Marsalis Ave,505,OPEN,"Anonymous tip, callback 214-555-2220, said they saw a dark sedan"
CC-83191,"ADAMS, S",M,30,1983-12-28
cc-14608,"WILLIAMS, E",F,-1,2005-09-05,9322 Singleton Blvd,717,OPEN,possibly linked to CC-28182
CC74898,"  DIXON, D ",F, 19 ,1983-09-04,1515 SCYENE RD,457,CLOSED,cb: 214-555-2921; possibly linked to CC-39570
CC-36740,"GRANT, E",Male,0,"November 28, 2010",7532 Scyene Rd,Beat 457,Open,"Tip line call, caller hung up"
CC-78802,"MORALES, N",M,42,2001-04-08,9399 Royal Ln,529,CLOSED,"Anonymous tip, callback 214-555-7211, said they saw a dark sedan"
cc-64002,"HALL, F",MALE,8,2023-09-08,4065 Webb Chapel Rd,119,CLOSED,
CC-83819,"FORD, T",M,28,1991-01-32,3357 Fair Oaks Ave,150,CLOSED,"Neighbor reported shots, no name, no number"
CC-39846,"douglas, m",M,29,06/20/2002,1740 Harry Hines Blvd,beat 438,OPEN,possibly linked to CC-96669
CC-39513,"miller, a",M,14,05/08/1995,667 Elm St,338,CLOSED,Caller left callback 214.555.8025; possibly linked to CC-55774
cc-39337,"SANDERS, S",M,51,05/25/2010,1081 Bonnie View Rd,beat 724,OPEN,Witness can be reached at (214) 555-7110
CC-65078,"SANDERS, A",M,42,"February 10, 1989",8190 Fair Oaks Ave,202,OPEN,"Anonymous tip, callback 214.555.2425, said they saw a dark sedan; possibly linked to CC-63348"
 CC-70873 ,"Tucker, A",M,33,1991-06-17,7807 Marsalis Ave,beat 234,,possibly linked to CC-30342
CC-41048,"  WILLIAMS, G ",M,37,2018-08-07,4656 Buckner Blvd,216,closed,"Walk-in tip, declined to give contact"
CC-48784,"KING, B",M,30,1988-04-13,2327 Military Pkwy,335,CLEARED,"Tip line call, caller hung up"
CC-33669,"NELSON, T",F,14,03/11/1992,4828 Buckner Blvd,B-121,OPEN,No callback number given
CC-21729,"DAVIS,  T",F,17,12/13/1982,9628 Bonnie View Rd,412,CLOSED,
 CC-49012 ,"ROBINSON, S",M,25,"December 17, 1985",2383 Larkmoor Ln,717,Closed,"Anonymous tip, callback 214.555.8764, said they saw a dark sedan"
 CC-41147 ,"  TRAMMELL, D ",M,44,1994-05-16,8566 Lancaster Rd,750,CLOSED,Witness can be reached at (214) 555-6989
CC-17193,"WARD, C",MALE,43,"January 8, 2003",6884 Royal Ln,,OPEN,Witness can be reached at 214.555.3157
CC-65672,"  WALLACE, D ",M,58,2005-03-29,6757 Harry Hines Blvd,630,CLOSED,"Anonymous tip, callback 214-555-5787, said they saw a dark sedan; possibly linked to CC-78089"
CC-81635,"  CARTER, B ",M,12,2008-01-18,9091 Webb Chapel Rd,438,OPN,possibly linked to CC-64887
CC-96310,"FOSTER, W",M,22,1991-10-01,6352 Ledbetter Dr,247,CLOSED,
CC-33932,"WILSON, T",M,42,1997-12-15,1922 Webb Chapel Rd,Beat 157,CLOSED,No callback number given
CC-12410,"Douglas, N",M,36,1986-05-06,783 Lake June Rd,612,CLOSED,"Walk-in tip, declined to give contact"
CC-18402,"ELLIS, W",M,43,2012-07-11,4306 Lake June Rd,beat 457,CLEARED,cb: (214) 555-5174
 CC-79081 ,"CARTER, A",Female,43,2022-10-06,8041 Royal Ln,B-242,CLOSED,"Tip line call, caller hung up"
CC-99696,"WILSON, W",Female, 42 ,03/21/1997,3292 BUCKNER BLVD,beat 724,Closed,Caller left callback 214.555.0830
 CC-68861 ,"torres, n",M,33,1989-09-16,8299 Lancaster Rd,Beat 157,CLOSED,Witness can be reached at 214-555-9456
CC-27682,"mendoza, k",M, 22 ,"November 30, 2024",7032 HARRY HINES BLVD,631,Closed,Caller left callback 214.555.0276
CC-25949,"WALKER, H",m,6,2005-11-20,3187 Military Pkwy,133,CLEARED,Caller left callback (214) 555-2301
cc-55318,"GREEN, W",Male,45,1997-01-18,6234 Camp Wisdom Rd,326,CLOSED,"Walk-in tip, declined to give contact"
CC-65354,"smith, n",M,32,2007-02-07,8817 Lake June Rd,121,CLOSED,
CC-40626,"  BANKS, G ",M,54,2010-11-18,7388 Marsalis Ave,,OPEN,Witness can be reached at 214-555-9252
CC-59254,"THOMAS, S",M,20,"February 11, 2004",8579 Illinois Ave,Beat 202,CLOSED,Witness can be reached at 214-555-0013
CC-34869,"BOOKER,  G",M,29,1991-12-25,2764 Camp Wisdom Rd,beat 612,CLSD,"Neighbor reported shots, no name, no number"
CC-45933,"JENKINS, S", M,39,2002-07-31,8994 Scyene Rd,724,CLOSED,Witness can be reached at (214) 555-1492
CC-60750,"  BOOKER, M ",M, 46 ,6/21/2019,3413 Ferguson Rd,247,OPEN,cb: 214.555.7492
cc-59376,"Sullivan, T",F,33,1/11/1987,1100 Larkmoor Ln,247,Open,No callback number given
CC-23526,"garner, e",female, 35 ,2008-03-09,3909 Fair Oaks Ave,256,CLOSED,No callback number given
CC-67697,"ross, w",f, 29 ,11/5/2022,2932 WESTMORELAND RD,,CLOSED,"Walk-in tip, declined to give contact"
CC-95987,"TRAMMELL, N",M,26,3/29/2020,3084 Marsalis Ave,B-412,Closed,"Anonymous tip, callback 214.555.9346, said they saw a dark sedan; possibly linked to CC-90949"
CC-59424,"OSEI, E",f,38,2010-07-15,5886 Greenville Ave,246,CLOSED,cb: (214) 555-5396; possibly linked to CC-89437
CC-87994,"NGUYEN,  F",female,29,2024-04-11,7427 Buckner Blvd,Beat 526,OPEN,Witness can be reached at (214) 555-2931
CC67754,"EVANS, W",F,32,2024-02-28,6613 Harry Hines Blvd,,CLOSED,possibly linked to CC-88440
CC 34245,"PRICE, G",m,38,02/18/1986,520 Elm St,Beat 328,CLSD,"Neighbor reported shots, no name, no number"
 CC-48221 ,"jordan, d",M, 37 ,2006-10-31,1582 Singleton Blvd,217,CLOSED,Witness can be reached at 214.555.3448
CC 21575,"ALVAREZ, S",F,6,03/04/2019,193 LEDBETTER DR,550,CLOSED,Witness can be reached at (214) 555-4517
CC-72962,"PERRY, H",F,23,1984-01-05,2794 Lancaster Rd,754, OPEN ,cb: 214.555.3927
CC-15194,"Spencer, A",M,42,1992-06-25,6533 FAIR OAKS AVE,629,OPEN,cb: (214) 555-2531
CC44093,"SPENCER, T",M,9,13/12/2023,7354 Westmoreland Rd,beat 555,closed,
cc-62264,"WEBB, E",F,35,2002-11-03,2333 Greenville Ave,219,OPEN,
CC-38612,"GRAHAM, W",M,23,"April 6, 1993",7988 Bonnie View Rd,beat 157,CLEARED,"Neighbor reported shots, no name, no number"
CC51645,"RODRIGUEZ, J",F,43,1988-01-07,3702 ILLINOIS AVE,B-555,OPEN,No callback number given
cc-60750,"booker, m",m, 46 ,2019-06-21,3413 FERGUSON RD,247,OPN,cb: (214) 555-7492
CC-65604,"johnson, b",Male,34,01/31/1994,3855 Jefferson Blvd,Beat 119,CLOSED,No callback number given
CC-51281,"TORRES, N",M, 43 ,"August 24, 2004",3027 WESTMORELAND RD,455,CLOSED,Witness can be reached at (214) 555-3488; possibly linked to CC-80860
CC-25404,"marsh, b",M,26,2005-11-29,9683 JEFFERSON BLVD, 517 ,CLOSED,Caller left callback (214) 555-0004; possibly linked to CC-24602
CC 28425,"PARKER, F",F,31,9/12/2001,332 ELM ST,,CLEARED,Caller left callback 214.555.9726
CC-76481,"REYES, A",U,42,2021-05-23,3861 Scyene Rd,717,Closed,"Anonymous tip, callback 214-555-1635, said they saw a dark sedan"
CC 75715,"PRUITT, G",M,32,03/28/1995,2917 Westmoreland Rd,, OPEN ,
CC-26237,"ADAMS, W",Male,11,1990-12-17,7173 Singleton Blvd,beat 702,CLSD,Caller left callback 214-555-4333
CC-93054,"  JORDAN, R ",M,25,07/27/1997,7193 Ferguson Rd,Beat 153,OPEN,
cc-63757,"JAMES, C",M,15,12/16/2016,2963 Singleton Blvd,724,open,"Tip line call, caller hung up"
CC-39369,"Cruz, L",MALE,10,2024-04-28,812 Bonnie View Rd,438,CLOSED,"Neighbor reported shots, no name, no number"
CC-70645,"WOODS, V",M,16,1991-12-30,6242 Greenville Ave,B-724,CLOSED,"Anonymous tip, callback 214.555.3838, said they saw a dark sedan"
CC-78261,"CALDWELL, S",M,,08/29/1995,5914 Jefferson Blvd,121,OPEN,cb: (214) 555-7957
CC-96344,"ROBINSON, M", M, 35 ,1992-02-07,2550 Kiest Blvd,418,OPEN,
cc-30677,"GIBSON, H",f,39,2014-03-26,7509 Ferguson Rd,beat 328,CLOSED,No callback number given
CC-97538,"Banks, R",M,13,1987-06-09,8255 LANCASTER RD, 651 ,OPEN,"Anonymous tip, callback 214-555-4013, said they saw a dark sedan; possibly linked to CC-24922"
cc-28580,"PHILLIPS,  G",F,25,2009-06-10,8730 Royal Ln,Beat 338,CLOSED,"Anonymous tip, callback 214.555.3099, said they saw a dark sedan"
CC-41219,"trammell, d",F,55,2015-01-31,3546 Singleton Blvd,,CLSD,
CC-28025,"ramirez, l",M,33,1998-06-26,2821 Scyene Rd,B-202, OPEN ,"Anonymous tip, callback (214) 555-2634, said they saw a dark sedan; possibly linked to CC-40868"
case_id,victim_name,sex,age,incident_date,address,beat,status,tip_notes
 CC-42773 ,"ALVAREZ, L",F,49,04/02/1989,6591 Camp Wisdom Rd,Beat 717,CLOSED,Witness can be reached at (214) 555-6790
CC-46401,"  PRICE, T ",M,27,1989-03-03,6711 Larkmoor Ln,409,OPEN,Witness can be reached at 214.555.2019; possibly linked to CC-37556
CC 70040,"HAWKINS,  W",MALE, 22 ,2012-04-24,4808 Scyene Rd,241,OPN,"Anonymous tip, callback (214) 555-4062, said they saw a dark sedan"
CC-41273,"WASHINGTON, A",M,40,1993-07-09,2661 Kiest Blvd,beat 631,CLOSED,
cc-54758,"nguyen, f",Male,18,1994-02-18,1542 Harry Hines Blvd,521,OPEN,Witness can be reached at 214.555.8966
CC-51084,"Trammell, C", M,6,2010-08-29,201 Webb Chapel Rd,B-217,closed,"Tip line call, caller hung up"
CC-48221,"JORDAN, D",M, 37 ,"October 31, 2006",1582 Singleton Blvd,217,CLOSED,"Anonymous tip, callback 214-555-3448, said they saw a dark sedan"
CC83124,"PRUITT, W",MALE,34,1995-08-14,881 KIEST BLVD,121,open,
CC-89154,"Espinoza, P",M,36,"November 14, 1987",229 Fair Oaks Ave,B-157,CLOSED,"Anonymous tip, callback (214) 555-9501, said they saw a dark sedan"
cc-18565,"WALKER, P",M,-1,10/13/2008,1118 Larkmoor Ln,315,CLOSED,"Anonymous tip, callback 214-555-9939, said they saw a dark sedan"
CC-66540,"ADAMS, C",m,34,03/26/1984,8006 Kiest Blvd,B-625,CLOSED,No callback number given
CC-52804,"CALDWELL, C",M,35,2011-05-28,4333 Illinois Ave,Beat 121,OPEN,"Tip line call, caller hung up"
CC-22553,"smith, b",m,31,2012-04-01,4389 Marsalis Ave,246,Closed,cb: (214) 555-0078
CC-13370,"MITCHELL, F",F,26,2022-05-18,4311 Royal Ln,553,OPEN,possibly linked to CC-96840
CC-84700,"ROSS, L",F,27,2018-05-28,5289 Camp Wisdom Rd,Beat 152,OPEN,Caller left callback 214-555-3849; possibly linked to CC-30303
CC-64090,"fields, c",M,26,2019-02-08,4659 Greenville Ave, 702 ,OPEN,possibly linked to CC-95463
CC-92394,"Delgado, H",M,19,1993-07-19,3150 Marsalis Ave, 517 ,OPEN,Caller left callback (214) 555-6307; possibly linked to CC-79073
CC-10820,"RUIZ,  N",M,25,2/14/1995,832 Scyene Rd, 420 ,closed,"Walk-in tip, declined to give contact"
CC-77713,"baker, e",M,14,01/03/1987,7636 Royal Ln,359,OPEN,"Neighbor reported shots, no name, no number"
,"  RAMIREZ, B ",M,59,12/23/1999,1704 Military Pkwy,242,CLOSED,possibly linked to CC-45462
CC-83086,"HOWARD, E", M, 15 ,2025-12-05,4241 MARSALIS AVE,429,OPEN,"Walk-in tip, declined to give contact"
CC 23500,"TRAMMELL, M",F,29,1981-05-30,3126 ELM ST,241,CLOSED,Caller left callback 214.555.5662
CC-68205,"baker, b",M,15,2004-11-02,7673 Kiest Blvd,326,open,possibly linked to CC-41162
CC62453,"henderson, b",M,32,"July 11, 1990",7755 MARSALIS AVE,Beat 625,CLEARED,"Neighbor reported shots, no name, no number"
CC-43468,"RIVERA, K",M,57,"June 14, 1993",1294 Buckner Blvd,501,CLEARED,
CC-90571,"WALKER,  S",M,24,1994-06-13
CC-73922,"Chavez, M",M, 42 ,"June 4, 1983",7840 WESTMORELAND RD,439,CLOSED,Caller left callback 214-555-1281
CC-32492,"TURNER, C",M,33,6/30/1988,9041 LAKE JUNE RD,Beat 133,closed,No callback number given
cc-46810,"harris, d",f,40,1998-01-12,3811 Lancaster Rd,328,CLEARED,"Walk-in tip, declined to give contact"
CC-97331,"MORALES, N",M,32,2009-01-30,8252 SINGLETON BLVD,B-420,Closed,Witness can be reached at 214-555-8874
CC-73161,"HALL, L",Male,27,2009-06-21,8465 Larkmoor Ln,754, OPEN ,possibly linked to CC-65986
CC-67660,"EDWARDS, S", M,30,1981-01-09,7423 CAMP WISDOM RD,B-455,CLOSED,"Tip line call, caller hung up"
CC-33625,"walker, k",m,27,"April 24, 2000",9773 Elm St,152,closed,Witness can be reached at (214) 555-0247; possibly linked to CC-10256
CC-30677,"GIBSON, H",F,39,2014-03-26,7509 Ferguson Rd,beat 328,CLSD,"Neighbor reported shots, no name, no number"
CC17481,"RAMOS, S",M,28,"July 4, 2022",3757 Fair Oaks Ave, 754 ,OPEN,Witness can be reached at 214.555.0128
CC-69358,"Garcia, G",F,32,2013-10-15,5364 MARSALIS AVE,beat 315,Open,No callback number given
CC-39135,"simmons, h",M,53,1991-08-18,4367 Harry Hines Blvd,550,CLOSED,"Anonymous tip, callback (214) 555-2158, said they saw a dark sedan"
CC-80384,"PHILLIPS, A",M,37,2011-07-30,2810 Ledbetter Dr,Beat 241,CLEARED,cb: 214.555.2223; possibly linked to CC-10441
CC-95214,"RAMOS,  J",M,25,"October 28, 1984",2173 Marsalis Ave,242,CLOSED,
CC-59386,"SCOTT, A",M,38,08/06/2019,876 Bonnie View Rd,526, OPEN ,"Anonymous tip, callback 214.555.0238, said they saw a dark sedan"
CC-22350,"DIXON, J",F,40,10/19/1987,7773 Greenville Ave,121,CLOSED,cb: (214) 555-0340
CC-18565,"  WALKER, P ",M,-1,2008-10-13,1118 LARKMOOR LN,315,CLOSED,"Anonymous tip, callback (214) 555-9939, said they saw a dark sedan"
CC-63916,"KING, N",M, 35 ,03/08/1993,7982 Singleton Blvd,303,CLOSED,cb: (214) 555-1165
CC-24953,"Wells, P",M,31,2020-07-31,8502 Marsalis Ave,152,CLSD,"Tip line call, caller hung up"
CC-93810,"MCCOY, J",M,22,09/29/1985,2464 Harry Hines Blvd,256,CLOSED,"Anonymous tip, callback 214-555-1988, said they saw a dark sedan"
CC-93619,"PORTER, R",female, 52 ,12/22/2016,1419 Military Pkwy,Beat 133,CLOSED,Caller left callback (214) 555-5418
CC-49231,"NGUYEN, B",F, 46 ,2020-10-10,8532 FAIR OAKS AVE,717,OPEN,
CC-82135,"GARNER,  T", M,34,"December 15, 2022",9151 Buckner Blvd, 629 ,open,
CC-22087,"GARCIA, J",Female,47,05/03/1998,1870 WESTMORELAND RD, 455 ,Open,"Anonymous tip, callback 214-555-7328, said they saw a dark sedan"
CC-39108,"SANCHEZ, J",M,11,"March 4, 2018",7476 Scyene Rd,Beat 234,CLEARED,"Tip line call, caller hung up"
cc-65034,"fields, t",m, 42 ,09/15/2023,4749 Illinois Ave,625,OPN,"Tip line call, caller hung up"
CC-82135,"garner, t",M,34,2022-12-15,9151 Buckner Blvd, 629 ,OPEN,"Neighbor reported shots, no name, no number"
CC-91777,"DIXON, C", M,48,"December 27, 2020",5854 LAKE JUNE RD,439,CLOSED,
CC-36407,"HARRIS, G",M,39,08/07/1993,9951 Kiest Blvd,420,OPEN,"Tip line call, caller hung up"
CC40066,"MALONE, E",Male,53,"May 27, 2025",7148 Ledbetter Dr, 242 , OPEN ,"Tip line call, caller hung up"
CC-22539,"CHAVEZ, C",Female,33,"April 27, 1990",5711 Larkmoor Ln,Beat 215,CLOSED,"Walk-in tip, declined to give contact"
CC48404,"BAKER, A",MALE,5,1998-06-29,1814 Camp Wisdom Rd,241,OPEN,"Anonymous tip, callback (214) 555-2895, said they saw a dark sedan"
CC 67771,"RUIZ, H", M,30,06/24/2020,1953 Kiest Blvd,326,CLSD,"Tip line call, caller hung up"
CC-63509,"JAMES, V",F, 25 ,2014-12-02,621 Scyene Rd,354,CLOSED,Witness can be reached at (214) 555-8641
CC-23797,"OWENS,  D",M,45,1994-12-01,8095 FERGUSON RD,717,CLOSED,"Anonymous tip, callback (214) 555-4495, said they saw a dark sedan"
CC-86399,"EVANS, C",M,0,2023-10-09,669 Bonnie View Rd,629,OPEN,Witness can be reached at 214-555-0922
 CC-44470 ,"castillo, d",M,18,01/11/2009,8211 Lancaster Rd,624,Closed,"Neighbor reported shots, no name, no number"
 CC-82780 ,"NELSON, K",M,28,10/13/2009,6713 JEFFERSON BLVD,,CLOSED,possibly linked to CC-24433
CC-33017,"PRUITT,  K", M, 36 ,1991-05-07,8684 Kiest Blvd,B-457,CLEARED,"Anonymous tip, callback 214.555.3832, said they saw a dark sedan; possibly linked to CC-25190"
CC-10820,"RUIZ, N",Male,25,1995-02-14,832 Scyene Rd, 420 ,CLOSED,"Walk-in tip, declined to give contact"
CC-21656,"MARTINEZ, C",M,30,8/22/1994,1595 Illinois Ave,Beat 519,CLOSED,Caller left callback 214-555-3496
CC-66584,"SULLIVAN, D",female,38,"April 28, 2006",1067 WEBB CHAPEL RD,550,CLOSED,Witness can be reached at (214) 555-4407
cc-67803,"  MILLER, V ",M,16,12/6/2000,2975 Ferguson Rd,418,CLOSED,"Anonymous tip, callback 214.555.4598, said they saw a dark sedan"
CC-98817,"OKAFOR, K",M,39,03/28/1982,6637 Bonnie View Rd,Beat 420,OPEN,
CC-84251,"ruiz, j",Female, 18 ,4/26/2023,8902 Elm St,354,OPEN,cb: 214-555-3831
CC-28580,"PHILLIPS, G",Female,25,2009-06-10,8730 ROYAL LN,Beat 338,closed,Caller left callback (214) 555-3099
CC-14608,"WILLIAMS, E",F,-1,09/05/2005,9322 Singleton Blvd,717,OPEN,possibly linked to CC-28182
CC 70087,"PHILLIPS, V",M,28,1991-09-30,8080 Camp Wisdom Rd,241,OPN,
CC-42431,"LEWIS, L",m,15,09/17/2022,773 Singleton Blvd,651,Open,No callback number given
CC-68991,"  YOUNG, V ",M,21,1991-09-24,1098 Harry Hines Blvd,Beat 412,closed,
CC-60052,"  CASTILLO, C ",M,36,1996-07-10,6566 Kiest Blvd,241,CLOSED,cb: (214) 555-5212
CC-72630,"TURNER, N",M,26,1993-06-24,4722 Lancaster Rd,242,closed,possibly linked to CC-41001
CC-47263,"  OKAFOR, F ",F,25,1997-04-01,7303 Fair Oaks Ave,457,Closed,"Tip line call, caller hung up"
CC-32057,"PHILLIPS, J", M,40,2015-11-23,7927 Royal Ln,153,CLEARED,cb: 214.555.0891
CC-85073,"PHILLIPS, F",M,41,"September 10, 1999",3635 Lancaster Rd,354,Closed,
CC 96344,"ROBINSON, M",M, 35 ,2/7/1992,2550 Kiest Blvd,418,OPEN,"Tip line call, caller hung up"
CC-84458,"  ROBINSON, A ",M,21,N/A,2881 Camp Wisdom Rd, 630 ,Closed,"Neighbor reported shots, no name, no number"
CC-45146,"Thompson, E",M,33,"November 9, 2018",3690 LAKE JUNE RD,717,open,Caller left callback (214) 555-5943
CC22250,"tucker, m",M, 38 ,1994-06-03,8314 Camp Wisdom Rd,505,CLSD,cb: 214-555-6588
CC-98883,"long, t",U,36,05/11/1994,6461 MARSALIS AVE,338,CLOSED,"Anonymous tip, callback 214.555.1768, said they saw a dark sedan; possibly linked to CC-80054"
CC-92858,"HENDERSON, H",MALE,19,2019-11-08,8107 CAMP WISDOM RD,beat 750,open,cb: 214-555-1573
CC-37374,"ROBINSON, V",M,23,1986-03-18,9824 Camp Wisdom Rd,152,CLOSED,Caller left callback (214) 555-2841
CC28925,"WALLACE, E",m,36,2/20/1999,7860 Royal Ln,beat 150,closed,"Neighbor reported shots, no name, no number"
CC-73232,"Sims, G",F,8,1982-02-13,7487 Harry Hines Blvd,529,CLEARED,"Anonymous tip, callback 214-555-5794, said they saw a dark sedan"
CC-54428,"COLLINS, D",M,14,"July 15, 2011",8120 Harry Hines Blvd,335,OPEN,Caller left callback 214.555.9323
CC-10234,"RAMIREZ, D",m,22,2013-01-02,1440 Lancaster Rd,Beat 457,CLOSED,cb: 214.555.8506
CC-38832,"Woods, S",M, 31 ,1999-10-02,5936 Lancaster Rd,303,CLOSED,cb: (214) 555-5729
CC-64599,"Richardson, R",F, 28 ,09/23/2001,8764 LEDBETTER DR,beat 612,CLOSED,"Tip line call, caller hung up"
CC-82230,"Espinoza, W",M,33,1989-06-09,5236 LEDBETTER DR,B-133,closed,possibly linked to CC-96586
CC-79649,"ALVAREZ, F",M,22,2018-10-17,502 Ledbetter Dr,519,CLOSED,"Anonymous tip, callback (214) 555-0237, said they saw a dark sedan"
CC-68916,"HALL,  L",M,21,2024-05-14,9616 GREENVILLE AVE,B-315,OPEN,"Tip line call, caller hung up"
cc-22965,"OSEI, F",M,,1996-10-10,1617 Fair Oaks Ave,Beat 555,CLEARED,"Walk-in tip, declined to give contact"
cc-53440,"  CARTER, S ",Male,42,1996-04-28,794 Marsalis Ave,152,OPN,"Tip line call, caller hung up"
CC-72557,"WARD, N",F,33,1992-08-24,7456 Bonnie View Rd,beat 234,CLOSED,"Anonymous tip, callback 214-555-3462, said they saw a dark sedan"
CC-95242,"DELGADO, N", M,22,2014-09-27,4061 Marsalis Ave, 359 ,CLOSED,"Tip line call, caller hung up"
 CC-73449 ,"Trammell, M",F,40,2000-05-21,641 Scyene Rd,429,CLSD,possibly linked to CC-58424
cc-44646,"parker, s",M, 25 ,"March 3, 1990",1124 Marsalis Ave,234,Closed,"Walk-in tip, declined to give contact"
CC-77083,"PRUITT, G",Male,28,"November 22, 1992",1497 Harry Hines Blvd,beat 338,closed,
CC72534,"malone, e",m,29,"February 6, 1981",859 GREENVILLE AVE,451,CLOSED,"Anonymous tip, callback 214.555.2816, said they saw a dark sedan"
CC-72739,"GRAHAM, E",MALE,6,2016-12-11,940 Buckner Blvd,,OPEN,Caller left callback (214) 555-0923
CC-27149,"Reed, R",M,50,01/10/2017,2886 Elm St,624,closed,"Walk-in tip, declined to give contact"
 CC-27000 ,"PAYNE, S",M,23,1992-01-09,5898 Harry Hines Blvd,,Open,"Walk-in tip, declined to give contact"
CC-64887,"JENKINS, F",MALE,18,"February 11, 1989",8742 Kiest Blvd,242,CLOSED,"Anonymous tip, callback 214-555-6742, said they saw a dark sedan; possibly linked to CC-36076"
CC-94572,"cruz, w",MALE,24,01/26/1997,2464 Greenville Ave,beat 550,OPEN,
CC-78955,"HERRERA, K", M,45,2015-01-26,8678 Royal Ln,B-713,CLOSED,cb: 214.555.4506
CC-36576,"mitchell, r",M,50,01/14/2012,2062 Military Pkwy,202,open,"Anonymous tip, callback (214) 555-6609, said they saw a dark sedan"
cc-20736,"TUCKER, N",Male,43,10/12/1998,4501 Lake June Rd,624,OPEN,cb: 214.555.1108
CC-63824,"Reed, L",F,13,1988-05-17,291 WESTMORELAND RD, 157 ,CLOSED,cb: 214-555-3033; possibly linked to CC-52017
CC-96321,"Hawkins, B",female,22,3/12/1994,4145 Camp Wisdom Rd,beat 354,CLOSED,"Anonymous tip, callback 214.555.5883, said they saw a dark sedan"
cc-83282,"  PEREZ, F ",Female,40,04/26/2008,8453 ELM ST,420,OPEN,"Anonymous tip, callback (214) 555-1506, said they saw a dark sedan"
CC-25703,"PRUITT, H", M,41,2014-05-02,3913 LEDBETTER DR,beat 555,CLOSED,Witness can be reached at (214) 555-1944
CC77083,"Pruitt, G", M,28,1992-11-22,1497 Harry Hines Blvd,beat 338,CLOSED,
CC55537,"HALL, T",M, 35 ,2/17/2024,8974 Webb Chapel Rd,455,OPEN,"Anonymous tip, callback 214.555.9217, said they saw a dark sedan"
CC14195,"WALLACE, F",M,9,1982-08-12,4602 Lancaster Rd,beat 234,CLOSED,"Tip line call, caller hung up"
CC-97773,"VARGAS, M",M,35,5/6/1997,1450 Lake June Rd,Beat 234,CLOSED,"Anonymous tip, callback 214.555.2180, said they saw a dark sedan"
CC-99882,"LOPEZ, T",M, 30 ,2002-01-09,9676 Fair Oaks Ave,242, OPEN ,"Walk-in tip, declined to give contact"
CC-54975,"THOMPSON, S",M,28,2019-02-20,9595 Camp Wisdom Rd,beat 629,CLOSED,possibly linked to CC-85254
CC-20263,"WATSON, R",M,48,1994-02-01,2535 Military Pkwy,216,closed,
CC-35054,"OKAFOR, F",M,46,2011-07-13,7308 Camp Wisdom Rd,717,closed,"Anonymous tip, callback 214.555.4444, said they saw a dark sedan"
CC-47758,"DIXON, A",Female,29,1986-08-02,6291 Lancaster Rd,beat 750,CLOSED,"Anonymous tip, callback 214.555.7978, said they saw a dark sedan"
CC-85120,"TRAMMELL,  G",M,51,2019-06-24,5485 Fair Oaks Ave,247,Closed,cb: 214-555-3355
CC-88440,"MENDOZA, N",F,22,1997-12-09,6614 Military Pkwy,750,Closed,cb: 214.555.9362
 CC-89331 ,"OKAFOR, P",m,38,2021-01-09,8974 FERGUSON RD,555,OPEN,Witness can be reached at 214.555.8904; possibly linked to CC-91366
cc-65604,"Johnson, B",M,34,1994-01-31,3855 Jefferson Blvd,Beat 119,CLOSED,"Tip line call, caller hung up"
CC-92106,"Collins, C",MALE,27,1989-08-24,115 Harry Hines Blvd,412,CLEARED,"Anonymous tip, callback 214.555.4873, said they saw a dark sedan"
CC-46445,"FLORES, D",m,36,"July 1, 2002",5590 Lake June Rd,754,OPEN,No callback number given
CC 25598,"smith, j",Male,35,05/22/1999,9042 ROYAL LN, 246 ,Closed,"Anonymous tip, callback (214) 555-5434, said they saw a dark sedan; possibly linked to CC-25195"
CC-80394,"payne, a",M,27,1993-04-12,7292 Ferguson Rd,beat 409,CLOSED,"Anonymous tip, callback (214) 555-3181, said they saw a dark sedan"
CC-70845,"HARRIS, R",M,37,"November 16, 2019",5937 Ferguson Rd,215, OPEN ,Caller left callback 214.555.9835
CC-91799,"SMITH, V",M,34,1994-04-27,9541 Camp Wisdom Rd,Beat 517,open,"Anonymous tip, callback 214-555-7186, said they saw a dark sedan"
CC-99871,"WILSON, A",M,7,1995-05-18,7407 Singleton Blvd,246,CLOSED,cb: 214-555-1975; possibly linked to CC-87328
cc-88946,"GOMEZ, B",M,28,1992-12-10,111 WEBB CHAPEL RD,717,CLOSED,"Anonymous tip, callback (214) 555-7140, said they saw a dark sedan"
CC84890,"  TURNER, M ",M, 33 ,04/06/1993,9985 Elm St,519,CLOSED,"Anonymous tip, callback 214-555-6179, said they saw a dark sedan"
CC-47350,"  COLEMAN, T ",M, 32 ,1995-02-10,7336 Elm St,beat 152,Closed,Caller left callback (214) 555-4730; possibly linked to CC-37556
CC93831,"ROBINSON, V",M,35,2001-04-04,9374 Webb Chapel Rd, 241 ,OPEN,
CC16345,"PAYNE, N",m,14,"July 21, 1996",9168 SCYENE RD,B-505,CLOSED,Caller left callback 214.555.0758
CC-304,"KING, A",M,34,10/26/1993,1737 Buckner Blvd, 208 , OPEN ,possibly linked to CC-54940
 CC-65354 ,"  SMITH, N ",M,32,2007-02-07,8817 Lake June Rd,121,CLEARED,
CC-86386,"SIMS, R",F,45,1989-01-15,8108 Ledbetter Dr,354,CLOSED,"Anonymous tip, callback 214-555-0537, said they saw a dark sedan"
CC-94244,"SULLIVAN, W",female,34,02/07/2000,1221 Larkmoor Ln,,CLSD,Witness can be reached at 214.555.2966
CC-93831,"ROBINSON, V",MALE,35,2001-04-04,9374 WEBB CHAPEL RD, 241 ,OPEN,No callback number given
